id_code,diagnosis,path,format,original_mode,height,width,file_bytes,status,error,pixel_sha256,split
000c1434d8d7,2,/content/aptos2019_raw/train_images/000c1434d8d7.png,PNG,RGB,2136,3216,3218676,valid,,77f76f3d8c558c8392dc9045e97b1eb483ae91ee65802521e0e4eb0c68274a94,validation
001639a390f0,4,/content/aptos2019_raw/train_images/001639a390f0.png,PNG,RGB,2136,3216,2261129,valid,,a02b34925247e8d76a6f914897d6b7f38c53db603aeda37fd83a6bce9e126e4d,test
0024cdab0c1e,1,/content/aptos2019_raw/train_images/0024cdab0c1e.png,PNG,RGB,1736,2416,1882172,valid,,3c193fb01d44d7a0488072c996040542ee54b77e0c710182417e1463b09e5e69,train
002c21358ce6,0,/content/aptos2019_raw/train_images/002c21358ce6.png,PNG,RGB,1050,1050,975218,valid,,9810d9c1768d5000cc6d15a0d3dcbbc3bc98a6fad4b24ab29453b5fc459e46e3,train
005b95c28852,0,/content/aptos2019_raw/train_images/005b95c28852.png,PNG,RGB,1536,2048,1819430,valid,,e3a18fa4a56ac67bf8a866e4876ca48258de2236e7f2bdb8e7789b1e9fe3015e,train
0083ee8054ee,4,/content/aptos2019_raw/train_images/0083ee8054ee.png,PNG,RGB,2588,3388,7401201,valid,,c85c001cce5125e8a3ceb4d91b511d46d34faef10e2e94998a0f765c83473ca0,train
0097f532ac9f,0,/content/aptos2019_raw/train_images/0097f532ac9f.png,PNG,RGB,1958,2588,5223375,valid,,f4ad111947e952f4d84683a460d7945850bcdd17334052cbadcb576dfdf88eab,train
00a8624548a9,2,/content/aptos2019_raw/train_images/00a8624548a9.png,PNG,RGB,2136,3216,2515726,valid,,d807680aa2ebbd87db3a3493ea0f7d4c253cc2d5efc2eee632061316282003e6,train
00b74780d31d,2,/content/aptos2019_raw/train_images/00b74780d31d.png,PNG,RGB,1958,2588,5064447,valid,,1857b57f8b75c9ea7645ca19b95f01e56f949977f426a7a1d284ea5a839e32fc,test
00cb6555d108,1,/content/aptos2019_raw/train_images/00cb6555d108.png,PNG,RGB,1736,2416,2021665,valid,,3d6fdd75712fd08b0b19d531092186a315ea7b7876801b43c3699e9ac23a956f,train
00cc2b75cddd,0,/content/aptos2019_raw/train_images/00cc2b75cddd.png,PNG,RGB,1050,1050,901092,valid,,b5e52527d759125768eaa0470dbcb13c351ccf61a189b31a879d3c600c2ed2a4,train
00e4ddff966a,2,/content/aptos2019_raw/train_images/00e4ddff966a.png,PNG,RGB,1736,2416,2235611,valid,,d1f1ef31466c425d84ba3f5f14d263fbed6cca158f5a02c78b5c6e7d9da9d1cd,train
00f6c1be5a33,0,/content/aptos2019_raw/train_images/00f6c1be5a33.png,PNG,RGB,1050,1050,941750,valid,,c8edefa6a8f675866a0de0822cc1d83a76d767c58200b26f30b34d0439a26db8,train
0104b032c141,3,/content/aptos2019_raw/train_images/0104b032c141.png,PNG,RGB,1736,2416,2440864,valid,,d6082342c5d48fb018c165824785667f69c8679d9f3de549c5f59a05b5b1a7b0,train
0124dffecf29,1,/content/aptos2019_raw/train_images/0124dffecf29.png,PNG,RGB,2136,3216,3437954,valid,,606a4365bfe82f28ce394be433d58521db8a0bc3340adf65fcf443e04dbaa6ae,train
0125fbd2e791,0,/content/aptos2019_raw/train_images/0125fbd2e791.png,PNG,RGB,1050,1050,902442,valid,,697c1cdb95add0e9522bbbe59535f378efaa6caedf911037001ee1bd35cb38a1,train
012a242ac6ff,2,/content/aptos2019_raw/train_images/012a242ac6ff.png,PNG,RGB,2136,3216,6140663,valid,,3c42dbb47c521bfee711f2d9cdda7be79090961722e2e1180e8648d3f8109340,train
014508ccb9cb,0,/content/aptos2019_raw/train_images/014508ccb9cb.png,PNG,RGB,614,819,371967,valid,,ce8690a4041738adca2349cd99fe185e41465e8d78b7b34f45cedcf4590772fe,train
0151781fe50b,0,/content/aptos2019_raw/train_images/0151781fe50b.png,PNG,RGB,1536,2048,1900351,valid,,a89b4bfb4078101305409e65cfdb4245c7a05bab4eb599eb0900fbcba92682f7,train
0161338f53cc,2,/content/aptos2019_raw/train_images/0161338f53cc.png,PNG,RGB,1000,1504,1372778,valid,,47e220576dcc1bb3834840debb715c97f244bd50fd530b7f4ec43ac5defe4059,train
0180bfa26c0b,2,/content/aptos2019_raw/train_images/0180bfa26c0b.png,PNG,RGB,1226,1844,560542,valid,,f7a249d4cf531fb2d1770bc13908a0a8cca57763f9a2c1337fb8d9d84122651a,train
0182152c50de,0,/content/aptos2019_raw/train_images/0182152c50de.png,PNG,RGB,1050,1050,824837,valid,,f19674be7c755551ff1376658d6e99b87ca6e1598e6f1fb2a8f3defbf8c91661,validation
01b3aed3ed4c,1,/content/aptos2019_raw/train_images/01b3aed3ed4c.png,PNG,RGB,1736,2416,1975236,valid,,8415b66bb09479f79cbae9acde60b22ff96a0de9d34cd324c2aa9a1b35af9a22,train
01c7808d901d,2,/content/aptos2019_raw/train_images/01c7808d901d.png,PNG,RGB,2848,4288,4199131,valid,,89c238c14a16dc1ef08d11372317cb03ed0e13277fb735ae24583e4e1a290c32,train
01d9477b1171,0,/content/aptos2019_raw/train_images/01d9477b1171.png,PNG,RGB,614,819,322269,valid,,b1eb68aba059a871735e9311e8b6927ff69544d28f6aa6b522a5c64f95e4311a,train
01eb826f6467,2,/content/aptos2019_raw/train_images/01eb826f6467.png,PNG,RGB,1736,2416,1937894,valid,,297c8c5e94d55ed79ac32e61ade4cc2af60bdfb85067977a5825bd37ea21f919,train
01f7bb8be950,0,/content/aptos2019_raw/train_images/01f7bb8be950.png,PNG,RGB,1958,2588,5290554,valid,,9bd289eb4a9d2a197e34d0fb0874c9c8a29ead336730fd3847e7e3c246e012ba,train
0212dd31f623,0,/content/aptos2019_raw/train_images/0212dd31f623.png,PNG,RGB,1050,1050,999997,valid,,f3fd3289e74b52ea07938f95174ae347735b2c9efea3744ae5be6edf4a6b14d9,validation
022f820027b8,0,/content/aptos2019_raw/train_images/022f820027b8.png,PNG,RGB,1536,2048,1934854,valid,,6c8664e92849df1f13d8e0e6cc6b686d69e89cb4df61a122ca08dc17320bac3b,train
0231642cf1c2,0,/content/aptos2019_raw/train_images/0231642cf1c2.png,PNG,RGB,1958,2588,5298953,valid,,da9ad31ce00a272ff452b4c7446e59aec654bac6c113f7ed74c00c79c6133630,validation
0232dfea7547,0,/content/aptos2019_raw/train_images/0232dfea7547.png,PNG,RGB,1050,1050,983391,valid,,90b813f5e6cd4f8249d0a809c16dcb5b2563b87781ff28a560c4ea3a86bd177f,validation
02358b47ea89,0,/content/aptos2019_raw/train_images/02358b47ea89.png,PNG,RGB,1958,2588,5395766,valid,,2fa469655c00997d05e2a2c278117057e43e5e10df464ca503cac080de500d40,train
0243404e8a00,4,/content/aptos2019_raw/train_images/0243404e8a00.png,PNG,RGB,1958,2588,5370947,valid,,6803905d232881b843f1d2abba7dc0f2daf35081a439b7d04ddbd436880ddd78,train
025a169a0bb0,2,/content/aptos2019_raw/train_images/025a169a0bb0.png,PNG,RGB,1050,1050,1060388,valid,,350fdad836e2571c433a80ada48ccf029d86688515b994829773aa13ddfaeafb,test
02685f13cefd,4,/content/aptos2019_raw/train_images/02685f13cefd.png,PNG,RGB,1226,1844,754040,valid,,e0659c064daff841b9a01deac42f4d8000e3f568297158afdedb8e57eea938de,train
026dcd9af143,2,/content/aptos2019_raw/train_images/026dcd9af143.png,PNG,RGB,2136,3216,5357270,valid,,1c860b3ea75b295af9119d1810ea1fea1bfbf1d16ed42d40fd787568faf26ab7,train
02cd34a85b24,0,/content/aptos2019_raw/train_images/02cd34a85b24.png,PNG,RGB,1050,1050,1012507,valid,,08501047dff2502bd76d9e9f0ec42ada65c53a46107aee953ab87e4c4fc1ac26,test
02da652c74b8,0,/content/aptos2019_raw/train_images/02da652c74b8.png,PNG,RGB,1050,1050,938287,valid,,aed9c8238819d241e910e2998b6015e5795edf5f126e7877d63c7cfc054a1044,train
02dda30d3acf,4,/content/aptos2019_raw/train_images/02dda30d3acf.png,PNG,RGB,1958,2588,5328939,valid,,32256a3227087868a89c43a7ad0425a7c98c365e198b0d95cf5d9bfd2862e60f,train
0304bedad8fe,0,/content/aptos2019_raw/train_images/0304bedad8fe.png,PNG,RGB,1050,1050,1019054,valid,,acf230dc31770021eed39efe1a7654967f0cf5cb7bd8800a8e5da7745b4ebccf,train
0318598cfd16,4,/content/aptos2019_raw/train_images/0318598cfd16.png,PNG,RGB,1958,2588,5561733,valid,,41a1276aefe420e3fc6eeb1df1923c06d264d6a6800ceb6ef0176eb90d877edf,train
032d7b0b4bf6,2,/content/aptos2019_raw/train_images/032d7b0b4bf6.png,PNG,RGB,1958,2588,5080043,valid,,2d94f503da6956ba225466bfd103605afb765e550fccfe65045892c35146c4fd,train
033f2b43de6d,2,/content/aptos2019_raw/train_images/033f2b43de6d.png,PNG,RGB,1958,2588,5020058,valid,,855df81ade4e07b8b2b6ded648a6b95037c1fec6be324f8d1f8ccd91ad21d04a,train
034cb07a550f,4,/content/aptos2019_raw/train_images/034cb07a550f.png,PNG,RGB,2136,3216,5966646,valid,,1b9d6d881958f947f4a4b5bcb0a74dc96e6be8b32e6dd16d75a10427f3d22f2a,test
03676c71ed1b,2,/content/aptos2019_raw/train_images/03676c71ed1b.png,PNG,RGB,1050,1050,1022072,valid,,f64b5e1cfc38ba237a45e6b30498f69a4bd41757fda98ed94df0807621845896,train
0369f3efe69b,1,/content/aptos2019_raw/train_images/0369f3efe69b.png,PNG,RGB,2848,4288,6348706,valid,,cb36b1c59d51d18c3cbf2e6fbb490a83f0558fdca1bf283a960551fde87b5c34,train
03747397839f,2,/content/aptos2019_raw/train_images/03747397839f.png,PNG,RGB,2136,3216,2504028,valid,,89e148acb71ad4724b01580f7c6e3a2ce591002af69466f3e3e72d2baf207b43,train
03a7f4a5786f,4,/content/aptos2019_raw/train_images/03a7f4a5786f.png,PNG,RGB,1958,2588,3980427,valid,,d5174eb55f1767f3ac35e93fcad0f49d9d46cc86b6a1ebc315f1a26ef7536212,train
03b373718013,0,/content/aptos2019_raw/train_images/03b373718013.png,PNG,RGB,1050,1050,751586,valid,,7db99ef66a072774c959ac27ab1d1a3b0644ffe5bf37b3c08adaaf8877a2e197,test
03c85870824c,3,/content/aptos2019_raw/train_images/03c85870824c.png,PNG,RGB,1736,2416,2347420,valid,,0d6378d3f849ee150c01f75b5c04902ae26a80035b5019ef4df570bb73a7fed0,train
03e25101e8e8,1,/content/aptos2019_raw/train_images/03e25101e8e8.png,PNG,RGB,1958,2588,4587050,valid,,f72c8531bc4cc59453a56c3ed9700efe0c7fde5295d371547beb57fec025962e,train
03fd50da928d,2,/content/aptos2019_raw/train_images/03fd50da928d.png,PNG,RGB,2588,3388,7202844,valid,,e0545470455ec02f286f57027718ddb2bb4b8a2177cc2bfddd2da43956e4ef1f,train
03ff7d159f10,2,/content/aptos2019_raw/train_images/03ff7d159f10.png,PNG,RGB,2136,3216,2103533,valid,,b0d6e148736f130f28e9ee2542f5b535b5c0962d64d1e276e23ebb2859074980,validation
0415fc68b176,2,/content/aptos2019_raw/train_images/0415fc68b176.png,PNG,RGB,1958,2588,5100910,valid,,6f1eb2f6f5aa42994dbd3130937848e7582fd0bcfd746dca631f2f93e918e644,train
041f09eec1e8,2,/content/aptos2019_raw/train_images/041f09eec1e8.png,PNG,RGB,2136,3216,2765459,valid,,abfd2a2cc458c9b42562e2ae9c4298b535819d09a7216448805c3a37073a1025,train
0423237770a7,0,/content/aptos2019_raw/train_images/0423237770a7.png,PNG,RGB,1050,1050,961078,valid,,a2688e8aa789b56b315c4b22069cb5703eb60811188c0af311a107372baf2a07,test
042470a92154,3,/content/aptos2019_raw/train_images/042470a92154.png,PNG,RGB,1736,2416,2168885,valid,,fe76e373a6fa2d2eeaca88b01d15d41a9ecc859e2f9838e0f44a32d33c487407,validation
04579e31e4be,0,/content/aptos2019_raw/train_images/04579e31e4be.png,PNG,RGB,1050,1050,1031373,valid,,ea9783c8ea1c8d48ca65475fd566b5c84efbf60a1544c414b3dac456687ef41e,validation
04a6fc58dabc,2,/content/aptos2019_raw/train_images/04a6fc58dabc.png,PNG,RGB,1736,2416,2357843,valid,,1d5dca095f989f691ab3401e9537dac123e163443e6225ec067939711d51eb1a,test
04ac765f91a1,1,/content/aptos2019_raw/train_images/04ac765f91a1.png,PNG,RGB,1736,2416,2406834,valid,,298629825979f59482d30729fa1314e9f1292d3313b934f3b1d4979248f3176b,validation
04aef84a2cc1,0,/content/aptos2019_raw/train_images/04aef84a2cc1.png,PNG,RGB,614,819,281904,valid,,090a83f336e533516c85c9841d36436cab0ac5029ce6b42b39a2e65dd156f9e5,train
04d029cfb612,2,/content/aptos2019_raw/train_images/04d029cfb612.png,PNG,RGB,2136,3216,2581944,valid,,90655d7b73bc11f7b376b6bf630783df66495fd284f6a77d72e22db7e146982e,validation
04efb1a284cc,0,/content/aptos2019_raw/train_images/04efb1a284cc.png,PNG,RGB,1050,1050,1003991,valid,,12fef4a576afabaf09e18ef303494c7aeba0a08ba20aeb8717f9459f2cb1d983,test
050bb1eafa76,0,/content/aptos2019_raw/train_images/050bb1eafa76.png,PNG,RGB,614,819,298930,valid,,402636cb460d33b4a74308710836c494514686f592a435ad6d937ae52a45e3b7,validation
05113073b268,0,/content/aptos2019_raw/train_images/05113073b268.png,PNG,RGB,1958,2588,5441702,valid,,ea11af5f40e79d3ee169126a4ac7d03bde20479527767c83a3b5e5c57843f1a5,validation
05195a3db5e2,0,/content/aptos2019_raw/train_images/05195a3db5e2.png,PNG,RGB,614,819,348006,valid,,ad74b70ce6ec02ba910001c5b9a3d44d0d4e0e2f55590c77e737ec8913f00d83,train
0519b934f6b1,2,/content/aptos2019_raw/train_images/0519b934f6b1.png,PNG,RGB,1958,2588,5555745,valid,,74cb50947528edd706854a1da9850dd06aa9230051623109b206b465ef8207d1,train
052d9a3fe55a,2,/content/aptos2019_raw/train_images/052d9a3fe55a.png,PNG,RGB,1958,2588,5166466,valid,,4464ed2f9b065187300113bc1fe36df665c61aaf35aa16b438e42d6576216651,validation
05339950962e,0,/content/aptos2019_raw/train_images/05339950962e.png,PNG,RGB,1050,1050,1043694,valid,,2dd7f769abdb58dc39d46d91622aace18695120af0c19f580326d70ce27382be,train
054b1b305160,0,/content/aptos2019_raw/train_images/054b1b305160.png,PNG,RGB,1050,1050,968861,valid,,16049e669a0a540e0d2807900d23d6401601878e8b24b76cbbc99cbe5c99a9c8,train
0551676cc2aa,0,/content/aptos2019_raw/train_images/0551676cc2aa.png,PNG,RGB,1958,2588,5225022,valid,,3b03ebb6dc331521a2d58d6bab44bfe6a97e4ab87d12bec57eccc8d590d5fda6,test
059bc89df7f4,1,/content/aptos2019_raw/train_images/059bc89df7f4.png,PNG,RGB,1736,2416,2517339,valid,,9c7b6a56fb2a734bf587ada5f4e8affe2d678ccfd4767fd1a531268921e0101f,train
05a5183c92d0,1,/content/aptos2019_raw/train_images/05a5183c92d0.png,PNG,RGB,1736,2416,2055886,valid,,f3c3ee6a2e247f0b40f829c5cf7ada14cc2b7004c5a6262a337329b379007343,train
05b1bb2bdb81,0,/content/aptos2019_raw/train_images/05b1bb2bdb81.png,PNG,RGB,1958,2588,5412906,valid,,1d75ca5165d84d66860823dc8d18c3ed83254a6a30e381a8528f10167cbfc318,validation
05cd0178ccfe,3,/content/aptos2019_raw/train_images/05cd0178ccfe.png,PNG,RGB,1736,2416,2432177,valid,,2076b703b23f69d018a53d67b9cfd1684159c20bc64ed4c561a0239a6c4c6566,validation
05e9126dfa5c,0,/content/aptos2019_raw/train_images/05e9126dfa5c.png,PNG,RGB,1050,1050,1058816,valid,,9b12a0d55829c632e8defc552886ef951a7bbb637d1ca262fb600cf936ceb2f1,train
06024377d573,2,/content/aptos2019_raw/train_images/06024377d573.png,PNG,RGB,480,640,342094,valid,,6fcdfb36462623d5f7e9ef9fb9f95c5e2361d62b4c70861c5ce865d71bb02490,test
060e00d1e2ab,0,/content/aptos2019_raw/train_images/060e00d1e2ab.png,PNG,RGB,614,819,301624,valid,,b2ad827b224f9869fb8d61c270259144a881e62117177eb6b0178c5f189cbb96,train
064af6592ba6,2,/content/aptos2019_raw/train_images/064af6592ba6.png,PNG,RGB,2588,3388,3550748,valid,,5cde41c50ad53933374f1296f7ea28d79c2fd611cf00a61748d9400b57e28e73,train
06586082a24d,0,/content/aptos2019_raw/train_images/06586082a24d.png,PNG,RGB,1536,2048,1934041,valid,,83aa8b0b99037fe9f01146d7126980086cf42a0281322bd3d443c4bc7127d7c2,train
0684311afdfc,1,/content/aptos2019_raw/train_images/0684311afdfc.png,PNG,RGB,1736,2416,2218026,valid,,5c1cf89c8773ff4c5fffeec94ef30f0a65d60bdaa511426a24a37d07f7226e2e,train
069f43616fab,3,/content/aptos2019_raw/train_images/069f43616fab.png,PNG,RGB,1944,2896,1731163,valid,,b1f52dc8b18b6bf5bfe8a15c9c81c8228273abbb07189836ca63d9608677de87,train
06b71823f9cd,1,/content/aptos2019_raw/train_images/06b71823f9cd.png,PNG,RGB,2848,4288,4729772,valid,,b8eb41c00a20cbee44951e117491e185eed7a6e1076522478472fd9459ca0b77,test
06be1092a062,0,/content/aptos2019_raw/train_images/06be1092a062.png,PNG,RGB,614,819,283975,valid,,9169b22202b589f692e3bb1e2d927e2a9d56cba27e6d1ff73e2dc7129d77952d,train
07083738b75e,2,/content/aptos2019_raw/train_images/07083738b75e.png,PNG,RGB,2136,3216,2813845,valid,,c602f971857281b849c74050e032946fc8443b0d19d1100acb12621175a6a6dd,train
0709652336e2,0,/content/aptos2019_raw/train_images/0709652336e2.png,PNG,RGB,1536,2048,1936661,valid,,bf91da11070d03134c80024cd6826bf1b06d463c82e4a0c84f4120f1ff18fb90,train
070d4ce5fd90,0,/content/aptos2019_raw/train_images/070d4ce5fd90.png,PNG,RGB,1536,2048,1674767,valid,,345516e2853b397739630841e5a74742a4822467b9e8105541df6b72591708d5,train
070f67572d03,3,/content/aptos2019_raw/train_images/070f67572d03.png,PNG,RGB,1736,2416,2007607,valid,,ef499b2afa441e27236372bad99f37f20808df50f7150ca17129bb27c25fbca2,train
07122e268a1d,4,/content/aptos2019_raw/train_images/07122e268a1d.png,PNG,RGB,1226,1844,936339,valid,,f9d470f8b2056c1b13f1d86ffa059e39aaef1776722a441baa4c87fcf8bc4a09,validation
071435a218ec,2,/content/aptos2019_raw/train_images/071435a218ec.png,PNG,RGB,2136,3216,3134937,valid,,fc52b23d5a3fe9616cbdeca04c000968ae5d8da9a8e6fb8b5ae651afd960489c,train
07419eddd6be,2,/content/aptos2019_raw/train_images/07419eddd6be.png,PNG,RGB,1424,2144,2632244,valid,,5739eed29f57a77f872a595cc9efd2c74d45507e18bce56bccb3a86fa2f1ee49,train
07596907347b,0,/content/aptos2019_raw/train_images/07596907347b.png,PNG,RGB,1050,1050,955668,valid,,e7bd7cd80aab5532f57225ea3f51d7ce5a571adf0592e19258630a5c2dc5a926,train
0773a1c326ad,0,/content/aptos2019_raw/train_images/0773a1c326ad.png,PNG,RGB,1536,2048,1836697,valid,,b66ea974245bab62cc376edc0e937eeadb17c6e19447aa73f288d4cab6757d18,train
07751b94a88a,0,/content/aptos2019_raw/train_images/07751b94a88a.png,PNG,RGB,1050,1050,978933,valid,,1307309ed8193c8e47e0ccaf931c2bb770a73a4de20c0d4604113f4a4f8af5f6,train
0790515cf5af,0,/content/aptos2019_raw/train_images/0790515cf5af.png,PNG,RGB,1050,1050,905786,valid,,e867fb4015c795b2c95efd9939f08367607641a8ed487ae4f249d2443683cea5,test
07929d32b5b3,1,/content/aptos2019_raw/train_images/07929d32b5b3.png,PNG,RGB,1958,2588,4173673,valid,,a0e486eeca9853730e267d8c16b65f2a4d452307849101a4f65669ba4866af16,validation
07a0be6b347f,0,/content/aptos2019_raw/train_images/07a0be6b347f.png,PNG,RGB,1536,2048,1915869,valid,,ac305df2b37b1ba2751e4215c15460bd6e6ae04e4aa2246ea6e3287d7357319c,test
07a0e34c8d20,3,/content/aptos2019_raw/train_images/07a0e34c8d20.png,PNG,RGB,1958,2588,5349687,valid,,801645baf6448f451af9c69ef99e5531ebf5c1ababdb1a27a9e809126dcd2fed,train
07a1c7073982,1,/content/aptos2019_raw/train_images/07a1c7073982.png,PNG,RGB,1958,2588,3702413,valid,,2e79267129c4c58b6f82a8bd26e93a640b52b2d9b8eceb230c7861878b5e4565,test
07a2b8cabf6b,0,/content/aptos2019_raw/train_images/07a2b8cabf6b.png,PNG,RGB,1050,1050,1055945,valid,,deceab494b0e3d877f303b5049b5a922a4db3f0be6e49df62a48fe34e146e4b5,validation
07a3be30563b,2,/content/aptos2019_raw/train_images/07a3be30563b.png,PNG,RGB,2136,3216,2473704,valid,,660a46af4d4245f6ef4310692c1c9b289ba9e4669720844126627ba078878c33,validation
07d8db76b301,2,/content/aptos2019_raw/train_images/07d8db76b301.png,PNG,RGB,2136,3216,2544280,valid,,d19dae903edfe96e6e6849f67591b2967d8b2289a13fed9a5b7f52fbef8ceeb6,train
07e827469099,0,/content/aptos2019_raw/train_images/07e827469099.png,PNG,RGB,1536,2048,1887322,valid,,80ae6f6833d21d0e2d4eeb373676947a72c3a7f30f3ba8a6e905885fb0557e20,test
07f5d7baf907,0,/content/aptos2019_raw/train_images/07f5d7baf907.png,PNG,RGB,1958,2588,5668177,valid,,2516dea9533fd90ce9aa39444f9efa7ba5dd4fce787f52febfb6ae4cb1c98a6a,train
08037e4490e5,0,/content/aptos2019_raw/train_images/08037e4490e5.png,PNG,RGB,614,819,283524,valid,,8c6e20b4edd3bce50e83ec9d5569aebc406febcdd140943173936db330129d9c,validation
080ee76c958c,4,/content/aptos2019_raw/train_images/080ee76c958c.png,PNG,RGB,2136,3216,5935137,valid,,371f4037346ab02ad091a28d86f45a7be427dad18187c20b947ef73b6cbe3483,train
080f66eedfb9,4,/content/aptos2019_raw/train_images/080f66eedfb9.png,PNG,RGB,1736,2416,2151565,valid,,289e92d76f8180bfe82c85a6b6b7c4e3ef53fcefbbe8f7a1f47638913b504266,validation
084c02cf077f,0,/content/aptos2019_raw/train_images/084c02cf077f.png,PNG,RGB,614,819,283799,valid,,6bf0dcc288a0c5a9fbde7465f06abc974691483a003dc68598364c01dceb5606,train
0851d6a69589,0,/content/aptos2019_raw/train_images/0851d6a69589.png,PNG,RGB,1050,1050,954072,valid,,de3a527c705cdd405d9912c938923725e57a154c40dbcb4386e4c1007bb2aa3d,validation
086d41d17da8,1,/content/aptos2019_raw/train_images/086d41d17da8.png,PNG,RGB,1226,1844,1066742,valid,,d30bff17aa4738274b369a6aedc425388b667fcc64ace0d0fdd3ae422e5e1709,train
08752092140d,2,/content/aptos2019_raw/train_images/08752092140d.png,PNG,RGB,2588,3388,7255867,valid,,9b110fc541b263f6c9642309237d521fca9329c7e0e5811374bae4a2f0540b36,train
08a3875063c3,4,/content/aptos2019_raw/train_images/08a3875063c3.png,PNG,RGB,2136,3216,3108384,valid,,0067ffeb64490484d3e0d498d6386a145c05560584188c1f353fc1c9fb86b5c0,validation
08b6e3240858,0,/content/aptos2019_raw/train_images/08b6e3240858.png,PNG,RGB,1958,2588,5228284,valid,,744330a9eb44eabbc08e8dfa9f1375fd3fb741a7a3b96cad148807da0c743cdb,train
08bef347f40d,0,/content/aptos2019_raw/train_images/08bef347f40d.png,PNG,RGB,1050,1050,899713,valid,,f5d9665d3a9dbe20d121e98e60418af3c22aa5d55457df9c97f09009e501b083,test
08c17a2d95b7,2,/content/aptos2019_raw/train_images/08c17a2d95b7.png,PNG,RGB,1958,2588,5298152,valid,,581e55ef4538740dd57a0bef4fbd16141636d080014d27ec4e93cc484e14b67e,train
08c60c647673,0,/content/aptos2019_raw/train_images/08c60c647673.png,PNG,RGB,1958,2588,5381313,valid,,725e7c837934583bd3a8156f05d0019303a72db4fd139f534fa47494812c64c0,train
08ee569d4721,0,/content/aptos2019_raw/train_images/08ee569d4721.png,PNG,RGB,1050,1050,1040482,valid,,68653d484791614378bf46ca81eef9e5d649cb76f304dc7d7269bd79f704db7d,train
08f8838d69bb,0,/content/aptos2019_raw/train_images/08f8838d69bb.png,PNG,RGB,1050,1050,967680,valid,,9898c1aac05349ca0d80871ee1a7b8bac582240d52285e54326e0d72a8070269,train
09237bf783a4,0,/content/aptos2019_raw/train_images/09237bf783a4.png,PNG,RGB,1050,1050,1008486,valid,,3fa6980eb4b8d5a4144d5f56ef99304266efa591ff6498f374ad4915eb7c58f9,train
0924cec998fa,0,/content/aptos2019_raw/train_images/0924cec998fa.png,PNG,RGB,1536,2048,1935889,valid,,314f78dce7a1519d72fdb04e515e5cd95c9e3ffee19a6d438f821834d3f2d1e1,train
093a42649c29,3,/content/aptos2019_raw/train_images/093a42649c29.png,PNG,RGB,2848,4288,5088439,valid,,b186fa65894d7d40830d000c0ea3f1da254bb8e87245abec0eb26b0b1e16f6cd,train
093cf723fede,0,/content/aptos2019_raw/train_images/093cf723fede.png,PNG,RGB,1536,2048,1923478,valid,,4e001f8ee39644ff750b0bde2ee8ed9ff4883b65064cd150db93405fbddd5533,train
094858f005ab,2,/content/aptos2019_raw/train_images/094858f005ab.png,PNG,RGB,1736,2416,1987571,valid,,b632a2d4914a2ff6df12464b941040d2f19fd4fae185d325a449fcd691c8dbbc,train
0953c0ac1735,2,/content/aptos2019_raw/train_images/0953c0ac1735.png,PNG,RGB,2588,3388,7249739,valid,,d4cc4c469072b3867e30a2db10d436d6d4303783d3ae8d8ea8237238394d79f9,train
096436d68d06,0,/content/aptos2019_raw/train_images/096436d68d06.png,PNG,RGB,1958,2588,5497225,valid,,d805786e67cbe88df5eeae4dc6148100647d7f02960f34c7fa28068b23047ecf,train
09662e462531,0,/content/aptos2019_raw/train_images/09662e462531.png,PNG,RGB,1958,2588,5463759,valid,,57a018cac464b0ef3f453293b0345c719c90be478cf0fccb1c21c963d7fedab9,test
0981195eb9fb,4,/content/aptos2019_raw/train_images/0981195eb9fb.png,PNG,RGB,2848,4288,4656414,valid,,da2dec82c0d8ca16073fa97bdfa2ec498a72789ca6037e709a66ae2d721c9213,validation
099021fac3c9,0,/content/aptos2019_raw/train_images/099021fac3c9.png,PNG,RGB,1536,2048,1801457,valid,,2dd290e2962ec7a73af8afc8ff4c181f3d78adad46e4fb11f20502807c6caea6,test
09934421c79e,0,/content/aptos2019_raw/train_images/09934421c79e.png,PNG,RGB,1536,2048,1711376,valid,,ff0b61efc07d9033d42cf2e15900a2313a4193adffc5dadbeda706c5d6795fbd,test
09935d72892b,1,/content/aptos2019_raw/train_images/09935d72892b.png,PNG,RGB,1958,2588,5257216,valid,,de01611b4517e22bae1126c3fbf3495ef59f0a134e81dad2ec77de490beb7971,train
09c8323c612e,0,/content/aptos2019_raw/train_images/09c8323c612e.png,PNG,RGB,1050,1050,1009476,valid,,8d42cc879fe9728137a90bbe8cb1070ac0ebd2c6b12e82312fa32fce9f75a906,train
09eeafa9656a,2,/content/aptos2019_raw/train_images/09eeafa9656a.png,PNG,RGB,2136,3216,2313233,valid,,bed0b453cf17e1b42ef202cd9c3f61952e4bc0ad2d210a1b2c113772f8b1e206,test
09f1111a388a,0,/content/aptos2019_raw/train_images/09f1111a388a.png,PNG,RGB,1536,2048,1674106,valid,,dd54792c3061728a63350312ffe169eebbddc73a26c20949a48b892b8ee36734,train
09f6ab477654,2,/content/aptos2019_raw/train_images/09f6ab477654.png,PNG,RGB,1736,2416,1933682,valid,,cdf35dab64d36e21ac87255d00d73cca6beb33d30abc7732123a6fba92ce9cf1,validation
0a09aa7356c0,2,/content/aptos2019_raw/train_images/0a09aa7356c0.png,PNG,RGB,1958,2588,5236251,valid,,c8ca22807838791bc514a2c258856c506fee7616084642d1edab2467445f5a19,train
0a1076183736,2,/content/aptos2019_raw/train_images/0a1076183736.png,PNG,RGB,2588,3388,7043123,valid,,7f18ab999e2e90cfea56ce53abd8631c81570a52b81b862be7d1fefd7bdb6814,train
0a3202889f4d,1,/content/aptos2019_raw/train_images/0a3202889f4d.png,PNG,RGB,1736,2416,2042273,valid,,4d01154a6515b43af9baca9f905a6cf39b1f3604fc8bb55498b4a99adb5c1253,train
0a38b552372d,0,/content/aptos2019_raw/train_images/0a38b552372d.png,PNG,RGB,1050,1050,1032248,valid,,142457c45b538e5fa7e7e02f7b6df80d348a27c23bc4004cb0e41d0b6691ab51,train
0a4e1a29ffff,0,/content/aptos2019_raw/train_images/0a4e1a29ffff.png,PNG,RGB,1050,1050,1011425,valid,,17ce6101d8bcbb0576ca4a18a6989c2811b86cd2a0ee502940469c7ad66f2898,train
0a61bddab956,1,/content/aptos2019_raw/train_images/0a61bddab956.png,PNG,RGB,1736,2416,1941125,valid,,99c8e2ac1aa58eb4d64a6e128d75cf43c2e16b56155471ac51a4eecfb3085cee,test
0a74c92e287c,0,/content/aptos2019_raw/train_images/0a74c92e287c.png,PNG,RGB,1536,2048,1668073,valid,,9988da34c4f0bc8b1d5ed81bb2e54895c6de04b5c48e2d87911f1e48a2b45148,validation
0a85a1e8f9e9,0,/content/aptos2019_raw/train_images/0a85a1e8f9e9.png,PNG,RGB,1958,2588,5590940,valid,,740c486d0c33c7afc4a6a22563fddddd204096ac9d797faf99ba4af296d020be,train
0a902c80d5da,0,/content/aptos2019_raw/train_images/0a902c80d5da.png,PNG,RGB,1050,1050,858588,valid,,e11362733d619c3f1fd0c7ce6b4021f0dc4d07e6229dbc8add1d47f00a1d5d35,test
0a9ec1e99ce4,2,/content/aptos2019_raw/train_images/0a9ec1e99ce4.png,PNG,RGB,1958,2588,5266891,valid,,656ce96888337a390c1f4a315f1a2ac02c5fd689ddfcdbae12971ddacc3112d7,train
0abf0c485f66,0,/content/aptos2019_raw/train_images/0abf0c485f66.png,PNG,RGB,1536,2048,1848509,valid,,6086b1204c68d7ae856d1b1ea4118191b0920ad937418eeefc2d30b0b4758825,train
0ad7f631dedb,1,/content/aptos2019_raw/train_images/0ad7f631dedb.png,PNG,RGB,1736,2416,1984757,valid,,d4f542b2551079946cbfa1d803100e1641b1e69196a60f4af81ea41a761a9b87,test
0ada12c0e78f,4,/content/aptos2019_raw/train_images/0ada12c0e78f.png,PNG,RGB,1958,2588,5329391,valid,,f448bb62ea8b3eeeb70e7b5de0112def1eab4d0aeb724e659bfcddc55956966b,test
0ae2dd2e09ea,0,/content/aptos2019_raw/train_images/0ae2dd2e09ea.png,PNG,RGB,1050,1050,822925,valid,,9ab53bb67e51d873a9a366944f257aaabdb46d795c83f1f4ea2e6594f4cf5b75,test
0af296d2f04a,2,/content/aptos2019_raw/train_images/0af296d2f04a.png,PNG,RGB,2136,3216,3306331,valid,,a9d53bb05235ed7e04e2fd9b46ac48c862fead0d708c3e5f4084b95e326c3e5e,train
0afbeeef0ff7,0,/content/aptos2019_raw/train_images/0afbeeef0ff7.png,PNG,RGB,1050,1050,908039,valid,,c91fe48351afb66a3eb51a5b9b5415cc938eb8e72984dfd782170f668918bbfa,train
0afdfe5f422c,2,/content/aptos2019_raw/train_images/0afdfe5f422c.png,PNG,RGB,2136,3216,2634891,valid,,9b1040b01b139acb2694ba1aa0251afd80494c09151159973c10257f80ecdcd0,train
0b00f8a77510,0,/content/aptos2019_raw/train_images/0b00f8a77510.png,PNG,RGB,614,819,344629,valid,,64be1c4d76a8ac4539f97cf5553f6dfcac0f3d4054a30e98b807ad0d5cd1fd58,test
0b2ea8f268cf,0,/content/aptos2019_raw/train_images/0b2ea8f268cf.png,PNG,RGB,614,819,356746,valid,,726825b32c404143f5a3a22ca5b0e5f5e574448a8de894b675eec92b4dad2602,validation
0b3efe669365,0,/content/aptos2019_raw/train_images/0b3efe669365.png,PNG,RGB,1536,2048,1761392,valid,,90064a94bd5f12fa4da0a3da0f5372be18f8244bd78f73ce39097ffd03235ff6,train
0b64a0a06f9a,0,/content/aptos2019_raw/train_images/0b64a0a06f9a.png,PNG,RGB,614,819,355671,valid,,bbe9b0de0be01a3054a82f63b26386ad4c2516d2095cabf07cbc2c51d0e06f9f,train
0b8bdec9d869,0,/content/aptos2019_raw/train_images/0b8bdec9d869.png,PNG,RGB,1536,2048,1921953,valid,,ca0638ed9c10c8aef158f2a96add42e995e54388d69a42619dc6708a63fb193f,train
0babc12807b2,0,/content/aptos2019_raw/train_images/0babc12807b2.png,PNG,RGB,1736,2416,2156206,valid,,13841d89f4b37a294cccbc1825a09e7e84a038c2e1f8c2366a8647ff7be4914b,validation
0bf37ca3156a,4,/content/aptos2019_raw/train_images/0bf37ca3156a.png,PNG,RGB,1958,2588,5208485,valid,,09d521ec6485b0cd6f2b761b21608d44a3719420d442677d8407a9787637c717,train
0c2e2369dfff,2,/content/aptos2019_raw/train_images/0c2e2369dfff.png,PNG,RGB,1226,1844,947746,valid,,46499ef987003cfd8491d20cf86498159442d2097f0bc8f60713323ea90fd4ad,train
0c38940e1f80,0,/content/aptos2019_raw/train_images/0c38940e1f80.png,PNG,RGB,614,819,285871,valid,,9999980a73fe9fed71f24fa28ef97dca28860b29b06a8789dba3bd514057ecbf,test
0c43c79e8cfb,0,/content/aptos2019_raw/train_images/0c43c79e8cfb.png,PNG,RGB,1958,2588,5503915,valid,,1124d84f8405f8f6069744336a96c50e5dd17c93368b23c6e0dc5bda545d6d85,validation
0c55d58bebaf,2,/content/aptos2019_raw/train_images/0c55d58bebaf.png,PNG,RGB,1736,2416,2239946,valid,,2cbd659524ff728d9b29a3230bff42f25c8d01a6c5a8b5b04208b30dedc11602,test
0c76fd494af6,2,/content/aptos2019_raw/train_images/0c76fd494af6.png,PNG,RGB,2136,3216,2731169,valid,,3214e6e9f581edc4626c662c91c5f999bd0548ca59d25cbd25b2f02928c67ad8,train
0c7e82daf5a0,2,/content/aptos2019_raw/train_images/0c7e82daf5a0.png,PNG,RGB,1000,1504,1343114,valid,,ec1b0cda476e75ccee15ec517e788d98eeb5bbdc7cdba0cf39651bc05233c4b7,validation
0c917c372572,3,/content/aptos2019_raw/train_images/0c917c372572.png,PNG,RGB,1736,2416,2220460,valid,,f5a3c432f2d570b2d8eff55831d40d5dfb838aadba04c9125db93f667ac91158,train
0ca0aee4d57e,2,/content/aptos2019_raw/train_images/0ca0aee4d57e.png,PNG,RGB,2848,4288,4465188,valid,,5decb60f7005905a3f35b07bd4941dc95187b853be4010135183b97dfbbce8be,train
0cae727cf119,0,/content/aptos2019_raw/train_images/0cae727cf119.png,PNG,RGB,1536,2048,1926724,valid,,923a810eb92ef2e064948fb3dcd105d0bc01f259ea6bf2dab62a4f94cb66219b,train
0cb6b898389f,0,/content/aptos2019_raw/train_images/0cb6b898389f.png,PNG,RGB,614,819,275312,valid,,11cf90c8fdeae4e6a15857ea2a549e112e667b1f5be5e60aa0b80b24c5da4135,train
0cbcc7b23613,0,/content/aptos2019_raw/train_images/0cbcc7b23613.png,PNG,RGB,1958,2588,5091045,valid,,bf66012affd88ae6fd436b16511e95d0c2b820fb9572003f712c512e277dd024,train
0cd31078cd08,0,/content/aptos2019_raw/train_images/0cd31078cd08.png,PNG,RGB,1536,2048,1870520,valid,,8379e9208f5ca524d5d0c2a78791e100a681a60d29bc80a140c3759e90c8a859,train
0ce062f26edc,0,/content/aptos2019_raw/train_images/0ce062f26edc.png,PNG,RGB,614,819,437727,valid,,d6e334cb0e144e9a6a63d56fd3f3f440175dfe23b3cdbdc30606915e58bf300b,train
0ceb222f6629,4,/content/aptos2019_raw/train_images/0ceb222f6629.png,PNG,RGB,1736,2416,2391315,valid,,568d3189e26e4ba6fc3bed3d32af025ccd3b0361a8620a6ae475cca7b31e6d1e,train
0cecc2864b7f,0,/content/aptos2019_raw/train_images/0cecc2864b7f.png,PNG,RGB,614,819,346347,valid,,faff405bbb01e7bb2c432f0e3015f1a91ea9d68ba30c06da9660027bddbe77d9,train
0d0a21fd354f,2,/content/aptos2019_raw/train_images/0d0a21fd354f.png,PNG,RGB,1958,2588,5127203,valid,,b13fb7ec26a70e16d90f0da28329fd7c73f00117db870c92e05e7b4f8d24eeae,train
0d0b8fc9ab5c,0,/content/aptos2019_raw/train_images/0d0b8fc9ab5c.png,PNG,RGB,1536,2048,1891993,valid,,818e6bf61aacdfe3bd4018d0fa3f8c3e38849fe828934e11909ab4f8c232212b,train
0d310aba6373,1,/content/aptos2019_raw/train_images/0d310aba6373.png,PNG,RGB,1958,2588,4131623,valid,,8231c66c40ca2f4d23ea4b156b6f0b10928de658421268f2335fca9b8c947cdf,train
0d744aed4d64,0,/content/aptos2019_raw/train_images/0d744aed4d64.png,PNG,RGB,1050,1050,948011,valid,,a8c3cea71eff56bf80f84c944f6d57b5ab653e69d251c12dc1b8685b55282b03,train
0d8f60ed9280,0,/content/aptos2019_raw/train_images/0d8f60ed9280.png,PNG,RGB,1536,2048,1724840,valid,,eff57d362ccc7c922bc1dff770f53f98f551129723acf6603fa6625d10f7f4ec,train
0d9a9896f801,0,/content/aptos2019_raw/train_images/0d9a9896f801.png,PNG,RGB,1050,1050,974562,valid,,53944119b94cd9f6ab8a005156b1cb52914b58384a185a9487051fdb88e0e405,validation
0da09e3ce8f1,2,/content/aptos2019_raw/train_images/0da09e3ce8f1.png,PNG,RGB,2136,3216,3038702,valid,,7ac5b3ce7867b50e90a46fe62a2af91c807f129d61a1620ed32ffe6267b680fb,train
0da321efbce6,0,/content/aptos2019_raw/train_images/0da321efbce6.png,PNG,RGB,614,819,347066,valid,,38ad65598a18215ced7668e6b9dcc5db3d272cb14a4e6934cfec340ce74c59db,test
0da632ca45e0,0,/content/aptos2019_raw/train_images/0da632ca45e0.png,PNG,RGB,1536,2048,1754152,valid,,21676f83045fbea15a1668560d5959e203be597e6d986591b0d2d3f4b76439ba,train
0daddc45d832,0,/content/aptos2019_raw/train_images/0daddc45d832.png,PNG,RGB,1050,1050,997201,valid,,515baece532d9fe09805d7c6fd3fe31389b815dc8c9a1c4e4bdf489a3dc61727,validation
0db1d8dcf219,0,/content/aptos2019_raw/train_images/0db1d8dcf219.png,PNG,RGB,1536,2048,1912764,valid,,15263b2136a22d04c05c0c44c5239bde4a0550831bf5073d39acb085cb310bec,train
0dbaa09a458c,2,/content/aptos2019_raw/train_images/0dbaa09a458c.png,PNG,RGB,1736,2416,2440114,valid,,67d1d17dc92cf045e39e8d311e04d77cf59d75fb299f2823e3fb65ee92148236,validation
0dbe6c26cedc,0,/content/aptos2019_raw/train_images/0dbe6c26cedc.png,PNG,RGB,614,819,307522,valid,,0b85e6e4807910763d6e5f6b2abbdf367ffb890a5cd6d3a528287ffaff7f0790,train
0dc031c94225,1,/content/aptos2019_raw/train_images/0dc031c94225.png,PNG,RGB,1736,2416,2395344,valid,,a37a93ef3b0ac51a118197f0b1cae76e46f0197b49cb40594ab7ab5814942140,train
0dc8d25b3f69,3,/content/aptos2019_raw/train_images/0dc8d25b3f69.png,PNG,RGB,1736,2416,2336977,valid,,8faeb9ac2950f0f3c15ca74956ffb2344effccd2b0d4fb1edc1f44d8e4298917,test
0dce95217626,1,/content/aptos2019_raw/train_images/0dce95217626.png,PNG,RGB,1736,2416,2309771,valid,,a406f4b23fca0aa51aeb74eb843abb1ef5d1c57ceb6c2e0c279e2852e2ceb187,train
0e0003ddd8df,0,/content/aptos2019_raw/train_images/0e0003ddd8df.png,PNG,RGB,1050,1050,1013817,valid,,1051a9c40c7cb86a80d54892e195449efdb2a9864f7664afe54a1f4be9c10053,train
0e0fc1d9810c,4,/content/aptos2019_raw/train_images/0e0fc1d9810c.png,PNG,RGB,2848,4288,5156093,valid,,fbf2374b9be017fb6db57f384d154e7317adb0b65b9b5157446eaa2352e3f968,train
0e3572b5884a,0,/content/aptos2019_raw/train_images/0e3572b5884a.png,PNG,RGB,1050,1050,1060362,valid,,38d63d0aef7bbc326aaff3999ba2369b0de26f718742defad2a7a8368d688c9c,test
0e43c8298fc0,0,/content/aptos2019_raw/train_images/0e43c8298fc0.png,PNG,RGB,1536,2048,1911983,valid,,ec4529cea12a408203065e30d8c5c5a1fa84c3a75b3bf84ff267d4f5559a46ab,train
0e75d51152fc,2,/content/aptos2019_raw/train_images/0e75d51152fc.png,PNG,RGB,2136,3216,3845080,valid,,e6082ce351a591f27880eb53b23a39a12407b73ac9d2301df78aa4867ad604a3,validation
0e82bcacc475,4,/content/aptos2019_raw/train_images/0e82bcacc475.png,PNG,RGB,1958,2588,5220917,valid,,11895521be95059cc850ebce2dede76e0fd26b4fccf249e70692b99481f35392,train
0e94cd271c00,0,/content/aptos2019_raw/train_images/0e94cd271c00.png,PNG,RGB,1050,1050,984763,valid,,008ceb372bfbaf768889d3bcefe990f9024b89fa77fd06962c59defa634c4be2,train
0eb52045349f,1,/content/aptos2019_raw/train_images/0eb52045349f.png,PNG,RGB,2848,4288,5299579,valid,,070b14c5b5e3897610660f820e4c226760a6e41a300c5d091cad1e5815d16e18,train
0eced86c9db8,0,/content/aptos2019_raw/train_images/0eced86c9db8.png,PNG,RGB,1536,2048,1928084,valid,,51856ee5733b2faaa4f709d32edec7f6ce1eed5d4835751141fc92e68e94d390,test
0edadb2aa127,3,/content/aptos2019_raw/train_images/0edadb2aa127.png,PNG,RGB,2848,4288,4954942,valid,,1ec3fd7ec39f450fc45e483ab722c52a806eb034f1415b715b8eecb26676260c,train
0ef4c61dc056,0,/content/aptos2019_raw/train_images/0ef4c61dc056.png,PNG,RGB,1050,1050,944609,valid,,43b8405265bcdf33ce9ab87d55fa0b33e0a61f490c8c5d86dfd4b51baf23d119,validation
0efc93ec838b,2,/content/aptos2019_raw/train_images/0efc93ec838b.png,PNG,RGB,2588,3388,7240563,valid,,1710e19dadeb9c1696fba768b0b19f7fd3bb711e37ea2fb5a7edf7dd356de0ac,train
0eff8eacb2f7,2,/content/aptos2019_raw/train_images/0eff8eacb2f7.png,PNG,RGB,1736,2416,2324076,valid,,0cb0a5bbe7cd82932b8052a4d87ecf7f98e7144cb47ef9d96d3f37cf3c24230a,train
0f364b7d4384,0,/content/aptos2019_raw/train_images/0f364b7d4384.png,PNG,RGB,1958,2588,2887307,valid,,677fb94ab12069978bb29c688149175c96583e628c620e8ad2d5893f6efd7a08,train
0f495d87656a,1,/content/aptos2019_raw/train_images/0f495d87656a.png,PNG,RGB,1736,2416,2185627,valid,,de87de46f8b0f6bc36f4e3b1ea3ef6763e972baa791aa1bde336450abdfaf7ae,test
0f6e645466a2,0,/content/aptos2019_raw/train_images/0f6e645466a2.png,PNG,RGB,614,819,292827,valid,,2f4cdfee6fbcf102ab06d1c96bfd6487609fc819e4d8981eeb1bb48c4734bf96,train
0f882877bf13,3,/content/aptos2019_raw/train_images/0f882877bf13.png,PNG,RGB,1958,2588,3624906,valid,,1d92e5d2e9dacecfe484b773587078adcf8d4e5a3c204f250678142b9322cd1a,validation
0f96c358a250,3,/content/aptos2019_raw/train_images/0f96c358a250.png,PNG,RGB,1736,2416,2222084,valid,,c4ff7e7799eae68f5fa102e137453181a2feb57cd9802252d7319aa8f4d4180f,test
0fb1053285cf,1,/content/aptos2019_raw/train_images/0fb1053285cf.png,PNG,RGB,1736,2416,2140785,valid,,c53afa6052c3aeaf7259c2b432fd2e8cda66ccc07a240faa41b6967e075a536d,train
0fb560f9adb2,2,/content/aptos2019_raw/train_images/0fb560f9adb2.png,PNG,RGB,1958,2588,5028034,valid,,717267f863ad7a7f832362f6874f1c4b24af874875d728dde3c3c44f32a0902e,validation
0fbbd665431f,0,/content/aptos2019_raw/train_images/0fbbd665431f.png,PNG,RGB,614,819,337997,valid,,b278cff16d489ace16842d4da6073f60470710d370450b31886199c89df54cc3,train
0fc6829da85b,0,/content/aptos2019_raw/train_images/0fc6829da85b.png,PNG,RGB,1958,2588,4941516,valid,,dc15a74aff44cd7a5e01b05b009535504be0eaa875d808db6d3e6d8200fae7ea,train
0fcfc6301f3d,2,/content/aptos2019_raw/train_images/0fcfc6301f3d.png,PNG,RGB,2136,3216,3395471,valid,,30099d01149c5ea1f2c185190971573e38870892b554c341af9e154ab00be070,train
0fd16b64697e,2,/content/aptos2019_raw/train_images/0fd16b64697e.png,PNG,RGB,1226,1844,1081354,valid,,6709c84d836c09fec9c628595f1115537e936582b42bc404be1af72b362c5762,validation
0fe31196e0e8,0,/content/aptos2019_raw/train_images/0fe31196e0e8.png,PNG,RGB,1050,1050,1044183,valid,,da1c4198bb514ea9b3457df58af872b96eb54517258825044d7fab4cb41716a6,train
0fffa73e2402,2,/content/aptos2019_raw/train_images/0fffa73e2402.png,PNG,RGB,1736,2416,2210480,valid,,38aa5d35ad6962496a81bdb4e4a8974280896fde44700295fc5a23de39c42d30,train
1002b5151b8e,0,/content/aptos2019_raw/train_images/1002b5151b8e.png,PNG,RGB,614,819,292369,valid,,45a518659e76a8b4ba2d126eeb34b765217049f44fb3baae0d756d2298355480,test
1002f3fe38f0,0,/content/aptos2019_raw/train_images/1002f3fe38f0.png,PNG,RGB,1050,1050,973782,valid,,80d90cff17a79900dd91f2c0ac52350761cc35e6c91c4c36e9e5fc1bae236219,train
1006345f70b7,2,/content/aptos2019_raw/train_images/1006345f70b7.png,PNG,RGB,1736,2416,2847183,valid,,815607541bbcea09716f9a27920373f8cb7fac7cb50d9752c2d45a2b231d82ae,test
101b9ebfc720,1,/content/aptos2019_raw/train_images/101b9ebfc720.png,PNG,RGB,1736,2416,2018139,valid,,93a95e5ceb16264a092be2e726643af92e583c9770d2d99790101096ed871b32,train
103abbd8b63e,0,/content/aptos2019_raw/train_images/103abbd8b63e.png,PNG,RGB,1536,2048,1927049,valid,,ca3e69fc792651e12801084ed9f7b884c11d280227657d2e14caaa6652278fb4,train
103f97a2ab15,0,/content/aptos2019_raw/train_images/103f97a2ab15.png,PNG,RGB,1958,2588,5064117,valid,,e846219ac44ca3ad6a5c1e80af17a847a28472524787a483194adcf11afb91a6,train
107aea0d9289,1,/content/aptos2019_raw/train_images/107aea0d9289.png,PNG,RGB,1736,2416,2367908,valid,,1d1493e08338020fe2ba7d9dd12e75e340802f038fafaf27e705c6aec1eb44aa,train
10a5026eb8e6,0,/content/aptos2019_raw/train_images/10a5026eb8e6.png,PNG,RGB,1958,2588,5175120,valid,,50da964071d2830af41e1d23e5e3cf39d245d93ddf3c705c9db5ed67f0a3696e,train
10bf25731c08,0,/content/aptos2019_raw/train_images/10bf25731c08.png,PNG,RGB,1050,1050,1004621,valid,,305287fc60231f302257101f9fdb4c74268f8dd0ad019442d9ca37f8bad2ee39,train
10de500cf0c5,0,/content/aptos2019_raw/train_images/10de500cf0c5.png,PNG,RGB,1536,2048,1876638,valid,,e7da8ee2155985dcc7d2f741276a2892f2e17e4069edb3fb0759003dcc35e7d1,train
10ecc5292ab1,2,/content/aptos2019_raw/train_images/10ecc5292ab1.png,PNG,RGB,2588,3388,3293254,valid,,fe621501bba6e6e7f54b35786054079e8856cd8d5d87d6cd524c7bc9cb8d833f,test
10eefba568dd,2,/content/aptos2019_raw/train_images/10eefba568dd.png,PNG,RGB,2136,3216,3146912,valid,,d17ddea611a96b6e5326dd5365110e525c79f574c5873cc436f7cd440333efa2,train
10f10fd30718,0,/content/aptos2019_raw/train_images/10f10fd30718.png,PNG,RGB,1050,1050,955307,valid,,1ba3a9edee8c30aacb9259bbca20403cdc54a6e94511e68e55bc42388f6f877c,validation
10f36b0239fb,1,/content/aptos2019_raw/train_images/10f36b0239fb.png,PNG,RGB,2848,4288,5227862,valid,,63d099c72b00204188b2bf5f1dd7edc586aa4080c424dbdaa87675b9a95a60db,test
10f6ef37fe43,0,/content/aptos2019_raw/train_images/10f6ef37fe43.png,PNG,RGB,1050,1050,1008961,valid,,73ba9c95254e12fc2f6aa3746e4c1924519f87c8ceb5897663049f492d9e486b,validation
10fca1abf338,4,/content/aptos2019_raw/train_images/10fca1abf338.png,PNG,RGB,1226,1844,793936,valid,,49b22963b4d9dc44322f4f55135a04c2064453ef6975de838ee1855b87f6d269,train
1116271db4ea,1,/content/aptos2019_raw/train_images/1116271db4ea.png,PNG,RGB,1736,2416,2200270,valid,,47f60f2fe6d71268e8b3518b80a8c0e533ed2d24dc64a43e18c5acfec3469c46,train
111898ab463d,1,/content/aptos2019_raw/train_images/111898ab463d.png,PNG,RGB,1736,2416,2134363,valid,,dbde3d0182bc27a19c28f967248684fb184f20a160b4745d4d5b2408f0630ea2,train
1120f6d08d95,2,/content/aptos2019_raw/train_images/1120f6d08d95.png,PNG,RGB,1958,2588,5548609,valid,,6fc9afae543723a9b71679eb141cb1d1d09af9610b028614f0bab81ae574f07d,train
11242a67122d,4,/content/aptos2019_raw/train_images/11242a67122d.png,PNG,RGB,1424,2144,2808247,valid,,6c2b470b6f3f5f2c1018281e484f63347739e0788958611fb20573241d2d2879,train
1124ffcd76c2,2,/content/aptos2019_raw/train_images/1124ffcd76c2.png,PNG,RGB,2588,3388,7039820,valid,,318528f39438833b95c12dfd35b1d059cec541628e69f0f06429348b32afaa62,train
115e42dd6a81,2,/content/aptos2019_raw/train_images/115e42dd6a81.png,PNG,RGB,1736,2416,2284847,valid,,89afe7b4e2f3b1c326f99629dbb9e6b18f9e1be73249e6e4e27a224b41e44a83,test
1177d583c807,2,/content/aptos2019_raw/train_images/1177d583c807.png,PNG,RGB,1736,2416,2247360,valid,,cdd529792e447ed7f62655cb804b61d1b8c057031a5a478ce08d0cfff69b3522,train
11b220a397b8,0,/content/aptos2019_raw/train_images/11b220a397b8.png,PNG,RGB,1536,2048,1850376,valid,,5f26a9fffb71a1eee63cb7e93480f211006fe473fb41dea91c5d3a55905fccdc,train
11b5c77fbf79,2,/content/aptos2019_raw/train_images/11b5c77fbf79.png,PNG,RGB,1958,2588,5740087,valid,,a2bd13fc02271f28d44398c1025b034e750aace9a3fdf5cd0e2cdd588b93fd6e,train
11d8e5eaee5b,0,/content/aptos2019_raw/train_images/11d8e5eaee5b.png,PNG,RGB,1050,1050,996553,valid,,01ae6cab94713eeecb878a94bbfcb676a7ce07fe14d383f8cc03de942e2f2c50,train
12025b34deb8,2,/content/aptos2019_raw/train_images/12025b34deb8.png,PNG,RGB,1958,2588,5228406,valid,,067d8c81aa60c817c9ce71c7373ac175ebbe908fa8b14cbd75c0d3bdc64ba7a1,train
12058bbb8299,0,/content/aptos2019_raw/train_images/12058bbb8299.png,PNG,RGB,1050,1050,999333,valid,,b7976ce363533fde656919a85c62f3251f9ca5b198c7602f649b6f2b93fe24ef,train
1269ab57c2e6,2,/content/aptos2019_raw/train_images/1269ab57c2e6.png,PNG,RGB,1736,2416,1987961,valid,,d621564d37728b2949437716d0dc75aee9d29423b1cff8cb1a5bb2725daba9eb,validation
12a82fc7d73e,2,/content/aptos2019_raw/train_images/12a82fc7d73e.png,PNG,RGB,2588,3388,3590964,valid,,8a0ebde608183a529b48c7973612368203922a106062b8c9d7c368dab78905aa,train
12ab2f6397f0,0,/content/aptos2019_raw/train_images/12ab2f6397f0.png,PNG,RGB,1050,1050,974254,valid,,b552785c3fe13d3c72d691ecbf9babbbc268e9f97d2698e58eca7ecf9ec8d34a,validation
12ae44be0d38,0,/content/aptos2019_raw/train_images/12ae44be0d38.png,PNG,RGB,1050,1050,920509,valid,,9b6b2158c7f69a694e33d847b841dfd84bec3f25581574025adda54eedaf794f,test
12b57dac703e,0,/content/aptos2019_raw/train_images/12b57dac703e.png,PNG,RGB,1958,2588,5652447,valid,,8dde3c7b031d4de3d2a727b15a7befb799776dc7641d9dbcbd7f2c8fca6d7500,train
12bc439d373a,0,/content/aptos2019_raw/train_images/12bc439d373a.png,PNG,RGB,1050,1050,1017663,valid,,107d8708c1838bc4e8a710add50db911dccd488bf9cf99f1d1a63156c47685c1,train
12ce6a1a1f31,1,/content/aptos2019_raw/train_images/12ce6a1a1f31.png,PNG,RGB,1736,2416,2179434,valid,,cd63935d8afc486779e0780f08eb85e1fe957f6d8873141ebd33e8bd27926cc9,train
12e3f5f2cb17,1,/content/aptos2019_raw/train_images/12e3f5f2cb17.png,PNG,RGB,1736,2416,1866320,valid,,2b3910c47f18831f716a92af0bfc79f97d74cef01a4cbd2bb644a74bd1c8fd5e,train
12e6e66c80a7,2,/content/aptos2019_raw/train_images/12e6e66c80a7.png,PNG,RGB,480,640,383273,valid,,f51eb8210a50579ea2f1acd45b0d673ccc3513b88490613d1beba677cb34becb,test
12ef75375322,0,/content/aptos2019_raw/train_images/12ef75375322.png,PNG,RGB,1050,1050,932041,valid,,716d37f3f121cfcc17a20f3c8177b90817e65fa58c108689884e4f5433140ca3,validation
13063d1bc4ea,2,/content/aptos2019_raw/train_images/13063d1bc4ea.png,PNG,RGB,1958,2588,5054636,valid,,b2db5a349a27c664e69501190543fd1c4ec2985beaffeb3c4cc490ffbab24be4,test
13073f075a56,0,/content/aptos2019_raw/train_images/13073f075a56.png,PNG,RGB,1050,1050,915072,valid,,605b8bb3a712d58fdd2e8645c16fe8847704f792f30b04c65602fe36be9c08ba,train
135575dc57c9,2,/content/aptos2019_raw/train_images/135575dc57c9.png,PNG,RGB,1000,1504,1315099,valid,,aebe6c6eb12ca66ce6d051b60af541d74d662852ff650a0b2e91d1c7d20ef77f,train
13ab8db8c700,1,/content/aptos2019_raw/train_images/13ab8db8c700.png,PNG,RGB,1736,2416,2217648,valid,,c28dd908bd9c907b28b7876073d21b8e4544d0939c897c7a7648278c2e6d1625,train
13c191b59ed0,0,/content/aptos2019_raw/train_images/13c191b59ed0.png,PNG,RGB,1536,2048,1649344,valid,,32805fe236922917a0be8604c1a6f202cea698694a44ad8d501d4ed23795d840,train
13d014ccd136,0,/content/aptos2019_raw/train_images/13d014ccd136.png,PNG,RGB,1050,1050,1046381,valid,,46b0aa298b049551dd7743b8374f21b179a0174055a1d0f7a1e27f666e9d4645,train
13d411c85ffd,0,/content/aptos2019_raw/train_images/13d411c85ffd.png,PNG,RGB,1050,1050,1021844,valid,,fba0ae99dfb9ef41c55dd64d415ac18f4e8e8982edb09fc187016e2a2593f967,validation
13d71389563f,2,/content/aptos2019_raw/train_images/13d71389563f.png,PNG,RGB,1736,2416,2210492,valid,,06ff7dc365fcf499dc2e3f02bf4fe740bdc0192acc5557f48f9ac28d7da71c81,train
1409ab48175a,0,/content/aptos2019_raw/train_images/1409ab48175a.png,PNG,RGB,1050,1050,1015419,valid,,dfcdbe0ed5daca7687a77484bff243a4d8430ed77ff52bf230076d9855d950df,test
1411c8ab7161,2,/content/aptos2019_raw/train_images/1411c8ab7161.png,PNG,RGB,1000,1504,1463845,valid,,5258943b738008c984db9c5c93aeb8c8ff40ff725a657510edc03a0d47913817,train
1414128bead0,2,/content/aptos2019_raw/train_images/1414128bead0.png,PNG,RGB,1958,2588,5262304,valid,,91bb90393456617769f004811ed312e0c1e05d256e7ce4c07df4e2445753c5e5,train
141735b57ec0,2,/content/aptos2019_raw/train_images/141735b57ec0.png,PNG,RGB,1736,2416,2384287,valid,,e0246b74c87430b869804b8245d8042c81e3717ce3fccd84a7accfd55feb2926,train
1438288bb2e1,2,/content/aptos2019_raw/train_images/1438288bb2e1.png,PNG,RGB,1958,2588,5065456,valid,,59216dfaa8724c81870ca3675bd933384313d47d4ebbc156240dc57aef099f76,test
143db89c11c8,0,/content/aptos2019_raw/train_images/143db89c11c8.png,PNG,RGB,1050,1050,872766,valid,,b2e972c04d5631640d259b924b28b78391413249179a350117cd7e4110b33b8a,test
144a1a426137,2,/content/aptos2019_raw/train_images/144a1a426137.png,PNG,RGB,1050,1050,934529,valid,,08b72ae9c0f5d0d6fd8bc085046661fc7b4b4f4a0b06b8524080153b092e8b0f,train
144b01e7b993,2,/content/aptos2019_raw/train_images/144b01e7b993.png,PNG,RGB,1000,1504,1326860,valid,,e49140db37991765f62bf3e9dfeec590dd459eb66bc55ca40a43bece609cb82b,train
14515b8f19b6,2,/content/aptos2019_raw/train_images/14515b8f19b6.png,PNG,RGB,2136,3216,5647715,valid,,88de816fd865a22e334c98a6c89e5aa130e007375ac07663ee34abb36a92f99c,train
14c3b41d289c,0,/content/aptos2019_raw/train_images/14c3b41d289c.png,PNG,RGB,1958,2588,5560891,valid,,69cdfcc6dacc32eeb7cd5bbb1c3f42a11cc8b8565e914e7c6a8e7837614ad672,train
14ee87d6cc42,2,/content/aptos2019_raw/train_images/14ee87d6cc42.png,PNG,RGB,480,640,278989,valid,,ea4b202a0e39a24178606b27b3a31623ad15011498813f32e0d7dc3f8f8b8ca2,train
1509d097b69a,0,/content/aptos2019_raw/train_images/1509d097b69a.png,PNG,RGB,1050,1050,986604,valid,,9041d6abc84127df8e97a42dcd3fe9169fc46580ea33c58a79b5bc6f5cda74d5,train
150f92b45349,0,/content/aptos2019_raw/train_images/150f92b45349.png,PNG,RGB,1050,1050,920545,valid,,60aa831bb6b4a03e607047c470654a95658266a2f57cc25bbf039c2656811291,train
150fc7127582,0,/content/aptos2019_raw/train_images/150fc7127582.png,PNG,RGB,1050,1050,1065406,valid,,1c14be6d85c342576854677dfa25c057a3e10d4ff77b7872f8c46d00893001d4,test
152db3de8120,0,/content/aptos2019_raw/train_images/152db3de8120.png,PNG,RGB,1536,2048,1916700,valid,,b1fc30630f41ca391db9ee49d61fa61bf5b224c93f32b2f4ff60a40fe146a9fb,train
1541226c5d72,2,/content/aptos2019_raw/train_images/1541226c5d72.png,PNG,RGB,2136,3216,2856810,valid,,71644a08597417349d6bbb1bf2563aa8541cfa232973d1fb689c8bfee924fd84,train
15528e740543,2,/content/aptos2019_raw/train_images/15528e740543.png,PNG,RGB,1958,2588,5668611,valid,,baa4ca0cb15af33fb15e3d1d5973637690849a54e01d840fdd69019918762ab8,validation
155e2df6bfcf,0,/content/aptos2019_raw/train_images/155e2df6bfcf.png,PNG,RGB,1050,1050,1048082,valid,,d4300fe573b3a5007635b4c0209f66a280ee286dffd6bd04e6f763605921466e,train
157d17349cc6,2,/content/aptos2019_raw/train_images/157d17349cc6.png,PNG,RGB,2588,3388,7355357,valid,,91454a49ebfc943486f97ed312e05424446d6df1e169ca6ca85ae1335181af4c,test
1594ca6c30d3,2,/content/aptos2019_raw/train_images/1594ca6c30d3.png,PNG,RGB,1226,1844,945819,valid,,18f713d39519453cd6dca0b4f567998a0f05b1a61bc928aa22daeb83b57caadf,train
15b21c80cc31,0,/content/aptos2019_raw/train_images/15b21c80cc31.png,PNG,RGB,1050,1050,964058,valid,,545012a461761f58acb85c7e20640bd16f1a58091c0d451765ffca67db4a4eda,validation
15bed5adde74,3,/content/aptos2019_raw/train_images/15bed5adde74.png,PNG,RGB,1944,2896,2208244,valid,,5aab6857e773d8c1848ee8d85564d5c680ec2e3824d6f422fd0d58fa2f3c9d49,train
15c24478ac72,0,/content/aptos2019_raw/train_images/15c24478ac72.png,PNG,RGB,1050,1050,982089,valid,,ba5ac22c9f1e1be1ca4b41bc0ab9fbff40e9ee1e90cbd6d77dbe64478963192f,test
15cc2aef772a,1,/content/aptos2019_raw/train_images/15cc2aef772a.png,PNG,RGB,1736,2416,2047228,valid,,0cbbecc3d634a28440f84bea8763f0411ba9560cdcad3bd8ddae54f943fba2ad,train
15cd5f52d300,2,/content/aptos2019_raw/train_images/15cd5f52d300.png,PNG,RGB,2136,3216,3131258,valid,,731ae69cb2700545df40ac6558ef2194a1af86733c20df3e0645b63aaaffac93,train
15e24b73d4a7,0,/content/aptos2019_raw/train_images/15e24b73d4a7.png,PNG,RGB,1050,1050,921863,valid,,71118b387717fc1d4fa16f2afbaba5a8ea4eb5e1afa1d0e4ca849db8275c2415,train
15e96e848b46,4,/content/aptos2019_raw/train_images/15e96e848b46.png,PNG,RGB,1958,2588,3616435,valid,,f2140987c4e89be3b6da4a03b4eb0a4e80578a971317d0774ccd8a98b4181386,validation
15f440753916,3,/content/aptos2019_raw/train_images/15f440753916.png,PNG,RGB,1736,2416,1946801,valid,,0b25a129159ea0cd48e1efcfdc909844a1c5ef34740e28fe3c1a24d2f7cfc906,train
15f8d769935c,0,/content/aptos2019_raw/train_images/15f8d769935c.png,PNG,RGB,1050,1050,1035298,valid,,3bac67bc6e8dec1eb7e0ba9eda6ec70a77a60b0a59c0858cd70cb58933d86cea,validation
1601c939412f,0,/content/aptos2019_raw/train_images/1601c939412f.png,PNG,RGB,1050,1050,1099200,valid,,cadafa368d0b16f16520d363b68176fa343f39e152f598afc196c0dbb67ef2f0,train
16060f05d047,0,/content/aptos2019_raw/train_images/16060f05d047.png,PNG,RGB,1050,1050,998466,valid,,e5d8abc0e340eab9e32b9b3dc237fd881bdee30ff2d06990de1feb38c38c4cf5,train
1608c82a263f,0,/content/aptos2019_raw/train_images/1608c82a263f.png,PNG,RGB,1958,2588,5382868,valid,,dea25d3e5daae398e6f5840c1433282e039d1a66b4a3c5d08713893c93bfccdd,train
1623e8e3adc4,3,/content/aptos2019_raw/train_images/1623e8e3adc4.png,PNG,RGB,2136,3216,2407777,valid,,963c281b9006990946a2b5b246137186c282609081d91d471d1ddd3fa88dbf13,validation
1633f8291a80,0,/content/aptos2019_raw/train_images/1633f8291a80.png,PNG,RGB,614,819,286240,valid,,4420789d6c8d959ac34963f2c5d02ffa0c001e5972a4e8caa05022048effb031,train
1638404f385c,4,/content/aptos2019_raw/train_images/1638404f385c.png,PNG,RGB,1000,1504,1373194,valid,,2c381912aae1194660919a2187c66745892bd90fff98a159464f76b4ef1694a2,train
164cd5a3a6cd,0,/content/aptos2019_raw/train_images/164cd5a3a6cd.png,PNG,RGB,1958,2588,1986967,valid,,d0d382f82e90f4cb89a104eb214b34f68429f77674d46aa2cd55ce8631b1fd39,train
165634a6167e,0,/content/aptos2019_raw/train_images/165634a6167e.png,PNG,RGB,1958,2588,5582790,valid,,3864c19148629fedd2276b03d47cdfae860be02ca576d1689c47964415f13837,train
165c548185f8,0,/content/aptos2019_raw/train_images/165c548185f8.png,PNG,RGB,1050,1050,1032299,valid,,b528a2f3d087798e0653405fa238f96d581ae2741e436d05da677ea6a119142a,train
165cd2070ebd,4,/content/aptos2019_raw/train_images/165cd2070ebd.png,PNG,RGB,2136,3216,2348077,valid,,d922def826e37a5ce53b7cf200b09801d4c2dd8a34d34cc252d8823edcdb35f5,train
166068a24416,3,/content/aptos2019_raw/train_images/166068a24416.png,PNG,RGB,1736,2416,2074057,valid,,65417a9b48fc65893c3a0f79ff037af31a1b492d657b261fd629ad315f16a54d,test
16ce555748d8,4,/content/aptos2019_raw/train_images/16ce555748d8.png,PNG,RGB,1736,2416,2064773,valid,,4c60bb00fe41ed5d033a5d554f516affd96ff046544a139087564775416e032b,test
17188c13e635,2,/content/aptos2019_raw/train_images/17188c13e635.png,PNG,RGB,1958,2588,5221225,valid,,b9f11bfca444c010e86294d8ea1f8582e64e358952208f63d0225e4d095e2290,validation
172df1330a60,1,/content/aptos2019_raw/train_images/172df1330a60.png,PNG,RGB,1736,2416,1856335,valid,,0fd23005d9143d39d7ff1fd9f09f1e5ee432ebc2ae2b4d54a506ffca3ae6de08,test
174db0854291,0,/content/aptos2019_raw/train_images/174db0854291.png,PNG,RGB,1050,1050,961029,valid,,c4913366940d322b900d4b3eb0df56621419b93641bf24c9158721fbe4bc95ef,train
175dd560810a,2,/content/aptos2019_raw/train_images/175dd560810a.png,PNG,RGB,1736,2416,2130042,valid,,635b59b70f7f7b8e62c8cc0418932ff47f9338e5095913d303672af9b42f241d,train
1782142e17d9,0,/content/aptos2019_raw/train_images/1782142e17d9.png,PNG,RGB,1050,1050,975198,valid,,64a7bc1cf24f4978946185a8e6f3742289c8f91bff6369f4b7a7a2dc8100cf3c,test
178412895d5e,0,/content/aptos2019_raw/train_images/178412895d5e.png,PNG,RGB,1536,2048,1940051,valid,,da4829ad74bb93d3e7d7c7e28234701e2de8a3ef9f411e0b49d50366c9066e83,validation
17d7d6b092f4,0,/content/aptos2019_raw/train_images/17d7d6b092f4.png,PNG,RGB,1536,2048,1804325,valid,,9fbeff283cf10f60f6184e08d60c4036a7081ee15c56b2c0fe72cbc768c37ad2,test
17d997fe1090,0,/content/aptos2019_raw/train_images/17d997fe1090.png,PNG,RGB,1958,2588,5123137,valid,,6e1c3f72f7a2da49311bd95f29b3e6c16bf54cbbd13e8904f153463ba65d614d,validation
17e6116b89b3,0,/content/aptos2019_raw/train_images/17e6116b89b3.png,PNG,RGB,1050,1050,965044,valid,,f57ea95c65897c441af5c25916187d538d7fd5e38a02dbb7e94ce6bab96f2e48,train
17eb5d4ad740,2,/content/aptos2019_raw/train_images/17eb5d4ad740.png,PNG,RGB,2136,3216,2835799,valid,,bf08e799e305493c349687ee20f88b5fcf41db2f4cf3843606c0061f79bb1189,train
17eff993386f,1,/content/aptos2019_raw/train_images/17eff993386f.png,PNG,RGB,1736,2416,2353700,valid,,62703cfc8cc70c64bf698d019e6e060aa9324ffd603a7026809a3d0f88bd5ad6,train
17f6c7072f61,0,/content/aptos2019_raw/train_images/17f6c7072f61.png,PNG,RGB,1050,1050,934006,valid,,aa110ae12e85e3ce4cc8b5d47661a38d2eedf5711d21f628515a80ee52671492,train
180afe1d5ef7,2,/content/aptos2019_raw/train_images/180afe1d5ef7.png,PNG,RGB,1736,2416,1737350,valid,,d26448ffaf82e63b4a5032f5c139e2ea8a36d85194391105fec6aa936d631612,train
18323d8f2470,2,/content/aptos2019_raw/train_images/18323d8f2470.png,PNG,RGB,1226,1844,1060800,valid,,f526380987fe44d5e50e8e34caf9297dd04e41fb171d6501814fd710ddf0c164,train
1844a039b4ea,2,/content/aptos2019_raw/train_images/1844a039b4ea.png,PNG,RGB,2588,3388,3373548,valid,,40f9f1a47c315f02c26d8f65eb7fa5579979b7e6564a39e32791bc531e80e067,train
184a185e7447,0,/content/aptos2019_raw/train_images/184a185e7447.png,PNG,RGB,614,819,337504,valid,,4f83d6755d24ed4d8ccb2789f5b2b237202ac208c2bf935e894d8738d8e2bf4c,test
18621b9ca978,0,/content/aptos2019_raw/train_images/18621b9ca978.png,PNG,RGB,614,819,333743,valid,,0515f08b1cd30cad9096b2a909a2093dd562f7d8ed9555aa5c3049766099db38,test
1864d3411143,0,/content/aptos2019_raw/train_images/1864d3411143.png,PNG,RGB,1536,2048,1941341,valid,,110fa80bc741679f0ec5bb601204b37bb41a40cea52ee33bb281f90fa86ca6a3,train
186c1835eec5,0,/content/aptos2019_raw/train_images/186c1835eec5.png,PNG,RGB,1050,1050,862238,valid,,44eb78b2216910724aede4a6534e03845d0c7202ecf6236830a7c35a125948bb,train
187f6ccda87a,4,/content/aptos2019_raw/train_images/187f6ccda87a.png,PNG,RGB,2848,4288,5805468,valid,,de6eb83d9d4e54fc73da867a7f1850187994a4b741dbacf90e428cb604674197,test
188219f2d9c6,0,/content/aptos2019_raw/train_images/188219f2d9c6.png,PNG,RGB,1536,2048,1942092,valid,,3c0a57d172bd5c30353b8fbf9b7ec66698c58e91d1d3099db69b0b26402609ce,validation
188a9323be03,2,/content/aptos2019_raw/train_images/188a9323be03.png,PNG,RGB,480,640,391982,valid,,11e92e6ae9c5d8cbc40d087b5bdd72d84774af10a53270e0d1b2b964ec829ef1,train
1891698febce,0,/content/aptos2019_raw/train_images/1891698febce.png,PNG,RGB,1958,2588,5139136,valid,,8f7dc1b5bd3963e0c882778f32f76ac52cb0747e80934fc1ebe5d1b39c474562,train
189cbbc9e5e3,0,/content/aptos2019_raw/train_images/189cbbc9e5e3.png,PNG,RGB,1536,2048,1934385,valid,,5f26bf74b82e87ae747441684bbe2404b8b9a346acfa914d990fc36c0e9b815c,train
18af532e7e1e,2,/content/aptos2019_raw/train_images/18af532e7e1e.png,PNG,RGB,1958,2588,5332789,valid,,1c8313da24c32720c00972e8e79b2e9d66d8d5bdef51fbfca593f8559defeea8,validation
18b06f56ab27,1,/content/aptos2019_raw/train_images/18b06f56ab27.png,PNG,RGB,2588,3388,7189702,valid,,a8600c3ace6799035729ed1b1cc6e7680568d10bdd7bd5b03db2f06149862542,train
18b7e34eab8f,0,/content/aptos2019_raw/train_images/18b7e34eab8f.png,PNG,RGB,1050,1050,947777,valid,,c526efa277ed4b335f0ad194dbbbea3efa3319ffc363fd7bd81115d0fabdf820,test
18b99159a14f,0,/content/aptos2019_raw/train_images/18b99159a14f.png,PNG,RGB,1050,1050,963602,valid,,0af9b6f88d419ff5c2f9db45e1d133425d1a41dd7b6733d41593c3b191e775f9,train
18cde9649e90,0,/content/aptos2019_raw/train_images/18cde9649e90.png,PNG,RGB,1536,2048,1892523,valid,,ea75baa95a0adbb0f84dd904ee72297a0c57819abd2ca8ba952eb908cb8b77ed,train
18ce0cdc473d,0,/content/aptos2019_raw/train_images/18ce0cdc473d.png,PNG,RGB,1958,2588,5535242,valid,,d4857b54cfae0fe3a1b9d4d8a6720df765421b8101d2aacdbec4c43ef735949e,train
18d8fdb140b7,2,/content/aptos2019_raw/train_images/18d8fdb140b7.png,PNG,RGB,2136,3216,2246243,valid,,24bfdfce14f684f4ad9c89b993deeecd6fd17a16a03dd949c8f36389a201c986,test
18f1f979d30d,2,/content/aptos2019_raw/train_images/18f1f979d30d.png,PNG,RGB,1958,2588,5218743,valid,,996838801d72b12385ce959bdb1949547f6dd16f4d680d76bf6342085656fec9,train
190a309f2cc5,0,/content/aptos2019_raw/train_images/190a309f2cc5.png,PNG,RGB,614,819,277924,valid,,34f7b705cdd3dfa88ec3402f688a68a1149d114b3151acae06fe4156219e38d4,train
19113e5f45ec,2,/content/aptos2019_raw/train_images/19113e5f45ec.png,PNG,RGB,2136,3216,2708637,valid,,d85ffe3935c81f8b351bb6fd663bd4ee9e308362892787825ba85e8a77fe7504,train
191348830ddf,2,/content/aptos2019_raw/train_images/191348830ddf.png,PNG,RGB,1958,2588,5313053,valid,,7c37d00e839ee079effe6b236064b55efd9286591f35c0d1d2eef46c38638d87,train
191a711852bd,3,/content/aptos2019_raw/train_images/191a711852bd.png,PNG,RGB,1736,2416,2116314,valid,,221eb11ac2802876b930cd42275010b6e585c7a07b2c67a8c5af4be7f520d160,test
191cf5668f33,0,/content/aptos2019_raw/train_images/191cf5668f33.png,PNG,RGB,1050,1050,1000994,valid,,0c71d2b77522ee95b2349e002e90b347c15c2352262f590afa42307029261258,train
19244004583f,3,/content/aptos2019_raw/train_images/19244004583f.png,PNG,RGB,1736,2416,2156859,valid,,9613b9a415d1833deb06ebbbf4fb275b1d6d34b7673a11dd437c122ab1d75b29,train
1943983492e5,2,/content/aptos2019_raw/train_images/1943983492e5.png,PNG,RGB,2136,3216,2456533,valid,,e2f3d459c57bbd8633074fc27dcdc2e3d8b4576a169d977c97f5fcb6df0819d0,train
194814669fee,1,/content/aptos2019_raw/train_images/194814669fee.png,PNG,RGB,1736,2416,2146265,valid,,e4aa01172cacbe4b0a1079b66d7868e295271430874850b832119cea01572c41,train
19545647508e,0,/content/aptos2019_raw/train_images/19545647508e.png,PNG,RGB,1050,1050,1022851,valid,,65fc1166d2f8bb1141c75b6f0f93fafcd957be33f3f9bd2f3173d34e957e4dd8,validation
1968183f0e61,2,/content/aptos2019_raw/train_images/1968183f0e61.png,PNG,RGB,2136,3216,2483949,valid,,fd06d1e317eb780ed7ce985020cf6dfb3ae9d94f075276a1b33a4652d494cada,train
196e6a186452,2,/content/aptos2019_raw/train_images/196e6a186452.png,PNG,RGB,1736,2416,2416379,valid,,0096b8169a75f528dd8bcc53b00fc7efdddafc852b1b92e1323f0a0e14852279,train
19722bff5a09,1,/content/aptos2019_raw/train_images/19722bff5a09.png,PNG,RGB,1736,2416,2168916,valid,,90244e1234f56fda292e32633190178cac6172fbbf41e6b3fc1e540a6de79f30,train
197af0de76e2,0,/content/aptos2019_raw/train_images/197af0de76e2.png,PNG,RGB,1050,1050,1039677,valid,,4d2fe030a96e8b5564187fcde7f10b497d7cc1beec65391746a0193f5aff26b9,train
19b0e3c734f5,0,/content/aptos2019_raw/train_images/19b0e3c734f5.png,PNG,RGB,1050,1050,930950,valid,,90d3c926b420b2dd3ba7a019901f1f512e55c15174ade5696405d940ad87045c,train
19e350c7c83c,1,/content/aptos2019_raw/train_images/19e350c7c83c.png,PNG,RGB,1736,2416,2168916,valid,,90244e1234f56fda292e32633190178cac6172fbbf41e6b3fc1e540a6de79f30,train
19ef4d292196,4,/content/aptos2019_raw/train_images/19ef4d292196.png,PNG,RGB,1226,1844,913095,valid,,abae106af7ff5368602049825cfe057d8bc9ceab4aeb325c58c1a672fccffc4b,train
1a03a7970337,1,/content/aptos2019_raw/train_images/1a03a7970337.png,PNG,RGB,1736,2416,1982643,valid,,9dd159e3a8b99e683d5bea8134673e0d1ce2903d283485228df525892ebaf9be,train
1a0dbc6c0cda,0,/content/aptos2019_raw/train_images/1a0dbc6c0cda.png,PNG,RGB,1050,1050,924103,valid,,ddbd824c0b95762c0e2cdf603dcc50ba76538141c66463511eeadf259d6ae2f7,train
1a19f2ef4472,0,/content/aptos2019_raw/train_images/1a19f2ef4472.png,PNG,RGB,1958,2588,5444271,valid,,332697a2b3bd97ef06cc95df2b971d79d24347b03aadd19d69e91b7cf1084340,train
1a1b4b2450ca,2,/content/aptos2019_raw/train_images/1a1b4b2450ca.png,PNG,RGB,2136,3216,6066237,valid,,2aa828f9b70444858aa15441b2ee6296ae0ecf7b4819ab8796d15363f25978fd,train
1a1e974a7dbf,0,/content/aptos2019_raw/train_images/1a1e974a7dbf.png,PNG,RGB,1050,1050,1094695,valid,,18e509c3b4b1773f896de7dc2c5dcede518fdd23179db3b90ab7c9dae51691e0,train
1a369baf9ee6,2,/content/aptos2019_raw/train_images/1a369baf9ee6.png,PNG,RGB,1958,2588,5445707,valid,,062f3c25c138e98106870cca3fb312cabd421ab818d49dd46597b5129629e7bf,train
1a7e3356b39c,4,/content/aptos2019_raw/train_images/1a7e3356b39c.png,PNG,RGB,2848,4288,5189683,valid,,54875b75130200fbd09c3a63e6372b8786c8ae55aa56d94e848e3200124d92fe,test
1a90fad9ffa2,4,/content/aptos2019_raw/train_images/1a90fad9ffa2.png,PNG,RGB,2588,3388,7448000,valid,,ce8c029599997891dcb7d9be489eb1d950b06e3ae7d564f33ca5050f42cdc983,train
1ab3f1c71a5f,3,/content/aptos2019_raw/train_images/1ab3f1c71a5f.png,PNG,RGB,2136,3216,3460608,valid,,1cbced6bbfa17dfb7a41d8b45f01cbc0287f88f65691b970bb4dfb6ca5cd4707,train
1ab8d3431ffc,0,/content/aptos2019_raw/train_images/1ab8d3431ffc.png,PNG,RGB,1958,2588,5649556,valid,,509e05173f9bf02978047c8636688b29eae35ec50d7064b17abba51d058e5950,train
1ade1e949383,2,/content/aptos2019_raw/train_images/1ade1e949383.png,PNG,RGB,2136,3216,2785598,valid,,04e185631fa46524087bd836e04609295d98363be8c8c82a4ab454b4e97faeae,train
1ae3c58759fb,0,/content/aptos2019_raw/train_images/1ae3c58759fb.png,PNG,RGB,1050,1050,975503,valid,,d1da7663e19eadb3b042230db9e695b22d1e1a2f9fd940afa8b7875570689b44,train
1ae8c165fd53,2,/content/aptos2019_raw/train_images/1ae8c165fd53.png,PNG,RGB,2136,3216,2102381,valid,,a6841736d4ff279e69859cb1e59dc9e9a3805ac317496bc5f487e3c71dd42e74,train
1b329a127307,1,/content/aptos2019_raw/train_images/1b329a127307.png,PNG,RGB,1958,2588,5269196,valid,,84809f3bf606b830ad2fff852f0697c35326a00cb92d76a27c9c66cc97bd1556,train
1b32e1d775ea,4,/content/aptos2019_raw/train_images/1b32e1d775ea.png,PNG,RGB,1000,1504,1286964,valid,,dadd3adf880e5d8123c5058293b76a7ee6c8399336a8af32d97c725d3c756156,validation
1b3647865779,0,/content/aptos2019_raw/train_images/1b3647865779.png,PNG,RGB,614,819,300710,valid,,ed6e303585ecaa647af99bde3e9f4be6f33a1c69f9a3a5c7f4f63f877e866a9a,train
1b398c0494d1,0,/content/aptos2019_raw/train_images/1b398c0494d1.png,PNG,RGB,1050,1050,910772,valid,,dbe533ab44b2e0ea6e0dd347e5b0dfdc343032107533a522fed5ca890bf0b00d,validation
1b4625877527,2,/content/aptos2019_raw/train_images/1b4625877527.png,PNG,RGB,1000,1504,1367147,valid,,0551014558f68803bb0bac7869ccf2d534eb1e339fb2cb4a679fca7fe37fc26f,train
1b495ac025b7,3,/content/aptos2019_raw/train_images/1b495ac025b7.png,PNG,RGB,1736,2416,2298579,valid,,99e1ffee61556e0300e6a29c26560d416eaf7b97d8ac52e1a7bc36f65baac57b,validation
1b862fb6f65d,0,/content/aptos2019_raw/train_images/1b862fb6f65d.png,PNG,RGB,1050,1050,1036413,valid,,1d860fac6ecbe4285e3017c8c1810de4697e7601179cb44544c2254448994ecd,test
1b8701231c8f,0,/content/aptos2019_raw/train_images/1b8701231c8f.png,PNG,RGB,614,819,291570,valid,,0968b9e0e3616a13da21316fd7dfd60558ac3345f460bd0d13f11091458a2892,train
1b8ad0afe9fb,2,/content/aptos2019_raw/train_images/1b8ad0afe9fb.png,PNG,RGB,1958,2588,5477665,valid,,00f8f8c72f26ec7bd42dd7938d4dcdefef6c8886926aa25e3505eab6ddd43deb,train
1bb0ddfe753a,1,/content/aptos2019_raw/train_images/1bb0ddfe753a.png,PNG,RGB,1736,2416,2563139,valid,,ba7ff269f2a77a920505dd55de53fd1cfe973f51debff5fab03f14e204aace0d,train
1bea04b2bb2d,2,/content/aptos2019_raw/train_images/1bea04b2bb2d.png,PNG,RGB,2136,3216,2070946,valid,,cec43deb69e05a5fee8ebe99a1a2f93144cd95255d0678ca4044f707f905713e,train
1bf30c84bbad,4,/content/aptos2019_raw/train_images/1bf30c84bbad.png,PNG,RGB,2848,4288,4530336,valid,,2ddeaa4441570363ff24c172f9453d253d829957f2f1a4de24163fb158342988,train
1c0cf251b426,1,/content/aptos2019_raw/train_images/1c0cf251b426.png,PNG,RGB,1736,2416,2321976,valid,,c84686e2a1f3391c4e03fc3b7ae6b09590aa7414420de4256b43d871c3754cbf,train
1c0e5dd1b14c,2,/content/aptos2019_raw/train_images/1c0e5dd1b14c.png,PNG,RGB,2136,3216,2215291,valid,,bab51d36545530d8ad7ebaef67b3f041ca9fb967d2458e67b11b1cb6d4e1a803,validation
1c13a1483f4a,0,/content/aptos2019_raw/train_images/1c13a1483f4a.png,PNG,RGB,1050,1050,917840,valid,,21ea94ab90c50a0fc637b8df6765aa918228fccd218b27a057376a34ecd405c1,train
1c3a6b4449e9,1,/content/aptos2019_raw/train_images/1c3a6b4449e9.png,PNG,RGB,1736,2416,1909289,valid,,287680b8c5d66e480896ef16b1cf255f21f0c6219c44f33cd116ceddaa55a523,train
1c47815f4a6b,0,/content/aptos2019_raw/train_images/1c47815f4a6b.png,PNG,RGB,1117,1476,1056679,valid,,4cae95e69aea65239f35604ce4d41ab691b0108102ab26c03269c9b0a7e9b669,train
1c4f3aa4df06,4,/content/aptos2019_raw/train_images/1c4f3aa4df06.png,PNG,RGB,2136,3216,2901103,valid,,052a078dd739a3dc6009f54622ff752619630858236fb8fbaf72792921684e41,train
1c578b72d7b3,2,/content/aptos2019_raw/train_images/1c578b72d7b3.png,PNG,RGB,2588,3388,3694290,valid,,38f1ae3408aaf9e7e08e494b4c03127af31d86fb3b5c14ca9f46b440b9980db8,train
1c5ad36fb799,2,/content/aptos2019_raw/train_images/1c5ad36fb799.png,PNG,RGB,2136,3216,2428567,valid,,2be7ba61ca33ddebe9103fe6694f4916b9276baebcc64bd185ac8fe9edf4eefa,train
1c5e6cdc7ee1,2,/content/aptos2019_raw/train_images/1c5e6cdc7ee1.png,PNG,RGB,1424,2144,2634003,valid,,d013a6ae90e1bdd673dd3ced32a6a7f9d90834d63ff7a179ccdfc2168858643a,test
1c6d119c3d70,2,/content/aptos2019_raw/train_images/1c6d119c3d70.png,PNG,RGB,1000,1504,1272159,valid,,37e782c29d7696b30397dd4d9c7bd34d6696f56d7c1e382a1104d576b058564d,train
1c7a013eeba7,0,/content/aptos2019_raw/train_images/1c7a013eeba7.png,PNG,RGB,1050,1050,971796,valid,,baf7e18a9501c79b6d6230305b05de237407538d7b4ad5f1fb03ae1c43069507,validation
1c9521878baf,3,/content/aptos2019_raw/train_images/1c9521878baf.png,PNG,RGB,2136,3216,2665593,valid,,32e8ab737fdad82def89f27e5d064db833e7e61c1d94a87b64fd540e76571400,train
1ca35d483772,0,/content/aptos2019_raw/train_images/1ca35d483772.png,PNG,RGB,1050,1050,970274,valid,,2e17a493fa85101a021ac5f0e20f57ea43b78697925b269d81c871dff252cf08,train
1ca62b3e4fd3,0,/content/aptos2019_raw/train_images/1ca62b3e4fd3.png,PNG,RGB,1958,2588,5246346,valid,,028151e658e07205d192a47d24ae1d0d3fb795175b3ec46dd80496d0bd230ba4,test
1ca91751be4d,0,/content/aptos2019_raw/train_images/1ca91751be4d.png,PNG,RGB,1050,1050,966971,valid,,8869c071c112c37cf8df1492305639adbcf1444c11be7a8ff9570c4492163cbf,train
1caba2fb38f6,0,/content/aptos2019_raw/train_images/1caba2fb38f6.png,PNG,RGB,1050,1050,1050818,valid,,e4f8216520b154b4fee0c78ae6afb062c8e7fe00e43d8395fc552344db8c4ffe,train
1cb6961d141c,0,/content/aptos2019_raw/train_images/1cb6961d141c.png,PNG,RGB,614,819,298693,valid,,2f44e836ba59c753a440cf68b70f06811473f9133ea3aafab80a49aebe1c10a4,train
1cb814ed6332,2,/content/aptos2019_raw/train_images/1cb814ed6332.png,PNG,RGB,1000,1504,1306382,valid,,4bfb126710f9f1f95975d5579bd02e7a7ded0cadec238c080d0e6ccf35a3ff08,train
1cc58b15f466,0,/content/aptos2019_raw/train_images/1cc58b15f466.png,PNG,RGB,1958,2588,5467719,valid,,f7d646238ec37f1d24da771a2f351d60ef32229f76cc38a8bf2ba5e5086e4895,train
1d0b93317aa8,0,/content/aptos2019_raw/train_images/1d0b93317aa8.png,PNG,RGB,1536,2048,1678693,valid,,79d5409f064bd9e4b00a172de04808a569df65bfb49d96348dcb805262c4f5f3,train
1d11794057ff,1,/content/aptos2019_raw/train_images/1d11794057ff.png,PNG,RGB,614,819,345246,valid,,a25c3829ee3a324bb0d8aba80db0bc04d810fa13e5492e3593f816789655d39e,train
1d14dd912671,2,/content/aptos2019_raw/train_images/1d14dd912671.png,PNG,RGB,2136,3216,2232030,valid,,4eb377232b54ccb2ba2671f3949d19182eebe6779e9e9a0cb85428584aefb6bc,test
1d2472849dce,0,/content/aptos2019_raw/train_images/1d2472849dce.png,PNG,RGB,1050,1050,1034547,valid,,b9cf01d882692382c903c9a5cf5fe8457a30d38fc3cb7db786dbad4271c03a03,train
1d29cb2f4296,0,/content/aptos2019_raw/train_images/1d29cb2f4296.png,PNG,RGB,1958,2588,5353190,valid,,c4f63ff80b08ef4820bd3876a18c4a36973b75a16da9437eca0189d542478608,train
1d37f1c8b6d8,0,/content/aptos2019_raw/train_images/1d37f1c8b6d8.png,PNG,RGB,1050,1050,916459,valid,,da54397fb089b19873c85453d154311d92e3410a1b6bae20200141b3c6f85bbf,train
1d3e9b939732,0,/content/aptos2019_raw/train_images/1d3e9b939732.png,PNG,RGB,1050,1050,930012,valid,,88df6d42213dbe6d513ba5434e7c762d6024d3b8bb60b10ffdc4598209912da0,train
1d46f1326394,0,/content/aptos2019_raw/train_images/1d46f1326394.png,PNG,RGB,1050,1050,1055588,valid,,f46765d7a87643abef19bd15fd4f45db821f08fada3d726fd07fb321568ad7dc,train
1d55e689cf84,2,/content/aptos2019_raw/train_images/1d55e689cf84.png,PNG,RGB,2588,3388,6915751,valid,,5c09de2c995c6a9f702f4aee06c12dc3e5513a9927a80ec909360b04b925660d,train
1d674e2e32e0,1,/content/aptos2019_raw/train_images/1d674e2e32e0.png,PNG,RGB,2848,4288,4974392,valid,,374f62f3014d2bfd7a27060d6bf84de5b86ba3094e576f7875e7ca2e9b0f8f51,train
1d74c4713e21,0,/content/aptos2019_raw/train_images/1d74c4713e21.png,PNG,RGB,1536,2048,1929875,valid,,8406760798358461186a92b5ff5da332a786bed5738e9bdf3bdb31f6b2f97132,train
1da25637859b,2,/content/aptos2019_raw/train_images/1da25637859b.png,PNG,RGB,2588,3388,7377176,valid,,8eb7199320634f0c8a568da4d901937ff7f21efa570c89b07a8a6a6fdea61d5d,validation
1da4a17c18c9,0,/content/aptos2019_raw/train_images/1da4a17c18c9.png,PNG,RGB,1050,1050,1040025,valid,,2a8d8ed3a131de09186f93e4f971fb1a43ed2e8363f1bcded758b0c6d8aed7b9,validation
1db0393cdbc1,0,/content/aptos2019_raw/train_images/1db0393cdbc1.png,PNG,RGB,614,819,341186,valid,,c72e607139b00cdfcc70b3b124010817d9223f386c2b9583b1f913388037c317,validation
1db18bdd43aa,2,/content/aptos2019_raw/train_images/1db18bdd43aa.png,PNG,RGB,1958,2588,5068503,valid,,0d4bb13d4cfb8f8828323a331c09e1d7d5360021933b2293e1044e71b763b81a,validation
1db6bb46c102,0,/content/aptos2019_raw/train_images/1db6bb46c102.png,PNG,RGB,1050,1050,1011760,valid,,b9309d9ec902f6a7b023ea7b862350222ea7c18d15c1d02f64f33dcbf5c3300c,train
1dbdc32c17db,2,/content/aptos2019_raw/train_images/1dbdc32c17db.png,PNG,RGB,480,640,380247,valid,,7b91bba89b80dcb971519a515d6d6cb1fae7f5fbec6096f835ed03ec1d02485b,train
1dd9adcbfff4,2,/content/aptos2019_raw/train_images/1dd9adcbfff4.png,PNG,RGB,2588,3388,3968032,valid,,a3d392d527c154592017e1dac57d10d9de86c6ac0144b8263d7814293cf86146,train
1df0431bfa73,0,/content/aptos2019_raw/train_images/1df0431bfa73.png,PNG,RGB,1536,2048,1931442,valid,,f4ae6b1211d6cae0b2ba5289f58947a428c7232a1f662a9d8d9e8930c61ac503,train
1df0a4c23c95,0,/content/aptos2019_raw/train_images/1df0a4c23c95.png,PNG,RGB,614,819,292912,valid,,1388ff6632c9940c4758514a2bc0400505b48565999f6d45c8dcd5e42221d80e,train
1df1530b9b8d,0,/content/aptos2019_raw/train_images/1df1530b9b8d.png,PNG,RGB,1050,1050,1067137,valid,,888efbac2e25013607b2278b11531cc8e6c1d5badfba7f9351c339d1670de535,train
1df3e03a8f5f,1,/content/aptos2019_raw/train_images/1df3e03a8f5f.png,PNG,RGB,1736,2416,2186691,valid,,3a9c162469a87e2abfc47385b95f43765423ed85f6ed2712c04c644f09eda72d,test
1dfbede13143,2,/content/aptos2019_raw/train_images/1dfbede13143.png,PNG,RGB,1424,2144,2700206,valid,,10fb54b00b9d357e7001a83c3efff627e6b39eb00a3373c316d8110ff480bbad,train
1dfe599d12a9,0,/content/aptos2019_raw/train_images/1dfe599d12a9.png,PNG,RGB,614,819,297760,valid,,dcd71e6aa95af9a559f0de8172ccfa5331c288c610636822cf9f31dd4b8a8d25,train
1e036f2e7095,0,/content/aptos2019_raw/train_images/1e036f2e7095.png,PNG,RGB,1958,2588,5276373,valid,,159ffe78b5629e6fd818cb088b3733433a29c991d5dabf1b6724e8898a358327,test
1e143fa3de57,2,/content/aptos2019_raw/train_images/1e143fa3de57.png,PNG,RGB,1000,1504,1326860,valid,,e49140db37991765f62bf3e9dfeec590dd459eb66bc55ca40a43bece609cb82b,train
1e1fb019710d,2,/content/aptos2019_raw/train_images/1e1fb019710d.png,PNG,RGB,1736,2416,2329394,valid,,c0f97fae1f2242b65dd5023fb917c3bdd43660e9ad21499918b6f2fed2c830c5,train
1e4650743fa2,2,/content/aptos2019_raw/train_images/1e4650743fa2.png,PNG,RGB,2136,3216,2584048,valid,,c4bc183fc68e1368dbe90a334926be141b40213a7f572008d47d5733857ff923,train
1e4b3b823b95,2,/content/aptos2019_raw/train_images/1e4b3b823b95.png,PNG,RGB,1958,2588,5515379,valid,,c23a646148c871afe52ea9fd0ef283c7e5261c67ca46555c0ee453493560261a,validation
1e742358e0b9,0,/content/aptos2019_raw/train_images/1e742358e0b9.png,PNG,RGB,1117,1476,2106456,valid,,f13b9221ef36989788c7e30ec5e783518e966cbd22e8a343402be4b2cd8a3769,test
1e7ccd4a1c87,0,/content/aptos2019_raw/train_images/1e7ccd4a1c87.png,PNG,RGB,1958,2588,5658514,valid,,5e713ddfa84af759db8e9f4a8741081fe2b00fb4d1a18c3bb5fff505af3e0d85,train
1e8a1fdee5b9,1,/content/aptos2019_raw/train_images/1e8a1fdee5b9.png,PNG,RGB,1736,2416,1714449,valid,,e6c624e1252a492e41da775d584c950ebbafcd266726dad44bb130d9e538442d,train
1e8c31e29dd3,0,/content/aptos2019_raw/train_images/1e8c31e29dd3.png,PNG,RGB,1050,1050,965951,valid,,c950e004c08b134dc3f8453f1efb5ee9eaff7e4eb4ecd795f6d5c852c729d4c3,train
1e9224ccca95,4,/content/aptos2019_raw/train_images/1e9224ccca95.png,PNG,RGB,2136,3216,5897203,valid,,c672cf24c2b9cb0494690c43fcb8a9e1cfee52bdadc16e926c99d67a1595f181,train
1ec95179cdfe,0,/content/aptos2019_raw/train_images/1ec95179cdfe.png,PNG,RGB,614,819,375794,valid,,f11fc67f1558035f0fdd88de29a556d1c1cb6934fb439c1735ea5e52965e8851,train
1ee1eb7943db,2,/content/aptos2019_raw/train_images/1ee1eb7943db.png,PNG,RGB,2136,3216,5703399,valid,,e7a76ef989a82224362185b93c26ff64f49154d246743ccf3831cbdd0557b0b9,train
1ee355480567,0,/content/aptos2019_raw/train_images/1ee355480567.png,PNG,RGB,1536,2048,1713533,valid,,d3571b46b07d69f8e7bdfaf79803a59537ed9daa088329f79ece862e8f44d713,validation
1eee55494271,0,/content/aptos2019_raw/train_images/1eee55494271.png,PNG,RGB,1536,2048,1631783,valid,,fd328f3f2cf9032cf4710db6b5ec3fbf2f6179b26e648e0ddd72f9be057f1879,test
1efa5d443707,4,/content/aptos2019_raw/train_images/1efa5d443707.png,PNG,RGB,1226,1844,907802,valid,,b1a0d2892888b91b4898a8b7ab929135684c6fa1610df4b6ea096a0eecea6b9a,train
1f07dae3cadb,2,/content/aptos2019_raw/train_images/1f07dae3cadb.png,PNG,RGB,2136,3216,6140663,valid,,3c42dbb47c521bfee711f2d9cdda7be79090961722e2e1180e8648d3f8109340,train
1f0e223b8055,2,/content/aptos2019_raw/train_images/1f0e223b8055.png,PNG,RGB,2588,3388,4231092,valid,,c73f0eaa2b8a45fdc941b355b0f493d238e42bbd77f96c9df7ada058cce2c922,train
1f15ca672675,0,/content/aptos2019_raw/train_images/1f15ca672675.png,PNG,RGB,1536,2048,1878898,valid,,5ba1b0d53ba1cbd08a81e27cb2b8fa544f9cf78be7632fe70a9ee018043f0fe9,test
1f31701dd61b,0,/content/aptos2019_raw/train_images/1f31701dd61b.png,PNG,RGB,1050,1050,765287,valid,,143610bb39c3d469ccc4ac2b2839fb9be6a8fa3d7ec380d480a80222c0f6a17f,train
1f3f32efaf20,0,/content/aptos2019_raw/train_images/1f3f32efaf20.png,PNG,RGB,1050,1050,960390,valid,,a3b381e572faf99c5ec99f7c0e72965e57945b883f1c64c1a6bc472198d237c9,train
1f4bf8e28b41,2,/content/aptos2019_raw/train_images/1f4bf8e28b41.png,PNG,RGB,1736,2416,1794076,valid,,a07774a3a17e60922325dcb42d0b24b8abca2d337e7fcc58b369fbb505f39a9d,train
1f4fb37e0854,0,/content/aptos2019_raw/train_images/1f4fb37e0854.png,PNG,RGB,614,819,371453,valid,,91bb4367fb73ce14837dda6aa3ebc7742c26851e084b71a81c9f2db34c5df4db,train
1f543a86c4d4,2,/content/aptos2019_raw/train_images/1f543a86c4d4.png,PNG,RGB,2136,3216,2085283,valid,,957bb82b98d46968407d543ea55211820d44ccc8e2e39c3252cc9179c6bdd33e,test
1f5496352859,0,/content/aptos2019_raw/train_images/1f5496352859.png,PNG,RGB,1536,2048,1946962,valid,,f94e620f6248258a4da291f95bf6f0688d3581dd3f6bc7ef55ff6669eb43ad84,train
1f63d44d9e3c,2,/content/aptos2019_raw/train_images/1f63d44d9e3c.png,PNG,RGB,1050,1050,866565,valid,,78b931b5bd8ef02454492423b072d342ea4535d29855f9d0e02e101f47a3a73e,train
1f9ccda4ddf2,0,/content/aptos2019_raw/train_images/1f9ccda4ddf2.png,PNG,RGB,614,819,329811,valid,,55c3839161b3cce1c97b4b004d1a0f47196b14e5aade9e88caa93a14e844700a,train
1faf8664816c,0,/content/aptos2019_raw/train_images/1faf8664816c.png,PNG,RGB,1050,1050,922249,valid,,72cbe93ff6ac468a449e47f7383f81796ba94121858d0d8acd36e6578c0ab94e,train
1fb455685328,0,/content/aptos2019_raw/train_images/1fb455685328.png,PNG,RGB,1050,1050,1001443,valid,,88b7c35bc90e760cb9903b00473c331ec7671c11ee271426bb951f2a0bbad85b,train
1fd5d860d4d7,4,/content/aptos2019_raw/train_images/1fd5d860d4d7.png,PNG,RGB,2588,3388,7549287,valid,,2219325148162225c91c096d112bc38e59bd19cd62e6a2e97ea8eacb45081921,train
1fddd7c98fd2,0,/content/aptos2019_raw/train_images/1fddd7c98fd2.png,PNG,RGB,1958,2588,5051385,valid,,db9dbe4ef6d43b937bb2cbe058ccde241efd4e3fd56f01998c3355c1813dc961,validation
1ffaa51a6245,2,/content/aptos2019_raw/train_images/1ffaa51a6245.png,PNG,RGB,480,640,426050,valid,,81c5bb6448886ae1e93ba8554ae1b0f4dd427ba6338112cbeac3d6d4194f7220,train
200d947f75db,1,/content/aptos2019_raw/train_images/200d947f75db.png,PNG,RGB,1424,2144,2873248,valid,,cdb0a0e03c8aba637e2aa43647979eb0d17d8461a37f78360e8945970e21860c,train
2017cd92c63d,4,/content/aptos2019_raw/train_images/2017cd92c63d.png,PNG,RGB,1736,2416,2136285,valid,,8d52eab995309d98c94b8af0abef4123d3f67cc11813af16cfcebd3bac42888e,train
201f6e10c108,0,/content/aptos2019_raw/train_images/201f6e10c108.png,PNG,RGB,1050,1050,1005632,valid,,cc316ec0acf5360960de2a3cbf98f4878c0c117915bff06d9ef506099d1e87d3,train
201f882365d3,0,/content/aptos2019_raw/train_images/201f882365d3.png,PNG,RGB,614,819,416658,valid,,64bdca96119ee54eeaa43898a452740fd63066c8c2f2a0d155fc0e07e2931f8d,test
203275daf46d,2,/content/aptos2019_raw/train_images/203275daf46d.png,PNG,RGB,1736,2416,2177259,valid,,31f836f1ce6aacd14b8c4245bec4e481647a4047a418707f85ea2d26444d82dc,train
20404ec7b518,2,/content/aptos2019_raw/train_images/20404ec7b518.png,PNG,RGB,1736,2416,2490591,valid,,0147b88486fdd0034b828b17aef124be5a560c5f333ca0fe0464802a6a16f9fd,train
20688cb25704,2,/content/aptos2019_raw/train_images/20688cb25704.png,PNG,RGB,1736,2416,2350830,valid,,f6f37d72cd125ef9a2525f289d95a3109cff0ca8c464206cac384b1796c8da2e,validation
207a580de0ea,2,/content/aptos2019_raw/train_images/207a580de0ea.png,PNG,RGB,2136,3216,2901785,valid,,c6913a3e92e5c4c9adeed7439bc2f5a378c182d010d67ffe53dc75fe75a40fe4,validation
207dd0487264,0,/content/aptos2019_raw/train_images/207dd0487264.png,PNG,RGB,1050,1050,1019424,valid,,94bd336d8165265244fc8680474d809a0e7beb374c2c268c01d56745b234ac4b,validation
20c883d3bd38,2,/content/aptos2019_raw/train_images/20c883d3bd38.png,PNG,RGB,2588,3388,7251275,valid,,443a03e44cb1e71850a08d841332349c6aa20a72ede2f41703b571133f106f57,train
20d5fdd450ae,4,/content/aptos2019_raw/train_images/20d5fdd450ae.png,PNG,RGB,2136,3216,2752189,valid,,688011d889b563e4f3fcbd05ced09d3356fc8b51f9cbcb82f55e23afcac32daa,test
20f86e068276,0,/content/aptos2019_raw/train_images/20f86e068276.png,PNG,RGB,1958,2588,5512219,valid,,57bf968cafdf5fd59c81debc90a64665507e4fa0a0657bd5c8faa9e30faf0247,train
21037f5c7790,0,/content/aptos2019_raw/train_images/21037f5c7790.png,PNG,RGB,1050,1050,892785,valid,,04111fd0db382548a2f9fbaca88cd4513eec4293be9c95917d53e313746e7a6d,train
210bfe0127c6,0,/content/aptos2019_raw/train_images/210bfe0127c6.png,PNG,RGB,1958,2588,5581507,valid,,f2439b45a7e7e100930fd8df58700982327ca6f148189532747893f98020ff35,test
211518c46162,4,/content/aptos2019_raw/train_images/211518c46162.png,PNG,RGB,2588,3388,7270106,valid,,79fa37379a9f9085ff91f966e3296511eec0cf66e8e3fb0a3a7e72e444e0acc7,train
2131aa3a1e6f,2,/content/aptos2019_raw/train_images/2131aa3a1e6f.png,PNG,RGB,1226,1844,690981,valid,,d6e50513d850da43e886d3248d4117a7bd1b0a5c4c1d7fbb44e70d923cf679e6,train
215d2b7c3fde,0,/content/aptos2019_raw/train_images/215d2b7c3fde.png,PNG,RGB,614,819,347022,valid,,827f60f4391587f2e7f6fd0af658aaa15068ea4030146ee8bb6475b0710afc48,validation
217dad18a5ed,2,/content/aptos2019_raw/train_images/217dad18a5ed.png,PNG,RGB,2588,3388,7319160,valid,,81447e18834746708b39aee60c5d341d7ce70c4cc35d51d13e3caf3bae83dac5,train
218c822a3dd9,0,/content/aptos2019_raw/train_images/218c822a3dd9.png,PNG,RGB,1958,2588,5682890,valid,,3f24b6014f6b2b77cdfd1f6af0a8509927ff2380750ceaf721efd788b6abaa6f,train
21abd36095a1,4,/content/aptos2019_raw/train_images/21abd36095a1.png,PNG,RGB,2136,3216,2732370,valid,,5d3984f97fa82d8b5121d442c77f1d5de99428ec599eed925fd1122ffd6add17,train
21d18b022429,4,/content/aptos2019_raw/train_images/21d18b022429.png,PNG,RGB,1958,2588,5394295,valid,,81baca1b3901642a739b35a0af7645ed52729acf75eaf3abcc7c81359288c56b,train
22098b1fe461,1,/content/aptos2019_raw/train_images/22098b1fe461.png,PNG,RGB,1944,2896,2285669,valid,,52532bc4317c4eb818a7afac0fea6784ef711905d1d6f1a52d91bb68aee27d9d,validation
2209daf71aab,0,/content/aptos2019_raw/train_images/2209daf71aab.png,PNG,RGB,1958,2588,5274005,valid,,6a661dced6836e079c89b58b31d948bb90d5f2736d5ca9431faea328614067ab,test
2221cf5c7935,0,/content/aptos2019_raw/train_images/2221cf5c7935.png,PNG,RGB,1958,2588,5682215,valid,,da0577161f9cb669445b7153a4e43dfcc2c6912364b49c596277ab828ec59c8a,train
222d0ac042b4,2,/content/aptos2019_raw/train_images/222d0ac042b4.png,PNG,RGB,1958,2588,5391898,valid,,e444ffcf3d9658f1c873799bf9b8f75e3b3a9558129f413eef0dbda41354251a,train
222f3ee3a1e8,4,/content/aptos2019_raw/train_images/222f3ee3a1e8.png,PNG,RGB,1736,2416,1792584,valid,,e21d391f5171427547f37fb92b1cf250e7bd381d5c6e8c08c342ed391abc2213,train
22325552a4e3,1,/content/aptos2019_raw/train_images/22325552a4e3.png,PNG,RGB,1736,2416,2029295,valid,,5a1299e3dd405a65f2f0cf21184ce45d910200c0e8614f20db05c9630f649e01,train
2241b7e90782,2,/content/aptos2019_raw/train_images/2241b7e90782.png,PNG,RGB,480,640,292963,valid,,6b092f08a5ebfb9a86fa30e0d59da7151528e4014c478518cab4a564e6996c86,train
22449af52060,0,/content/aptos2019_raw/train_images/22449af52060.png,PNG,RGB,1050,1050,1007759,valid,,93d6afcbd40dc076646470f9ff73d96461618e46c2563d1295559f9aba7d3a63,validation
224bb938e2dd,2,/content/aptos2019_raw/train_images/224bb938e2dd.png,PNG,RGB,2136,3216,3079972,valid,,972e1d6280b5b8e5a61d2cbe500f7a84580c17e714554d652bb4debf7cb3a6f5,train
224c14366e11,0,/content/aptos2019_raw/train_images/224c14366e11.png,PNG,RGB,1050,1050,1044694,valid,,c82b6f0a240d963935ad1192a1e03bf904c5408813e6f930bd5d944c67dd40a7,test
226c6ceb9185,0,/content/aptos2019_raw/train_images/226c6ceb9185.png,PNG,RGB,1536,2048,1673155,valid,,08c4f51e4941529b839cca38b91e5d95a16ff64e0cdbefdb7a94acc65d3e0318,train
22895c89792f,4,/content/aptos2019_raw/train_images/22895c89792f.png,PNG,RGB,1000,1504,1419847,valid,,ffb997ffbd69956a71c32696277fde6f69418329fc76c7e30b3e9cc4235ec077,test
22a6da005395,1,/content/aptos2019_raw/train_images/22a6da005395.png,PNG,RGB,1736,2416,2206163,valid,,5af70f5fdd2af04b794ac3274785f91a886c0e1804e0578854690f1209fceff0,train
22ce8ef69357,2,/content/aptos2019_raw/train_images/22ce8ef69357.png,PNG,RGB,1958,2588,5551007,valid,,6353d896be269135d5e4e9a4e8af7b7a577d4243ecf9009f79dcea4319de8b5a,train
22d843b2bbd1,0,/content/aptos2019_raw/train_images/22d843b2bbd1.png,PNG,RGB,1536,2048,1689157,valid,,dadb9669a4a59164162d3c5df3faba643d43c43e6476842399a3348d4a8f01e8,train
23148a40ecb0,2,/content/aptos2019_raw/train_images/23148a40ecb0.png,PNG,RGB,1736,2416,2174045,valid,,0ebe55ab99c85f7f21c3b6604b7c736489bd37e84945f136fd4311a64d6e5e8a,train
23175b7ef453,2,/content/aptos2019_raw/train_images/23175b7ef453.png,PNG,RGB,2136,3216,2107778,valid,,dffff1583170744755cf9ef51b3b4936aaf14c8a9759e6cafb91d750628ee141,train
232549883508,2,/content/aptos2019_raw/train_images/232549883508.png,PNG,RGB,1736,2416,1974877,valid,,ae6809bb1f60d7391d201121cd709e4fd9a14d1a353698a003098a518c39b02b,train
233d948e2544,0,/content/aptos2019_raw/train_images/233d948e2544.png,PNG,RGB,1958,2588,5473398,valid,,c49df534bdc7b5788b22180bad382c2fa69a627eddca180765452aa6eb4cd989,train
234399352d36,2,/content/aptos2019_raw/train_images/234399352d36.png,PNG,RGB,1226,1844,899255,valid,,7f81024cc513201eb5e0392f2806dfeb3983c57f732b1b8983992d948b212c6e,train
236f56771ec6,2,/content/aptos2019_raw/train_images/236f56771ec6.png,PNG,RGB,1736,2416,2274637,valid,,c384c348e454e74be12460c4ebbc3f00fa0ce425afc16ae9b5429ab41d467f6a,train
2376e5415458,2,/content/aptos2019_raw/train_images/2376e5415458.png,PNG,RGB,1958,2588,5638928,valid,,b06c1a216f7b176666d8c4da1ce8ac776961240e65d366c7585c532b1b3ca668,validation
237aa50edc34,0,/content/aptos2019_raw/train_images/237aa50edc34.png,PNG,RGB,1958,2588,2679758,valid,,c81c3284b8d9f95ce8cee21ef158ca959cd4b4632ddcadb73821f90778af9258,validation
237c078d00fc,3,/content/aptos2019_raw/train_images/237c078d00fc.png,PNG,RGB,1958,2588,5473373,valid,,d21522fe74e6b27f8d735877fb5afeab960a3e289d868c3b3f0eb59c75feba48,test
2399d68d407f,0,/content/aptos2019_raw/train_images/2399d68d407f.png,PNG,RGB,1536,2048,1938538,valid,,02e3c5b28e1cf0a19613318fe373f35c420d0da7168bbe105a406d80524d10f5,test
239f2c348ea4,2,/content/aptos2019_raw/train_images/239f2c348ea4.png,PNG,RGB,1958,2588,5044920,valid,,44b115fd9ddb0adb4768b2197963962caf8f8dc8e8fed035f0c304196eb4f8d4,train
23d7ca170bdb,2,/content/aptos2019_raw/train_images/23d7ca170bdb.png,PNG,RGB,1424,2144,2829943,valid,,a2ba54fa6f4ca778f670ed1892d0867d26da0aa9e6b4868da68489e5de99d19a,validation
23fca0693e2a,2,/content/aptos2019_raw/train_images/23fca0693e2a.png,PNG,RGB,1736,2416,2292635,valid,,7c18c6c13443416a4ee443de6b885065ada0130ef0a4d9cedcd0ca412b6b24fb,test
2408799a09b2,0,/content/aptos2019_raw/train_images/2408799a09b2.png,PNG,RGB,1050,1050,1027879,valid,,676cb644ae5dd415c61caf346acc1a9dfa20440f5a32ee420b3e9985403726b7,train
240b25a7debe,0,/content/aptos2019_raw/train_images/240b25a7debe.png,PNG,RGB,614,819,354187,valid,,50649d3a5cb1396fff9c5f661035b2c9047b4887f6c5883d64edd90a513b78b0,train
242fc19be06f,0,/content/aptos2019_raw/train_images/242fc19be06f.png,PNG,RGB,1050,1050,1042368,valid,,ba99f97e9d067bd27b277b13547b928abd52fdbcd8a4430d66457249505505b9,train
2463bb04ebc3,2,/content/aptos2019_raw/train_images/2463bb04ebc3.png,PNG,RGB,2136,3216,3086259,valid,,d0ead8f05912d0762838f03420b5537961f85e71170630346161983b6d1ac05c,train
246e4506824a,2,/content/aptos2019_raw/train_images/246e4506824a.png,PNG,RGB,2136,3216,2410264,valid,,14f6b0ce139d38c84bf21ac88dc1d61a5906895ed4aa540b557621d567e2297c,train
247ac63e5510,4,/content/aptos2019_raw/train_images/247ac63e5510.png,PNG,RGB,2136,3216,2975402,valid,,8350ae70c0a5f3551594ec87a01d92e77bd34dc8baf5d4c359b04c6bc6bb7338,train
247e98aba610,4,/content/aptos2019_raw/train_images/247e98aba610.png,PNG,RGB,1736,2416,2443669,valid,,cda443cea09cb4a404aff8806e7660c412d6dea915c655f8800acb6ff7c21d17,train
248139c423c4,1,/content/aptos2019_raw/train_images/248139c423c4.png,PNG,RGB,1958,2588,4453963,valid,,75f171b9f257be2c2bb0aae69c5ce65e880ae949c5115995258ce6ab322473bb,train
248dec89b3a2,0,/content/aptos2019_raw/train_images/248dec89b3a2.png,PNG,RGB,614,819,310360,valid,,0cc8388a3a2423f479c58b511f66d62136466d851dcd4afa6675a0b7fa0b2160,validation
24b87f744598,3,/content/aptos2019_raw/train_images/24b87f744598.png,PNG,RGB,2136,3216,2551825,valid,,315ad39c683c6b21db470deefc4f0ebf206b78f82a4dc9c274b0ad878d8b059f,train
24b943fe725e,1,/content/aptos2019_raw/train_images/24b943fe725e.png,PNG,RGB,1226,1844,729672,valid,,e313868765d427d4c2ed7193113fbee368dda581086936f93885b57583728a91,validation
24de56d433cd,0,/content/aptos2019_raw/train_images/24de56d433cd.png,PNG,RGB,1050,1050,1013339,valid,,74a131cef85ff20cfcd26d3b78b971bb289f9af22d5b99176a98799f56770d36,train
24f271c87e73,0,/content/aptos2019_raw/train_images/24f271c87e73.png,PNG,RGB,1958,2588,5559489,valid,,202a92a890fa714bafb9a2874cd94feda66def45ae802cc5485dfe3869bc0ef2,validation
24f3e70f0419,0,/content/aptos2019_raw/train_images/24f3e70f0419.png,PNG,RGB,1958,2588,5315313,valid,,16dc1bbbed4f4f16405ad4dcbb42154020b0f3329bf416bc3a3464f878c9d646,train
25002fe43f92,2,/content/aptos2019_raw/train_images/25002fe43f92.png,PNG,RGB,1958,2588,5654919,valid,,5543f057b92ed81df815f0a8f478868201ecfbb068cc2a2997d36a03ba807cfa,train
252305189b3a,0,/content/aptos2019_raw/train_images/252305189b3a.png,PNG,RGB,1050,1050,1061912,valid,,c7a6faf7d91444f14fa435d079ac463242ce6b782f0b204005df785b1279e8d6,train
2532613a584a,2,/content/aptos2019_raw/train_images/2532613a584a.png,PNG,RGB,2588,3388,7492310,valid,,f447a5681ff250cd75a9473584b95d44ed48905a6adef8d91700e1aba0c97b46,train
253e96488cfb,0,/content/aptos2019_raw/train_images/253e96488cfb.png,PNG,RGB,1736,2416,2146344,valid,,9512a8fa47e71d9936c91a81f94adb3a250fcf4660f9f139284234ce6fec0d3d,train
254052cf3e48,4,/content/aptos2019_raw/train_images/254052cf3e48.png,PNG,RGB,2136,3216,3066233,valid,,a8ad9e8a9032c99da04320263f6b0d8d70cb46698523142909916555d17199bd,validation
2585bbc91909,0,/content/aptos2019_raw/train_images/2585bbc91909.png,PNG,RGB,1536,2048,1654305,valid,,7a1d0d034d1d0fde01d9ba6fb353e10a36259682f322ae781ae1c38251466882,train
259d30f693b6,1,/content/aptos2019_raw/train_images/259d30f693b6.png,PNG,RGB,1050,1050,987632,valid,,d17df01125ed63e94555288c74201a748a6a64fa1cbc025258fc7c0219212c1e,train
25a0a1e41afd,0,/content/aptos2019_raw/train_images/25a0a1e41afd.png,PNG,RGB,1050,1050,1051569,valid,,7e4cf6404cf86b2c4be42bc62529d66180d1745e4586e376c77b846c594403d6,train
25b0e72705a8,3,/content/aptos2019_raw/train_images/25b0e72705a8.png,PNG,RGB,1736,2416,2116283,valid,,9b62b2fd31a5a3bd6e568b6a3aa357a1811abd6eefe57a6298041a1ac07c7f57,train
25b4080f598b,0,/content/aptos2019_raw/train_images/25b4080f598b.png,PNG,RGB,1536,2048,1929295,valid,,9c5f58cf29c9911fb4838bcbea5b29187e06ae152427c27524484c41460ec2bc,validation
25d069089c5e,4,/content/aptos2019_raw/train_images/25d069089c5e.png,PNG,RGB,1736,2416,2651130,valid,,f294dd5d042dc683d1b7c20f53f7ce97e50b98ae0423f333888c2396320642d7,train
25dc1b41ed9c,2,/content/aptos2019_raw/train_images/25dc1b41ed9c.png,PNG,RGB,1958,2588,5536986,valid,,0ef63d82cedfe055abadd8735e9dd3fb0b64d345f851f867096a65b2882a342f,train
25e9fd872182,1,/content/aptos2019_raw/train_images/25e9fd872182.png,PNG,RGB,1736,2416,2499301,valid,,bce030c872d1437776e168030d4525f6625be01cbc294a4fcff04c05586ae355,train
2608e1dac5b1,2,/content/aptos2019_raw/train_images/2608e1dac5b1.png,PNG,RGB,1736,2416,2158048,valid,,8df7978a0d3814d2436fcad1fd253d65ae47a72ea6c85ef4cbf313bec7a8ae76,train
260a455692b5,0,/content/aptos2019_raw/train_images/260a455692b5.png,PNG,RGB,1536,2048,1898658,valid,,ee3e0634159140b6fbf4dac896d90b12ce1b242467691cb0fcc9799110b64109,validation
261c6bd63bff,2,/content/aptos2019_raw/train_images/261c6bd63bff.png,PNG,RGB,2588,3388,3940473,valid,,962a5154886102a368c8105291f85befaa16de61c0b41fc90713525bac2f9652,train
2628305cbb29,4,/content/aptos2019_raw/train_images/2628305cbb29.png,PNG,RGB,1736,2416,2206849,valid,,f997ba057da27803a61db9f938bd6594562eda9d8cb2cc4da84d18e32fae377d,train
262ad704319c,4,/content/aptos2019_raw/train_images/262ad704319c.png,PNG,RGB,480,640,326057,valid,,950c7a5d2b41cfea906ade07ae7be0bb06bd03e102905daec7231eaa45b78620,test
263d8851e33b,0,/content/aptos2019_raw/train_images/263d8851e33b.png,PNG,RGB,1536,2048,1914955,valid,,e9219e454bf607da2a45f202c048f5f78cadf7bae849d47f769b34b7dc690df5,test
26453eb7e989,2,/content/aptos2019_raw/train_images/26453eb7e989.png,PNG,RGB,480,640,367952,valid,,7b91144705577e528c2f9e3af0c3fd18ac13831f586ea6e42f55682ee19bb5d3,test
26463a5fb949,4,/content/aptos2019_raw/train_images/26463a5fb949.png,PNG,RGB,2848,4288,4708282,valid,,740a0097df043b98064176b3b7846833d40e13ef8f9cb642b1cc971612d3f109,test
2665f72e2dd3,3,/content/aptos2019_raw/train_images/2665f72e2dd3.png,PNG,RGB,1944,2896,2028789,valid,,4f79e783b7dec733c32ced9fa5ad66aa6ea60ddf8cc72164384a5fbb315731e2,train
266fbefa58fb,0,/content/aptos2019_raw/train_images/266fbefa58fb.png,PNG,RGB,1050,1050,1011624,valid,,040d127810f812470c43daf2e3d5e1a02240637ee69508799570abe46aeee13a,train
2682e6da9050,0,/content/aptos2019_raw/train_images/2682e6da9050.png,PNG,RGB,1958,2588,5042375,valid,,b2aaf9a05db083441aa18f07b66036eedea7e8510a71e30e40272cf7557a1f26,validation
26999ebc21de,2,/content/aptos2019_raw/train_images/26999ebc21de.png,PNG,RGB,1736,2416,2124481,valid,,ae9287ba2a6f0c78e41ac35e75d7842cccf21a223c964c59c45d5f42058e7ff7,test
269b44e628eb,3,/content/aptos2019_raw/train_images/269b44e628eb.png,PNG,RGB,1958,2588,5183002,valid,,1449bf01a17213f17110c0116b90f14760b9269c17e9d4cde5c0db13c60f2308,train
269f0792f11f,2,/content/aptos2019_raw/train_images/269f0792f11f.png,PNG,RGB,1958,2588,3187959,valid,,af20d00c586d935d4cce1aa4ef380cfe49fc0a752ea7270a26731b85dac905d8,train
26cd40b57ad1,0,/content/aptos2019_raw/train_images/26cd40b57ad1.png,PNG,RGB,1050,1050,1051516,valid,,72228d99188e543d32fc593265452b02e731abacf3ee94b7629e9a231fb04eb6,train
26d60db3bbfd,0,/content/aptos2019_raw/train_images/26d60db3bbfd.png,PNG,RGB,614,819,365190,valid,,5fcf1eb1f1031fdc7d0649514c13fd71322434862bdb39aee57974cc59e84c98,train
26d9576e8043,0,/content/aptos2019_raw/train_images/26d9576e8043.png,PNG,RGB,614,819,312367,valid,,ce72d636870d9c8b9c620a51dc5ce8270ca6a8ffec735f659bf768049a240dba,train
26e231747848,2,/content/aptos2019_raw/train_images/26e231747848.png,PNG,RGB,1000,1504,1283623,valid,,071bf0e1d92b30e1018ad41f5c84a91fcf259bf978ff0fae6024bf7a9ac800d0,train
26fc2358a38d,0,/content/aptos2019_raw/train_images/26fc2358a38d.png,PNG,RGB,1050,1050,1002768,valid,,c5d3545efc01b09621fcef4a57da6b43445a73f64d4105f3f634bcb0ba7b2979,train
2700754f71e9,2,/content/aptos2019_raw/train_images/2700754f71e9.png,PNG,RGB,614,819,409700,valid,,8bbb2d343ce81107f1079db63816866d957fc9ff7747eedaa20e9460737a2558,train
272d9c043c81,2,/content/aptos2019_raw/train_images/272d9c043c81.png,PNG,RGB,2588,3388,7540627,valid,,b1aefcd9e89d567e2e2776d0189fa0cc74116a8052c4a26fe79ca62e8de3a6b1,test
2735be026d44,2,/content/aptos2019_raw/train_images/2735be026d44.png,PNG,RGB,2588,3388,3586972,valid,,4055d6e2580276f8b5677f7d27c84f7a8b2967a708ef0a3996d95b2dbded014a,train
274f4de2a59d,0,/content/aptos2019_raw/train_images/274f4de2a59d.png,PNG,RGB,1050,1050,1093748,valid,,f1e2686594a3f673d256f53c74239987501f2fe8ea1741513da335e8e2238144,train
274f5029189b,1,/content/aptos2019_raw/train_images/274f5029189b.png,PNG,RGB,1736,2416,2351153,valid,,6240dbb9964beda89b0f30f37fdf7657bd81cc6f3a2d20dc7321f8d43821ca58,validation
276b14f72328,0,/content/aptos2019_raw/train_images/276b14f72328.png,PNG,RGB,1958,2588,5315026,valid,,5f822e54819d085b167a1d72f9dc397bb4a9bbb542dc64ff065c40ba1822d5da,train
2776d70724d3,2,/content/aptos2019_raw/train_images/2776d70724d3.png,PNG,RGB,2136,3216,2836409,valid,,b28008a34d4f7fe74bf8f1d952738942022b3f02219ee302e5a2cdc2a14a2800,test
27933cdbe0cc,0,/content/aptos2019_raw/train_images/27933cdbe0cc.png,PNG,RGB,1050,1050,942488,valid,,34728aeaf68b5b544dee473392ecd1e54cf074e4776cfd71a510664d94f3f020,train
27b68863349f,2,/content/aptos2019_raw/train_images/27b68863349f.png,PNG,RGB,1736,2416,2415321,valid,,815a49453684dc8415a553c2abc6949da01a62b65d5551aded868afed60a3185,train
27bab1432f61,2,/content/aptos2019_raw/train_images/27bab1432f61.png,PNG,RGB,1736,2416,2124566,valid,,c4e17c5625e71d3670a0c39793496a729a7452866ed49d623f68b67bed79dd61,validation
27e2be850a99,4,/content/aptos2019_raw/train_images/27e2be850a99.png,PNG,RGB,1736,2416,2178407,valid,,5f1acddaf467c79c8fc5c28048ee4f02c354cd5b1b9abd393b15c1c15d0fe7f1,train
27e4c800a449,1,/content/aptos2019_raw/train_images/27e4c800a449.png,PNG,RGB,1736,2416,2433798,valid,,b38111ffef7dfcb25283e6c71a58d82593ca7fd1af458e5c08d9d27d6cc681e2,train
27f82ada84ac,0,/content/aptos2019_raw/train_images/27f82ada84ac.png,PNG,RGB,614,819,299834,valid,,023e542147396c21988671673f79eb62af941eb252d709949466ba7a27febd43,train
27fca9f12b3c,2,/content/aptos2019_raw/train_images/27fca9f12b3c.png,PNG,RGB,1736,2416,2145250,valid,,058d2730235e53ea82b040951248fda0cee22ca3bc44789b8cf1c53d3157a50a,train
281d7b7c7676,4,/content/aptos2019_raw/train_images/281d7b7c7676.png,PNG,RGB,2588,3388,7395178,valid,,f4c6e6dfd6cc9b715c19125cf60248c92e6a37c32666d95ecabcab2b3142a225,train
2821998fc002,0,/content/aptos2019_raw/train_images/2821998fc002.png,PNG,RGB,1050,1050,953663,valid,,ea4049103c67802271cc73afe32340c6bef1108755710e52409d4137ad334980,train
282bc792d23a,2,/content/aptos2019_raw/train_images/282bc792d23a.png,PNG,RGB,2136,3216,3122391,valid,,756220847ff911a1c181f171bf7c6551dd1e99d85682509ba7047565503a5ac0,test
283c3aeba594,0,/content/aptos2019_raw/train_images/283c3aeba594.png,PNG,RGB,1536,2048,1944501,valid,,2ca5f3d20ec410a22238f7bbbdae951ff5b347428c35103cec2ecec3743d927e,train
28503940d10b,0,/content/aptos2019_raw/train_images/28503940d10b.png,PNG,RGB,1050,1050,925137,valid,,a6d81e4f35b3cdced475114dc07111098c53f507f3b147018ee81955752bd44b,test
286e9981dd9b,0,/content/aptos2019_raw/train_images/286e9981dd9b.png,PNG,RGB,1958,2588,5236511,valid,,2ca18fc3f4531a12b1a3d25393414095d66983ab8b1a5a3d7496e7edd96cc856,train
28751f290ba3,0,/content/aptos2019_raw/train_images/28751f290ba3.png,PNG,RGB,1050,1050,1068913,valid,,41c061b62c900637d2af0f77d5a77bae79881964a7e9610302f77ed6e1f7a2d7,train
28824d12d31d,2,/content/aptos2019_raw/train_images/28824d12d31d.png,PNG,RGB,2848,4288,5202045,valid,,565f14f627fc4ba08d63b7cf0ad6990824f0a02b4719d9b98e6c21abead6719a,train
289a47dcbb82,0,/content/aptos2019_raw/train_images/289a47dcbb82.png,PNG,RGB,1536,2048,1886081,valid,,fef585097102b0e1fdf795d35c13e5b1a134a42e956da742d0f01b10154e61ab,train
28a4d00927b7,2,/content/aptos2019_raw/train_images/28a4d00927b7.png,PNG,RGB,1958,2588,4767728,valid,,984a0148016eb23a62b2505f90eda37ec62bd59d176c953f1d0603d9c7dcb34a,train
28dc010a0780,0,/content/aptos2019_raw/train_images/28dc010a0780.png,PNG,RGB,1050,1050,1030774,valid,,2ae3e2712190ee7e771f1355528499487bf307037ede710c8462dfbd9bf761b6,train
28f73575e1f2,0,/content/aptos2019_raw/train_images/28f73575e1f2.png,PNG,RGB,614,819,301770,valid,,42bfbc6ecdca01d3fc748c1ff77ac646c7333ddeee500a6c78ea529ffe058fd7,validation
28f93cad89c5,2,/content/aptos2019_raw/train_images/28f93cad89c5.png,PNG,RGB,2588,3388,6862465,valid,,9747d47ae5cf4a9b9df40b7318f3da287c066939d1cea308a9953dc802ac7654,validation
28f98cfe3858,1,/content/aptos2019_raw/train_images/28f98cfe3858.png,PNG,RGB,2588,3388,3100445,valid,,e32016526eac7e524bd2f11649382e1c05289d33fe52c3ef393d56c11f0107be,train
290ecdba359f,2,/content/aptos2019_raw/train_images/290ecdba359f.png,PNG,RGB,2588,3388,7422351,valid,,32ada048d9d45bb1f29bc689799a499293627c1966880d7d0805ee929415d50e,train
29192375ab1b,0,/content/aptos2019_raw/train_images/29192375ab1b.png,PNG,RGB,1050,1050,998326,valid,,b9a6008bd46e49ac6814388b9a99124ba3cfa6d6b70d600b621ecfeb363e48ae,train
291e2ff3d834,2,/content/aptos2019_raw/train_images/291e2ff3d834.png,PNG,RGB,1736,2416,1744739,valid,,ed970ddf9ddebe2fdafc49e4d2bf5b215e80114ec9ec9087c88c3c58195b794d,train
291f581d365e,0,/content/aptos2019_raw/train_images/291f581d365e.png,PNG,RGB,1736,2416,2189478,valid,,97e992446f4983444bd184f8e5aefb86d81996fb91ebcb83ab13fbe1c2b5941f,train
2923971566fe,0,/content/aptos2019_raw/train_images/2923971566fe.png,PNG,RGB,1736,2416,2236092,valid,,59ae78bd10c8ee1f718381e021aecfdf512041acc26b52bb01ec220a741621ae,train
2927665214e1,0,/content/aptos2019_raw/train_images/2927665214e1.png,PNG,RGB,1050,1050,914711,valid,,b7bba8faa454cf907c9c0d56ecbc148f22cd0699fb8f00d1268b57f4ac1d656b,train
29580bed2f7d,2,/content/aptos2019_raw/train_images/29580bed2f7d.png,PNG,RGB,1736,2416,1595639,valid,,d39faf1d74ae15a9944f17a1a5ddfe2bcd3e7296691e84c7221bd28eff36cbe7,train
295fdc964f6e,2,/content/aptos2019_raw/train_images/295fdc964f6e.png,PNG,RGB,1736,2416,2261537,valid,,237b7db600b7766fb958bf461e5c04b10087a9ec7e3c4ff2a7e879eb4ab33160,validation
2967e578939f,2,/content/aptos2019_raw/train_images/2967e578939f.png,PNG,RGB,1958,2588,4998058,valid,,3ee2dfef981e99cea7bc9208858b5083e718805c1aab1d50911abc415e68041b,train
2974c6ad1d58,0,/content/aptos2019_raw/train_images/2974c6ad1d58.png,PNG,RGB,1050,1050,985256,valid,,1bf75a5054ebcf049df3b2d6298fb56b543effdcaf95907ea8de60401e3aaf20,validation
299086c6d1b5,3,/content/aptos2019_raw/train_images/299086c6d1b5.png,PNG,RGB,1958,2588,5086174,valid,,9e62f4f613a9da09845806fa7b746ef9b6b0c61b37a08ba04e6b8329f280f638,test
2994f17f58a5,1,/content/aptos2019_raw/train_images/2994f17f58a5.png,PNG,RGB,1736,2416,2145000,valid,,8c81080ec15c65e6cf8e68de0bf1542de0cd5073ddea21923f19f58702e9325b,test
29a13e666266,0,/content/aptos2019_raw/train_images/29a13e666266.png,PNG,RGB,1050,1050,963782,valid,,55c4d5063c507115ee4088c74c2efe1e1f6427bd8e2c41730cc392ffd149a64f,test
29b52f64d2db,1,/content/aptos2019_raw/train_images/29b52f64d2db.png,PNG,RGB,1944,2896,2275203,valid,,1f5bb8dc7dba6896f57a49e4b75ac421348a3e1dfd66acba7aecc09cecb93c64,validation
29bc0e721cfe,4,/content/aptos2019_raw/train_images/29bc0e721cfe.png,PNG,RGB,2588,3388,7227820,valid,,d4bfe97ab73ff44377cc8066791403da72592998877b3cc1d37d92b61ed132a9,train
29d059522fa1,0,/content/aptos2019_raw/train_images/29d059522fa1.png,PNG,RGB,1050,1050,1050438,valid,,abb0124e2a69287f5fb1ca2c0aaee8ba2f7e0f673c0f552060f5680abe26b871,test
29f44aea93a4,2,/content/aptos2019_raw/train_images/29f44aea93a4.png,PNG,RGB,2136,3216,2398018,valid,,00e4b582b13c31fadfd184023d171286a2d5f5a021d8c9e33912c6c14b339b52,train
29f9e1ac9507,0,/content/aptos2019_raw/train_images/29f9e1ac9507.png,PNG,RGB,614,819,279621,valid,,430bcd7ea8c8dff8bcc38d38f3c965a2054de53b1e5d3ae8226947fb09b4893e,train
2a08ed6bbcbc,1,/content/aptos2019_raw/train_images/2a08ed6bbcbc.png,PNG,RGB,1736,2416,1821395,valid,,bcc66fb4f3c1eafece8d0b1e24d397c1d2d744a0df4f267fd3746d84feb12685,train
2a099b247b10,2,/content/aptos2019_raw/train_images/2a099b247b10.png,PNG,RGB,1050,1050,979881,valid,,f50acdc42357a315e60dd4b21a4279cf6f3f27fb88f3590f7d4bc31b09b692c4,train
2a2274bcb00a,0,/content/aptos2019_raw/train_images/2a2274bcb00a.png,PNG,RGB,1958,2588,5659335,valid,,81dfcb1c13b7d41a633bd54e44a23134800a958d02f475ece446c8a8e993c622,train
2a2a6435f7f3,0,/content/aptos2019_raw/train_images/2a2a6435f7f3.png,PNG,RGB,1050,1050,1101835,valid,,fa118b62134ebbf428a8489853885269a161feaa21a1f75b59d36563122a814d,train
2a3378bcfbcc,2,/content/aptos2019_raw/train_images/2a3378bcfbcc.png,PNG,RGB,1736,2416,1827502,valid,,fb981e3c201cc0971ecc5200783911176c5ed3b0892711625f6675dbd3f04f67,train
2a3a1ed1c285,2,/content/aptos2019_raw/train_images/2a3a1ed1c285.png,PNG,RGB,2136,3216,5654772,valid,,68a9dbe9a670c0b9d99ae7882e62bbcc2d08024ce36ce0a88c5b35fcbf66e572,validation
2a4520f1f9a3,0,/content/aptos2019_raw/train_images/2a4520f1f9a3.png,PNG,RGB,1050,1050,1009075,valid,,dbc81ab95b5e2073854f0f69b2b9b29a8bdd87a8a72c7f9b70d2f923362fb83c,train
2a47e5b21791,2,/content/aptos2019_raw/train_images/2a47e5b21791.png,PNG,RGB,1736,2416,2189308,valid,,a6facfb10eb6347977f6c512d25d7d496d39a6a1cdbff9f583feec270deca9b3,train
2a5a8b744f08,2,/content/aptos2019_raw/train_images/2a5a8b744f08.png,PNG,RGB,1736,2416,2315062,valid,,a77a1f566a3b910156c4407ea1a7e55c28bad2eb6b0db65b90e9b1513b28ab23,train
2a7373eeb352,0,/content/aptos2019_raw/train_images/2a7373eeb352.png,PNG,RGB,614,819,344872,valid,,3f0cf94303336061d587b099e4899b15913a0615fa04b280407086d8cbf90090,train
2a8a9e957a6c,1,/content/aptos2019_raw/train_images/2a8a9e957a6c.png,PNG,RGB,1736,2416,2082890,valid,,6a3db9b345d8ac57c4f03e6c1b437203a4e87cbc31470d34bc6e2e953dde25a1,test
2a93334f663a,0,/content/aptos2019_raw/train_images/2a93334f663a.png,PNG,RGB,1050,1050,990312,valid,,c9ac603513d6eeef0a3a435683fc57067c7d450b5008ca45eb3759984065ff32,train
2af1bf226f51,2,/content/aptos2019_raw/train_images/2af1bf226f51.png,PNG,RGB,1958,2588,3230350,valid,,d47501ec6e62ddd217a6876c6c97f8360945e6fb435244e9ad3600acc9a7b5e8,train
2b074afdf626,2,/content/aptos2019_raw/train_images/2b074afdf626.png,PNG,RGB,1736,2416,2030376,valid,,5ec1af89196a68470852246ea82806d63a5f5872e43fdb66529ded043e28d674,train
2b07790a2422,2,/content/aptos2019_raw/train_images/2b07790a2422.png,PNG,RGB,2588,3388,6817327,valid,,5111461e6df1fcf863ebc613e9cddabd26120c5441c6a951c100d13f97b7ed8a,train
2b10f138e67d,0,/content/aptos2019_raw/train_images/2b10f138e67d.png,PNG,RGB,614,819,295586,valid,,3d1ee519053d0bf8337d5b96ea337930c65910d08094eb80233d76e7543d24c9,train
2b21d293fdf2,2,/content/aptos2019_raw/train_images/2b21d293fdf2.png,PNG,RGB,2136,3216,5654772,valid,,68a9dbe9a670c0b9d99ae7882e62bbcc2d08024ce36ce0a88c5b35fcbf66e572,validation
2b2f5a0f880d,0,/content/aptos2019_raw/train_images/2b2f5a0f880d.png,PNG,RGB,1536,2048,1941787,valid,,61a6ff75e2eb5bfa9c06991df9841e55a33b851b26e10d6f2a1f339945f89fba,test
2b3a4a81d748,0,/content/aptos2019_raw/train_images/2b3a4a81d748.png,PNG,RGB,1050,1050,1074587,valid,,99f7d96cf9f1baf78031929500cb7d980bb38201bb335565a4d0d2d29014a8d7,test
2b48daf24be0,3,/content/aptos2019_raw/train_images/2b48daf24be0.png,PNG,RGB,1736,2416,1902849,valid,,50251fd7de19737776127f0eda4b2c3bd03e0432657e4a577bb3eb76a45014ad,test
2b4c7b5f1f1e,0,/content/aptos2019_raw/train_images/2b4c7b5f1f1e.png,PNG,RGB,1050,1050,839733,valid,,89cf32516d83d8a033fd596327ef41509221e6e5f8327a53c4223bff7dc7ceca,train
2b5bb6d33959,0,/content/aptos2019_raw/train_images/2b5bb6d33959.png,PNG,RGB,1536,2048,1917487,valid,,c46074d07d9bb84c9dd407eec169f5a4c6b64f5c818e27ce9d8d6278ff47f319,train
2b88cb6e31cd,2,/content/aptos2019_raw/train_images/2b88cb6e31cd.png,PNG,RGB,2136,3216,2189919,valid,,4c343486b30d3d520b8b219aa23c6e5b42cc54bf72f5dfbc35947168db004f54,test
2ba0b0d9bda2,2,/content/aptos2019_raw/train_images/2ba0b0d9bda2.png,PNG,RGB,1736,2416,2239390,valid,,260ddccf8f0d37ce726fe0b94a412008a62cab18e4da6555099e0776ef5d7014,train
2bb063318cf1,3,/content/aptos2019_raw/train_images/2bb063318cf1.png,PNG,RGB,2136,3216,3340305,valid,,f0a149b8283a1d8d44bbecc1b166effb48089eeef84585329db0eb94f4b4c522,train
2bb3c492d6d3,0,/content/aptos2019_raw/train_images/2bb3c492d6d3.png,PNG,RGB,1958,2588,5091029,valid,,4edd0c7ea326e27a0c3880a288299fdb34f1096f62cc2552c4442f7a5a53249b,train
2bbcfdc477db,4,/content/aptos2019_raw/train_images/2bbcfdc477db.png,PNG,RGB,1226,1844,969879,valid,,a727281db845f552a20da580492a08efb74f3eb77102a504d54e480a913ef2d1,train
2bbd1f99ecc3,3,/content/aptos2019_raw/train_images/2bbd1f99ecc3.png,PNG,RGB,1944,2896,1893469,valid,,de61c46ec94ec63ce36e0c7b9b625f2f62076708dec63da228a2572b3435c8fe,test
2bd4d4fbed5c,2,/content/aptos2019_raw/train_images/2bd4d4fbed5c.png,PNG,RGB,2136,3216,3076806,valid,,318f52aded7743d3f6e44f99f6702d6777004a83437a8d51324bed8b4aa9ca3f,test
2c1d5be654dd,2,/content/aptos2019_raw/train_images/2c1d5be654dd.png,PNG,RGB,2588,3388,7313263,valid,,15304886997ef45e76f4172fb7d7999458039ed3bd5a1a7f559058281de41aa2,train
2c2aa057afc5,2,/content/aptos2019_raw/train_images/2c2aa057afc5.png,PNG,RGB,1000,1504,1315099,valid,,aebe6c6eb12ca66ce6d051b60af541d74d662852ff650a0b2e91d1c7d20ef77f,train
2c77bf969079,0,/content/aptos2019_raw/train_images/2c77bf969079.png,PNG,RGB,1958,2588,5074150,valid,,14257819000c263ed8a9222abba187d42abf5eeda746c187fdfa02cc1261c272,train
2c8101f14723,0,/content/aptos2019_raw/train_images/2c8101f14723.png,PNG,RGB,1536,2048,1801603,valid,,992ad2e848ea546416ea485aad1cc2a904ad57c782a70cc8c693c0c87fbb4b9c,train
2c827005b8f8,0,/content/aptos2019_raw/train_images/2c827005b8f8.png,PNG,RGB,1050,1050,1051936,valid,,7407f4088f0eb8103a14e3db832eb3b4b3592cb1efb222e2f7f66e99a1799119,train
2c9dfc270f1b,0,/content/aptos2019_raw/train_images/2c9dfc270f1b.png,PNG,RGB,1050,1050,1017235,valid,,41b7ce31a178ecf3bf24abcdc4e12e70c1a7ecb3f9aa5746be26b64d9826eec1,test
2cacdb0dffae,0,/content/aptos2019_raw/train_images/2cacdb0dffae.png,PNG,RGB,1050,1050,1020512,valid,,f97fe2241a2add41f444024d7d17a675aa4f4040cc2c7749d64c62385eb66a5a,train
2cbfc6182ba2,2,/content/aptos2019_raw/train_images/2cbfc6182ba2.png,PNG,RGB,2136,3216,3616893,valid,,5f1413105a4337566c11c82d4860f02b39e0df049a0662f64b015637c61158ed,test
2cceb07ff706,2,/content/aptos2019_raw/train_images/2cceb07ff706.png,PNG,RGB,1000,1504,1376699,valid,,fd91d8006b1dfd1718953b0e1aa05be58b8cc7a9d91673c69b1c91412dc3a555,train
2cdcc910778d,0,/content/aptos2019_raw/train_images/2cdcc910778d.png,PNG,RGB,614,819,293394,valid,,388e5e933d5812c4a8641791fbd0c2609944ef3917fb31651776cc50d622881f,train
2cef97083e6f,2,/content/aptos2019_raw/train_images/2cef97083e6f.png,PNG,RGB,2136,3216,2262527,valid,,f6c09b34933992ff28f4e5dcd64a2a2258018653c71a2177859ba2629d0e3206,train
2cf18033da31,0,/content/aptos2019_raw/train_images/2cf18033da31.png,PNG,RGB,1536,2048,1919373,valid,,aa0b957041bcc00038998dbf7ac755d9c9fb16e3c12679fc934d19b8c46e8aee,train
2cfe8703f265,0,/content/aptos2019_raw/train_images/2cfe8703f265.png,PNG,RGB,1958,2588,5389869,valid,,ff00af439b388391e795c185c9395ec42d350d7c187c9b6ecfef4220423a9a39,train
2d04cead4d3a,0,/content/aptos2019_raw/train_images/2d04cead4d3a.png,PNG,RGB,1536,2048,1906422,valid,,9bf7515d523bdeb8db09d53e572961fdf9ef3bb52b87d992f53629c5a98135cd,validation
2d07162a13b1,0,/content/aptos2019_raw/train_images/2d07162a13b1.png,PNG,RGB,1958,2588,5094350,valid,,05da245c5f43f2a9dd2ffa753d37bd4e5c97fa7a3465bad85391550a4c7c6ec7,train
2d3f4094c08a,0,/content/aptos2019_raw/train_images/2d3f4094c08a.png,PNG,RGB,1536,2048,1949128,valid,,845b2c53fae1182ab55ac36656f17ae0a8c6d8c880b43de3cac75f2658089600,train
2d552318eb07,2,/content/aptos2019_raw/train_images/2d552318eb07.png,PNG,RGB,358,474,234100,valid,,704f7cc5396b7fa9daaa8988bf934562432f5c875b94a750de1d0878f0af5f0c,train
2d558de2cabe,0,/content/aptos2019_raw/train_images/2d558de2cabe.png,PNG,RGB,1536,2048,1760078,valid,,c9ac21d40becd9e496519f0e269fa00e78492807aab238eb7d66d8f9a28c6eb4,test
2d7666b8884f,1,/content/aptos2019_raw/train_images/2d7666b8884f.png,PNG,RGB,1226,1844,1051765,valid,,a4e73ac0cf69ca79bcbcafc7ba82baf4534dcf055fb5fbc570220625ccaa9b1e,train
2d870833c0c9,2,/content/aptos2019_raw/train_images/2d870833c0c9.png,PNG,RGB,2588,3388,6777331,valid,,40ac420ea786a3807274daa60febadd0b85dfefe3248e8ad70d77069a879c71c,train
2d9d97a6e713,1,/content/aptos2019_raw/train_images/2d9d97a6e713.png,PNG,RGB,1736,2416,2128033,valid,,b0a956bae9286b615e5d825c7ab7dddb89031af8286a1cab0898781e5e38828a,train
2da82d14e1b7,0,/content/aptos2019_raw/train_images/2da82d14e1b7.png,PNG,RGB,1050,1050,935808,valid,,b4dbbe04c4d061f110a355790969991a3b22e41b76a9e0eb94609888cd4b6bee,test
2db0cd3e30da,0,/content/aptos2019_raw/train_images/2db0cd3e30da.png,PNG,RGB,1958,2588,5283264,valid,,429d52d21223728d7d9aab9a051225e3d013ddb71071b20af1a546c57563d8c5,train
2dc647e00ad3,0,/content/aptos2019_raw/train_images/2dc647e00ad3.png,PNG,RGB,1958,2588,5119956,valid,,e86e935ae113017ec27185d77d7569740ba8d0ba0d82c658f483c4c7e542f0f6,train
2dd28ac497d2,0,/content/aptos2019_raw/train_images/2dd28ac497d2.png,PNG,RGB,1050,1050,1034294,valid,,0b9549edf1b78d103d4c55ec69feb87e7653b69da061854d26fb4e137db5ff23,train
2e26762daed5,2,/content/aptos2019_raw/train_images/2e26762daed5.png,PNG,RGB,2136,3216,2175603,valid,,7eccb01f9ce6c46c19b9932a4bb4e4cd22968dec4ccf1e71a6231dee0d5390f5,train
2e79041ef722,2,/content/aptos2019_raw/train_images/2e79041ef722.png,PNG,RGB,1958,2588,4999184,valid,,1122233e0ed845b1f4ee60ccf2e14cdd258f8974682696a6a72e432d7d1ac767,train
2eba4279e503,0,/content/aptos2019_raw/train_images/2eba4279e503.png,PNG,RGB,1050,1050,911983,valid,,463e25438815f8552f7b48b97ee806e08aca7d69cc0f9b92360297fde3bbd931,train
2ecbc2e3f239,1,/content/aptos2019_raw/train_images/2ecbc2e3f239.png,PNG,RGB,2588,3388,4160047,valid,,9b62963f737934e4b2573e29bb2679be3834bedf2dab2bef16188e0c2a233e6a,train
2ef10194e80d,0,/content/aptos2019_raw/train_images/2ef10194e80d.png,PNG,RGB,1536,2048,1906753,valid,,d1e37457e21f1657ba6570c7cef4b81c2d4ebf4f4e3622bb57e8bf7752802545,train
2ef4a04aed1b,0,/content/aptos2019_raw/train_images/2ef4a04aed1b.png,PNG,RGB,1050,1050,1029666,valid,,3d5f1ad813e18daa229ef81bb8604f79d0a9af99b43c7efa1d5e8e2fc9bea1b5,validation
2ef955d6d9ff,0,/content/aptos2019_raw/train_images/2ef955d6d9ff.png,PNG,RGB,614,819,277646,valid,,38a4fc4fe10fe04f43f609aff24dc7cfef519bdc365477f75a7c92c1695d8c2b,test
2f143453bb71,0,/content/aptos2019_raw/train_images/2f143453bb71.png,PNG,RGB,1958,2588,5368501,valid,,14627699e06c63df7b29869e7454c54040d36155e69b2c287dd253323ee90d3f,validation
2f284b6a1940,4,/content/aptos2019_raw/train_images/2f284b6a1940.png,PNG,RGB,1736,2416,2302930,valid,,a714c1278ca4b1ebe5c40445cfe9052030b7ddf7ba234cebbac0c39b95c2e188,train
2f2e1949ad56,1,/content/aptos2019_raw/train_images/2f2e1949ad56.png,PNG,RGB,1736,2416,2018286,valid,,2ddff215203c0947a0514a7ae2fb63581708f18a208930434d1913c261f7a161,train
2f42e20db938,3,/content/aptos2019_raw/train_images/2f42e20db938.png,PNG,RGB,1958,2588,5310048,valid,,fa9385b509acbe6a1c31c18e693f5c3d2b54d6cde82e531a3ecac005ea872aa8,train
2f4e81787d9b,1,/content/aptos2019_raw/train_images/2f4e81787d9b.png,PNG,RGB,2588,3388,3934609,valid,,dce954e591f5c71f9a49e96371954343a371e38fe47ad7fb83c28684a4b110a7,test
2f5c9cdfb333,2,/content/aptos2019_raw/train_images/2f5c9cdfb333.png,PNG,RGB,1958,2588,5390792,valid,,9b215d5cd74a5025f35a6881a63d10377abb3d81cd8396d9b2a94591708c8dd6,train
2f7fbdcc9a4b,0,/content/aptos2019_raw/train_images/2f7fbdcc9a4b.png,PNG,RGB,1536,2048,1929525,valid,,99dd280cfa251222076f8b6d417ebc065862fc82675fe3804415319fd25a2c67,train
2f81ee5f2926,0,/content/aptos2019_raw/train_images/2f81ee5f2926.png,PNG,RGB,614,819,322271,valid,,424c895bab53ee1423aa89a8848dc59093d34697fa662ed677f3fd7d7670e480,train
2f8d14a7d390,0,/content/aptos2019_raw/train_images/2f8d14a7d390.png,PNG,RGB,1958,2588,4943470,valid,,1d9f6f5723d502d7b1c9ab887f277823e88219e22c1ea87602357e68c98f4233,train
2f9b66784109,2,/content/aptos2019_raw/train_images/2f9b66784109.png,PNG,RGB,2136,3216,3054501,valid,,72ff0d177b8738d1ac881b7d4fff03159518aca2f7656444201c88c8e2cf954b,train
2fb3a8606a77,2,/content/aptos2019_raw/train_images/2fb3a8606a77.png,PNG,RGB,2588,3388,7196127,valid,,265c0c3b673cb1c8df1bdfc2ad93c31773e6f85ed2d49e94c84812261ea247fc,train
2fde69f20585,4,/content/aptos2019_raw/train_images/2fde69f20585.png,PNG,RGB,2848,4288,5228410,valid,,da9bec5885d2ce65accdce9dec459d5c5d02c311ccb94326ac651d03291477d5,train
2fdfb80ea53c,0,/content/aptos2019_raw/train_images/2fdfb80ea53c.png,PNG,RGB,1050,1050,861817,valid,,196474cb69fc489ccf311fdad48df9dd9f7174198b4a37440f2ce3c70c9df478,validation
2fdffb6160a6,2,/content/aptos2019_raw/train_images/2fdffb6160a6.png,PNG,RGB,1736,2416,2018958,valid,,124c7a777441332eb1847356412ff7b7f6da6eb21fc15db4db17a9190221e6d5,train
2fe06bedb2c4,4,/content/aptos2019_raw/train_images/2fe06bedb2c4.png,PNG,RGB,1958,2588,5665755,valid,,4f26bc36d9c32c09968cbedf5bc0c43ea681349325939713c25ba4f07bbe0863,train
2fefb720869a,0,/content/aptos2019_raw/train_images/2fefb720869a.png,PNG,RGB,1536,2048,1929626,valid,,4bf63debf0e5c8c834c125447d7291983fedcd2b0f9433e0da9a8c406937500b,validation
300305ce82d2,2,/content/aptos2019_raw/train_images/300305ce82d2.png,PNG,RGB,2136,3216,2369891,valid,,b15905757f799f255da0c837ba9004a6e3f3e21a2e716a3c74ae1e1175d57947,train
30263a7d5609,0,/content/aptos2019_raw/train_images/30263a7d5609.png,PNG,RGB,1958,2588,5013117,valid,,9f4386e9064a02e3f9d97acbc382508aec60d4b4ad71e1552dca2ba818b56342,validation
302bcdb635ff,2,/content/aptos2019_raw/train_images/302bcdb635ff.png,PNG,RGB,1226,1844,1095939,valid,,6120225342023c4fee2400e65edf78d7c71dc2c0a0119d69bbaec6da153cc808,train
3044022c6969,1,/content/aptos2019_raw/train_images/3044022c6969.png,PNG,RGB,1736,2416,2406834,valid,,298629825979f59482d30729fa1314e9f1292d3313b934f3b1d4979248f3176b,validation
306c841af3fc,0,/content/aptos2019_raw/train_images/306c841af3fc.png,PNG,RGB,1958,2588,5694651,valid,,eb84a01ff80c07b189c5c3b24122d0d4c49dd5f0b591ef4021ca1433b36fb59f,train
3079490a4b9c,0,/content/aptos2019_raw/train_images/3079490a4b9c.png,PNG,RGB,1050,1050,819622,valid,,2abb85d350502726410e5e41062485b7976904cce87be1ebbfc6dfa6138ba757,validation
308f7fce6f0d,2,/content/aptos2019_raw/train_images/308f7fce6f0d.png,PNG,RGB,1958,2588,5202936,valid,,53c7028077e2c0ab106aceee0a706f79b7857b83801d14bc0646c1b0ea2a5022,train
30941b65348b,1,/content/aptos2019_raw/train_images/30941b65348b.png,PNG,RGB,1736,2416,2073329,valid,,885648a583c9e6a55030eda8c4628e9a6d405032d04fdc66455406e6fb62fa82,train
30db694bee42,0,/content/aptos2019_raw/train_images/30db694bee42.png,PNG,RGB,1536,2048,1932727,valid,,8968026cdbbb3e48a776a6ab8089b589782b1680c6115d2c884a7861ed4f3acb,train
310c27067ac0,2,/content/aptos2019_raw/train_images/310c27067ac0.png,PNG,RGB,1050,1050,919231,valid,,d5add30404a9fd891c53d225cd1b828ce26c56006e8f1ed44f0e0dd38bc160af,test
312694ea8e6a,4,/content/aptos2019_raw/train_images/312694ea8e6a.png,PNG,RGB,1736,2416,2367189,valid,,dac959a0ec94e2fc3c46c8a3330e5a6797c0eae8210a4e2fedb0a8176ea6e4ac,train
3128eb593012,2,/content/aptos2019_raw/train_images/3128eb593012.png,PNG,RGB,1958,2588,5006730,valid,,d1c1e789c7e4f636841f36ba6a0a714574a6100f21f47310080f07df8675eff1,train
3132556f5352,0,/content/aptos2019_raw/train_images/3132556f5352.png,PNG,RGB,1050,1050,925283,valid,,835b1f79eb8a6424b2b02565b61b3093fcf35d99210156777d9157cd2527febd,train
31360e44ac64,0,/content/aptos2019_raw/train_images/31360e44ac64.png,PNG,RGB,1958,2588,5164615,valid,,49b25a7d258be6f4fe8be12757f612bd74fb1d9ef85bb5135975af1a747368fb,validation
31452ad8808c,2,/content/aptos2019_raw/train_images/31452ad8808c.png,PNG,RGB,1226,1844,914776,valid,,d5eaee4c26d42132d24d651e840cf5955b81f8bce6963c141b8749316cecb052,train
314862758acf,2,/content/aptos2019_raw/train_images/314862758acf.png,PNG,RGB,1736,2416,1607607,valid,,21c6e85815c8c62aeb3ecbcc7b2be117edbd7d91195d040e5bab9ae922154496,train
315c1a0d87fd,0,/content/aptos2019_raw/train_images/315c1a0d87fd.png,PNG,RGB,1050,1050,948694,valid,,f06842074bf1d4bca6ace784bce7358b7ac9225f93b6db12c8aeedf162458e5a,train
31616ff6b53b,3,/content/aptos2019_raw/train_images/31616ff6b53b.png,PNG,RGB,1736,2416,1991145,valid,,a142687750fffe84ed45ba46f964c1046aad1edcd4df05606eef2880cd730742,validation
3178559fbf57,0,/content/aptos2019_raw/train_images/3178559fbf57.png,PNG,RGB,1050,1050,907871,valid,,97b13e5a89d75e2d84093adecef82e413cfd9133f18bf4b3a33a11e322fae2d3,validation
318eb706a134,0,/content/aptos2019_raw/train_images/318eb706a134.png,PNG,RGB,1536,2048,1897529,valid,,b81a7f6ec19b410118de430793e1556e8ef02018734286f68087a4406cc88574,train
31b5d6fb0256,2,/content/aptos2019_raw/train_images/31b5d6fb0256.png,PNG,RGB,1736,2416,2534361,valid,,854aed6e9236d5bb3f4aed58ee9c01d7c26e990eb23279e0370e0bb474f651a6,train
31cb39681f6a,1,/content/aptos2019_raw/train_images/31cb39681f6a.png,PNG,RGB,1226,1844,790535,valid,,add6d316443b29980011fb7238ca6a8a9153afccb1573466e505592f83a6a03e,train
3206171db5be,4,/content/aptos2019_raw/train_images/3206171db5be.png,PNG,RGB,2848,4288,5118744,valid,,243a78d36b666f433f1b00946a772a0bffd30e1d72a022ebab96d715b440209e,train
3218a6d8eb2c,3,/content/aptos2019_raw/train_images/3218a6d8eb2c.png,PNG,RGB,2588,3388,3811032,valid,,4bc6020af301ea9afd1ca31f4a4fc5dc7754c12628f7debf504913d100b071e5,train
3232b34cbe99,0,/content/aptos2019_raw/train_images/3232b34cbe99.png,PNG,RGB,1050,1050,1019522,valid,,6ceeb9c56f671072f67a4fe36fa4f16dbbb4f751494ed4d81f4acbe4ca539fee,train
3246f07e65b4,2,/content/aptos2019_raw/train_images/3246f07e65b4.png,PNG,RGB,1226,1844,955421,valid,,9d5cb369a92450db9ddcb14d362466d15da0e2b1d39d78305b8cda2d5b4d76bb,test
3254e48c8aa0,0,/content/aptos2019_raw/train_images/3254e48c8aa0.png,PNG,RGB,1050,1050,992793,valid,,870edba3eb000a98353a882d0bcc565150e5a277350ad0ae5a5db53decaacd5f,train
3286073a976e,0,/content/aptos2019_raw/train_images/3286073a976e.png,PNG,RGB,614,819,339528,valid,,1fc609a600bbd48e254d93fdead36c0665dd0423db70ae61402cc9382dee7cb5,train
328d141ed3aa,0,/content/aptos2019_raw/train_images/328d141ed3aa.png,PNG,RGB,1050,1050,1038531,valid,,36aff6706135488bef62a98b35073577d994031be06c7e12a2935e58280a2f53,train
32a3eb37ff40,2,/content/aptos2019_raw/train_images/32a3eb37ff40.png,PNG,RGB,1736,2416,2263778,valid,,035604b46288a962c2fbbfb575d05d96e47a117da930aa2fd886b87463396df9,train
32d7d360d891,0,/content/aptos2019_raw/train_images/32d7d360d891.png,PNG,RGB,1050,1050,894329,valid,,43b002fa24bb99d5fb31e6ee06f73c8ede01f75053282884ec52f4f6c3d5bbbd,test
32ed318235b8,0,/content/aptos2019_raw/train_images/32ed318235b8.png,PNG,RGB,1050,1050,950967,valid,,db6b4a90ee754b071628b730fc4d828b0a60c7bf4704c9958ff3cd4bcf5040aa,validation
33105f9b3a04,1,/content/aptos2019_raw/train_images/33105f9b3a04.png,PNG,RGB,1736,2416,2134363,valid,,dbde3d0182bc27a19c28f967248684fb184f20a160b4745d4d5b2408f0630ea2,train
331121c65e88,0,/content/aptos2019_raw/train_images/331121c65e88.png,PNG,RGB,1536,2048,1915020,valid,,bf96736bc098b56d306e1d3aaf227610e832977c9d78bc52dd92f4d3f54c726a,test
331b87d1b9d1,2,/content/aptos2019_raw/train_images/331b87d1b9d1.png,PNG,RGB,1736,2416,1883559,valid,,3170af7fa9def7d080575fde7a5517ae66cee5013671cf4bb6aaa8c0611db6e9,train
3323fd59782e,0,/content/aptos2019_raw/train_images/3323fd59782e.png,PNG,RGB,1050,1050,969899,valid,,6a2be14ce48c1a23275b83a60ac5a99efd352a93aea63f1efb3acd3e00ef1804,train
3325b1fe55d2,0,/content/aptos2019_raw/train_images/3325b1fe55d2.png,PNG,RGB,1050,1050,918206,valid,,3db705e4d032630d557b9118cf50c3bd774a2dd434c1ea10e898162307ddc6e7,train
33596a635b53,0,/content/aptos2019_raw/train_images/33596a635b53.png,PNG,RGB,1536,2048,1940672,valid,,712d53382bbda0b55e88833c377dc7547d4d0434e6f163c00ac69cd387d75df9,train
33778d136069,3,/content/aptos2019_raw/train_images/33778d136069.png,PNG,RGB,1117,1476,1532542,valid,,1b9e15ca39306d68924966ce238fab1421069b24c1cbd105d70c5e9f36c2815f,train
338326891d84,0,/content/aptos2019_raw/train_images/338326891d84.png,PNG,RGB,1536,2048,1838831,valid,,cf5e2463cea78c96f47bc2d8313fa946d8ac976b15f65018b84e9b4990b25b05,test
33b893e18eb3,1,/content/aptos2019_raw/train_images/33b893e18eb3.png,PNG,RGB,1736,2416,2032647,valid,,debaa29562896af0dca0d4b482ae000a08fc15a27e7ca73820a1fa94b8537920,train
33b91def2035,0,/content/aptos2019_raw/train_images/33b91def2035.png,PNG,RGB,614,819,306225,valid,,28719c35d6f599fd38ba0d116fc262ee03ac84c51ea2d6effe11ffca145bfd7c,train
33b978734eab,0,/content/aptos2019_raw/train_images/33b978734eab.png,PNG,RGB,1536,2048,1827645,valid,,e2bde97746c828e0d8f65f5c55c167ad12386eb4b953d4985ff2b9c14ce16f6f,validation
33d72035c27a,0,/content/aptos2019_raw/train_images/33d72035c27a.png,PNG,RGB,1536,2048,1923633,valid,,e955995fadd0f3f0f10ea6d838ff869e29333e2d40255e598ffe54d3d389354f,train
33e7bf536fc5,0,/content/aptos2019_raw/train_images/33e7bf536fc5.png,PNG,RGB,1958,2588,5228985,valid,,8767462f82b26f2b1467f6fd09db31eeae5cf7e99550c315b66a80b4ce5c0341,train
33e8e26a75d4,2,/content/aptos2019_raw/train_images/33e8e26a75d4.png,PNG,RGB,1736,2416,2221528,valid,,530908c161f868dc102a57e170a8427cd815ac1d87d74c47c82d4c9810ef2fd8,train
33ffddea8c6e,1,/content/aptos2019_raw/train_images/33ffddea8c6e.png,PNG,RGB,1050,1050,1085687,valid,,07f4495f520646859a2556e2b2e565df91eed9103621398a1ecdb35ca6586e89,train
3402124408ea,2,/content/aptos2019_raw/train_images/3402124408ea.png,PNG,RGB,1736,2416,2561910,valid,,e052e9e9ea7348b83c4a9fde7c74f92f345691e3f23309edec56be94d540d187,test
3428230bf1bd,2,/content/aptos2019_raw/train_images/3428230bf1bd.png,PNG,RGB,1736,2416,2084438,valid,,3ed3ada29d75f9cd78a1c6a30a42c6fa8dde258ccabb7f45f0f1b4107861e256,validation
342edf9b889d,0,/content/aptos2019_raw/train_images/342edf9b889d.png,PNG,RGB,614,819,320886,valid,,785d399e76096e6939db00cb96f34347714280fe33fe197e2079d668d4fa14e5,validation
3435fd8675a2,3,/content/aptos2019_raw/train_images/3435fd8675a2.png,PNG,RGB,1117,1476,1617338,valid,,177a12534a884b5257c47a830d3de4a4b79075cd63be6b228848dd36e86cbea1,test
345b1f0abbba,0,/content/aptos2019_raw/train_images/345b1f0abbba.png,PNG,RGB,1958,2588,5439688,valid,,54e4f06aded1df903a7fa8e855d9603f6d0ea1b0333335e859fa6c6e1db58356,train
3461dc601cc2,1,/content/aptos2019_raw/train_images/3461dc601cc2.png,PNG,RGB,1958,2588,3437504,valid,,43e495e3ceaeb0da1a13f7b3d3db018a523d0ede30eed68d70874cfccb89ac6e,validation
34723fae6475,2,/content/aptos2019_raw/train_images/34723fae6475.png,PNG,RGB,1736,2416,2159742,valid,,d5492e69637721a6148a04120eb2f4c9148e0a1df8239f71ab05393d25c2853c,validation
348598d01e18,0,/content/aptos2019_raw/train_images/348598d01e18.png,PNG,RGB,1050,1050,991764,valid,,91fbf289711fec5b955830565341d3e9b14e11c5d7144d84efc70b392413eed8,test
3486f7096276,0,/content/aptos2019_raw/train_images/3486f7096276.png,PNG,RGB,1958,2588,5415643,valid,,d5619fef1d0c1ba1264aa7c6cb1e6c3e8cf37cd7ba35adc5ae25b882b4cfe3e5,validation
349f3c0ac83e,2,/content/aptos2019_raw/train_images/349f3c0ac83e.png,PNG,RGB,1958,2588,5047046,valid,,3ea3acb96d40000c8a68e2f3fb3e75ab9499b8bd8aef759782dc68b3c7b8ca3b,train
34a7dbd3f05c,0,/content/aptos2019_raw/train_images/34a7dbd3f05c.png,PNG,RGB,1536,2048,1913182,valid,,d9e2eeba3dee626cc4a796f64d65c2b9bb5e7f0987b561314e49b4306cdb685f,test
34acae864963,0,/content/aptos2019_raw/train_images/34acae864963.png,PNG,RGB,1536,2048,1928448,valid,,34d7728b49197b636704dce05d7abf2c0718c0f220778722ec162cba7be9222b,train
351e842842a2,0,/content/aptos2019_raw/train_images/351e842842a2.png,PNG,RGB,1958,2588,5289754,valid,,64bb0aea6a040e9f3e216ffd3be7f7f18631d85fd47818e223fba085c76867c7,train
352e4a939242,3,/content/aptos2019_raw/train_images/352e4a939242.png,PNG,RGB,1958,2588,5683335,valid,,765b0695808ec40d2b5318da6bdbf6380783069221afd580b14d549195a0a35e,validation
35362d43e753,0,/content/aptos2019_raw/train_images/35362d43e753.png,PNG,RGB,1050,1050,783597,valid,,58a1ac865beefdd3c815a37acacadddd0b166370630f23146b6b406cc0317e25,train
354b8911d6ed,2,/content/aptos2019_raw/train_images/354b8911d6ed.png,PNG,RGB,2588,3388,6981877,valid,,6d9625d36ddef14bd3da0bbbde3c8f05a5d4939795d6559d96c2906873aee57f,train
356304d15a5c,0,/content/aptos2019_raw/train_images/356304d15a5c.png,PNG,RGB,1050,1050,959498,valid,,1b780d6dd9d2be84c17e1a300de13356ebadd8255065f9ec6c6eed5d6c2da5fb,test
35777eb7859d,0,/content/aptos2019_raw/train_images/35777eb7859d.png,PNG,RGB,1958,2588,5499732,valid,,13409290db782969d07a3c11454fa7510b6a8c8759a61819c9b00a35d794c837,test
357f02a779d7,0,/content/aptos2019_raw/train_images/357f02a779d7.png,PNG,RGB,1050,1050,956435,valid,,b02ba36c806b50c6648d32f5352d7b04e8922548bc2fe0486faef78a8fcafb7c,train
3580a545016d,0,/content/aptos2019_raw/train_images/3580a545016d.png,PNG,RGB,1050,1050,1080318,valid,,72439a03a0324bc22c4c847c13718e6459a11552ba34bbbd4c74307c897b9818,test
358d2224de73,1,/content/aptos2019_raw/train_images/358d2224de73.png,PNG,RGB,2588,3388,3642833,valid,,50451c50ccf99e4e5112bc0b468db052223f29bfd0a8ac169815d48ae7a54b07,validation
3599029efeb3,0,/content/aptos2019_raw/train_images/3599029efeb3.png,PNG,RGB,1958,2588,5254833,valid,,77d5e5b5481de34c3eb96078f4d07ba1e23f7fb4ae68022754ebe65d0faf73c3,test
359bab5d784b,0,/content/aptos2019_raw/train_images/359bab5d784b.png,PNG,RGB,1050,1050,933180,valid,,9032d917ca8b1a4ec62513f70bb5ec248568cbb82f1801194609766e46b6f9d2,train
35ac70c0d08f,0,/content/aptos2019_raw/train_images/35ac70c0d08f.png,PNG,RGB,1050,1050,1076207,valid,,9caac6faa76fd997b1be2ddab70fadf957e071f1fcf17ac13a72d5d81896ee98,train
35beb47fe159,0,/content/aptos2019_raw/train_images/35beb47fe159.png,PNG,RGB,1050,1050,1023076,valid,,f5e1bbe9d2483f7fbb18c64474b5b7d1656230bc776862df4d1def54a44d0f8b,test
35cd9832fc0a,0,/content/aptos2019_raw/train_images/35cd9832fc0a.png,PNG,RGB,1050,1050,1037134,valid,,bae9c1bb494b03f7447bf4f5e3fecbe6b02e63cc3f8e879d907ea582555ef346,train
35d6c4c50072,1,/content/aptos2019_raw/train_images/35d6c4c50072.png,PNG,RGB,1736,2416,2032263,valid,,86aaba714403f0aea4da4b571346aa77e0ce1600deea310e5f6a9749e041f9df,test
35df2bc6ae95,0,/content/aptos2019_raw/train_images/35df2bc6ae95.png,PNG,RGB,1050,1050,980106,valid,,9518efa3fdd79e19f9775a69d41a1a905ae5edb863220176697344b497ce76cc,train
3601dac9bed7,0,/content/aptos2019_raw/train_images/3601dac9bed7.png,PNG,RGB,1958,2588,5520181,valid,,0edcb1ce8ad1ba59b0cefb18bdffbb76ff8263be815b1555601218947b4a4774,test
36041171f441,1,/content/aptos2019_raw/train_images/36041171f441.png,PNG,RGB,1736,2416,2109976,valid,,04cdfcef924011c33e1db7c08602337584ca5335760a9f678b45a1f6cdb77cd6,train
360832d84ce0,0,/content/aptos2019_raw/train_images/360832d84ce0.png,PNG,RGB,614,819,291909,valid,,c47e911e4ef79fab827d478625ce3fe29ffdf8e2cae574fecea6e1db38de42db,test
362c4a96cebb,2,/content/aptos2019_raw/train_images/362c4a96cebb.png,PNG,RGB,2848,4288,5674493,valid,,dba89c9e1bfbe739a317e8006267be8e8581a2d3ac1f67c27d6fa248d2cbb3ed,test
365f8c01d994,1,/content/aptos2019_raw/train_images/365f8c01d994.png,PNG,RGB,1050,1050,822619,valid,,bb2804565e80729d31bb537a498d22af387a3ac2a0afc63715720df1eb8b9f3c,validation
36677b70b1ef,1,/content/aptos2019_raw/train_images/36677b70b1ef.png,PNG,RGB,1736,2416,2214945,valid,,9ad75d00aba279bb2ac2203dc9ca404a28b207c8a2d9ed59bbbab32c9ca76da7,train
367c7049929c,2,/content/aptos2019_raw/train_images/367c7049929c.png,PNG,RGB,1050,1050,978886,valid,,17a47bb2ab2a5f72a37b3d83d6e1b949ee9c2ebb2822f484ad95001f6edbed4b,validation
36865bbc64d6,3,/content/aptos2019_raw/train_images/36865bbc64d6.png,PNG,RGB,1944,2896,2090111,valid,,28d78cd1a9536cae9d06fe3c833b329a9a8be5ad076cc16617947f192cd87de1,train
369229040a34,0,/content/aptos2019_raw/train_images/369229040a34.png,PNG,RGB,1050,1050,941562,valid,,983a3ff532621e85faf7d1082d968927902554b04a864d8f07aa57f28e65ece0,test
3694e8c8e09a,0,/content/aptos2019_raw/train_images/3694e8c8e09a.png,PNG,RGB,1958,2588,5407323,valid,,e32b36d37fdf8ed6dbf2d1f8392d9d2cd8fa81776338980c9089849bc93bae14,train
36a1e3c780a0,2,/content/aptos2019_raw/train_images/36a1e3c780a0.png,PNG,RGB,1736,2416,2197337,valid,,beb226d2a7855e0bc6feeec06f7d3238914fb8d27744b48d64b27cd647261376,validation
36b5b3c9fb32,3,/content/aptos2019_raw/train_images/36b5b3c9fb32.png,PNG,RGB,1958,2588,5621679,valid,,dfed03858c9691943b992c3af444b2fdb0d134c40c0a99bf8c382a37443ac903,test
36e4b704b905,0,/content/aptos2019_raw/train_images/36e4b704b905.png,PNG,RGB,614,819,355313,valid,,16a498de8ca8bdea8a74934695c11014fa116efddcfbb4a510574897d1884513,validation
36ec36c301c1,2,/content/aptos2019_raw/train_images/36ec36c301c1.png,PNG,RGB,1000,1504,1283623,valid,,071bf0e1d92b30e1018ad41f5c84a91fcf259bf978ff0fae6024bf7a9ac800d0,train
370f575adb23,0,/content/aptos2019_raw/train_images/370f575adb23.png,PNG,RGB,1050,1050,1029009,valid,,d64808c27afdceada8e5788ae8839ea6e7da7ec0e98a1ffa2cd1667286d2bff3,train
3710ff45299c,0,/content/aptos2019_raw/train_images/3710ff45299c.png,PNG,RGB,1050,1050,1053603,valid,,9de71b6c9a03f7233e8d56122005a1c8aa294ece72ea68f33fd57b74ca9c30df,train
3730c322d35b,0,/content/aptos2019_raw/train_images/3730c322d35b.png,PNG,RGB,1050,1050,997216,valid,,4ef28d74b31162c96e13d79d47f8ecefa349fd77d022d618a2abfa31c69d075f,test
3732de8b416f,0,/content/aptos2019_raw/train_images/3732de8b416f.png,PNG,RGB,1958,2588,5590822,valid,,addbba75720c72e8c8f2f99b1da0ed2784c281f36d5287ae8b8757412b9e7f48,train
374535e0adb8,4,/content/aptos2019_raw/train_images/374535e0adb8.png,PNG,RGB,2848,4288,5971253,valid,,5a029743ddec3abe49caf6d3b6bc660d8fc020b075a26c11e0d5fa3b860ac44c,train
3748349334f6,2,/content/aptos2019_raw/train_images/3748349334f6.png,PNG,RGB,2136,3216,2215309,valid,,75e4ada0e16bda9533189a66bff56d49288473cc804d95d72d1fb0154b60c674,train
378963f9df22,4,/content/aptos2019_raw/train_images/378963f9df22.png,PNG,RGB,1226,1844,1168810,valid,,dd89b8992b150f2adb3cee021beb6a08f7a10ac610074ce4b8359795eef0ff82,train
3796af4d987a,4,/content/aptos2019_raw/train_images/3796af4d987a.png,PNG,RGB,1958,2588,5190746,valid,,829f43f9d66531ac8dd2d6b85a2354d33b538ca479e5e9dcbe172b04b318f910,train
37c4dfe03aba,4,/content/aptos2019_raw/train_images/37c4dfe03aba.png,PNG,RGB,480,640,383454,valid,,3738235933b5d5a51e6c49a24b2c9a326ab0c8ccea78f29a0fcde88f259cbfaa,train
37c523296d42,0,/content/aptos2019_raw/train_images/37c523296d42.png,PNG,RGB,1050,1050,1055103,valid,,b02d534a83dccb981a099f3044ff2039569da67b7cbbd422e0718f3d1aa0b9d8,train
37de05ef12a5,2,/content/aptos2019_raw/train_images/37de05ef12a5.png,PNG,RGB,2136,3216,2791292,valid,,38f1c5c7bcc111c01bebbef158f83fa5c5437cd70195545e5970a8d3b1a9c3db,train
38055d8b9f08,3,/content/aptos2019_raw/train_images/38055d8b9f08.png,PNG,RGB,1736,2416,2059982,valid,,70cd9e3c070ee5964d70c7790675b6ba90aac8cb0486ff59b1c7b6b560327bd6,train
3810040096cb,4,/content/aptos2019_raw/train_images/3810040096cb.png,PNG,RGB,2136,3216,3367363,valid,,37aee5cda604f0eb1351af428e4492ee250056ef2e93b18aa98d7ef4242c0abb,train
3823acc4e464,0,/content/aptos2019_raw/train_images/3823acc4e464.png,PNG,RGB,1536,2048,1946007,valid,,9351cea5b19ac10dcdfd486f0b79683657a3f7f60a8df5c824dd9c5e3de5f03c,test
382752f6694a,1,/content/aptos2019_raw/train_images/382752f6694a.png,PNG,RGB,1736,2416,2173296,valid,,9ac1451b0932d6d187a639c6913461e2c8d2643b3128b384df709e9ca80eb40f,train
38373431d996,0,/content/aptos2019_raw/train_images/38373431d996.png,PNG,RGB,1536,2048,1971838,valid,,2bfd50c7062abc7ecbb8e2a1b44ad5d21c83a18f5e332a5b335b7356c1302285,train
383e72af1955,3,/content/aptos2019_raw/train_images/383e72af1955.png,PNG,RGB,1736,2416,2377966,valid,,4043923ee1d26ebc0ded207146dd32c6b7a63664794278c13e80c4996584588e,train
384631079d1e,1,/content/aptos2019_raw/train_images/384631079d1e.png,PNG,RGB,2588,3388,7224523,valid,,a2b49d8c51aed641673e04284453ad4f758dd6f08a7992c624f923d95db63572,test
38487e1a5b1f,2,/content/aptos2019_raw/train_images/38487e1a5b1f.png,PNG,RGB,1000,1504,1249925,valid,,82bf9f182d55586d62d8cf43693ff432a68d3f0b6aac5de665fc35f974f0d453,train
384db24ebbd7,0,/content/aptos2019_raw/train_images/384db24ebbd7.png,PNG,RGB,1050,1050,939318,valid,,555fe0677c337d38bd81fecd40de71b200a8e6fd5cdf4d71b8cba81e6b11c24e,train
384e6c915722,0,/content/aptos2019_raw/train_images/384e6c915722.png,PNG,RGB,1958,2588,5178388,valid,,4799ef356ef7bbc48d2d6f773188435cce4a86e7b1e398693bc87e96fb5c4a7c,train
387138ddf43d,0,/content/aptos2019_raw/train_images/387138ddf43d.png,PNG,RGB,614,819,329359,valid,,1360caef51f6f688e35d3cb52bf1662abc2748fa9f7196afa27f0622f03021a6,train
388279491b5d,0,/content/aptos2019_raw/train_images/388279491b5d.png,PNG,RGB,1536,2048,1933348,valid,,f07ff8d1b99822a235cac2509be0843c174cb587b8b0020cedbc9f129c550573,train
388f12e8df0b,2,/content/aptos2019_raw/train_images/388f12e8df0b.png,PNG,RGB,2136,3216,2430562,valid,,b7dd9563b84ed150d9372165411a697b57ec7268ba6ac15ababb2c6ca55e6a7c,train
389552047476,0,/content/aptos2019_raw/train_images/389552047476.png,PNG,RGB,1050,1050,932443,valid,,9b138e6675f77125aa6b583b6d34cc853abd03f239f5447d9807981d1184c9a3,train
38b9bb961847,1,/content/aptos2019_raw/train_images/38b9bb961847.png,PNG,RGB,1050,1050,838024,valid,,1432a169e608f872203c064f3e617efed17c14c6a2d47121c76e200e8390bf52,validation
38c7153457e2,0,/content/aptos2019_raw/train_images/38c7153457e2.png,PNG,RGB,1050,1050,1096294,valid,,34e4c348655fff53703bbdac0c9b943edcc6927a276abbd68c0f63409450d7f3,train
38e0e28d35d3,1,/content/aptos2019_raw/train_images/38e0e28d35d3.png,PNG,RGB,1050,1050,986850,valid,,c11a3e3f8bc4490833b89517aee1792666b934f7ab76ffec38d60ff3cf50ce1d,train
38e111cac46f,2,/content/aptos2019_raw/train_images/38e111cac46f.png,PNG,RGB,2588,3388,3879811,valid,,3753d668ad1ba24e757a10f8dd7901a157a6a03561f596b79cb371a9016af031,train
38f1901f214a,0,/content/aptos2019_raw/train_images/38f1901f214a.png,PNG,RGB,1958,2588,5277503,valid,,eadb621bd74dc6b3bceeec07ff4fdbf7c81c4e8fedaa8942d2b4b15fc1f44313,train
38fe9f854046,2,/content/aptos2019_raw/train_images/38fe9f854046.png,PNG,RGB,1424,2144,2700206,valid,,10fb54b00b9d357e7001a83c3efff627e6b39eb00a3373c316d8110ff480bbad,train
3908b3cfd620,0,/content/aptos2019_raw/train_images/3908b3cfd620.png,PNG,RGB,1050,1050,1020858,valid,,98640da1e3b1b861767d486820900df737f85592f2bcb484e8e731a677770a8e,train
39134907127a,2,/content/aptos2019_raw/train_images/39134907127a.png,PNG,RGB,2136,3216,3296602,valid,,b3db2b648c3437bc3601322fa396a929bdf410f13732c404e93d26d0eca686f5,train
393fa5a023a5,0,/content/aptos2019_raw/train_images/393fa5a023a5.png,PNG,RGB,1050,1050,807518,valid,,82451e409c7026a98753ec8baec18f010eec15093624ce753a46a7e19b029909,train
39923b29988a,2,/content/aptos2019_raw/train_images/39923b29988a.png,PNG,RGB,1226,1844,994316,valid,,17e7ad0cacb8fa61b9c5cb8f7ee47f8e8e00248a59304585e9443ba07429a170,test
39aa3cd93c50,3,/content/aptos2019_raw/train_images/39aa3cd93c50.png,PNG,RGB,1958,2588,5501068,valid,,b6abfde3eaa218ff149d1708242cc47ff9f3861eef365de4544b6de3f3b57642,test
39b5b05d6cd9,2,/content/aptos2019_raw/train_images/39b5b05d6cd9.png,PNG,RGB,1958,2588,3225226,valid,,ea446405408d20ad3599b257a9509fffe0d38782a0ed6f7c702929ece742e672,train
39f8935185e6,0,/content/aptos2019_raw/train_images/39f8935185e6.png,PNG,RGB,1050,1050,1061351,valid,,a1a1d93a7ab81f0ffde6c9405afe8da25709be4a9d87c8d40cf17d41481cd60a,train
39fd8ef3a45c,0,/content/aptos2019_raw/train_images/39fd8ef3a45c.png,PNG,RGB,1050,1050,980342,valid,,f5e57f1e9a7ed222773985a3ec085b3e4e9e2860099ef47a638b19c8dd5640bd,train
3a122851e526,2,/content/aptos2019_raw/train_images/3a122851e526.png,PNG,RGB,480,640,347763,valid,,62820cbe85f88eaf42ad0c3cf5c56d4b0257057312ceae52f59301cf04b44e34,test
3a1d3ce00f0c,2,/content/aptos2019_raw/train_images/3a1d3ce00f0c.png,PNG,RGB,2136,3216,5798238,valid,,84882108f91f919662ba4c91140e1f9d1ac3fac191f7cb6300804df2d4bad470,train
3a1ecf5e2839,4,/content/aptos2019_raw/train_images/3a1ecf5e2839.png,PNG,RGB,1736,2416,2033212,valid,,ec9d0e4e55ce3cd2a1026bb319c0537c9b63ff2fe5eac0f5a812339656cb594d,validation
3a4cfea0a766,0,/content/aptos2019_raw/train_images/3a4cfea0a766.png,PNG,RGB,1050,1050,969701,valid,,b082b90269ec3673b2dfa36aa442b423a94d2ec8c0235fd0c1177823918556a1,train
3a61e690f4bb,2,/content/aptos2019_raw/train_images/3a61e690f4bb.png,PNG,RGB,480,640,342191,valid,,9b53f5c74e79c62f678ade4cb12ba497c9f64dbd5801e07c358aab49cd2306df,train
3a643599f852,0,/content/aptos2019_raw/train_images/3a643599f852.png,PNG,RGB,1536,2048,1678399,valid,,0c27fde0ad3b6f1c2c213eba0af31d088346357c8398a0fdd5db35b81b78b069,train
3a6e9730b298,4,/content/aptos2019_raw/train_images/3a6e9730b298.png,PNG,RGB,1958,2588,5015274,valid,,8490dace94a03a8fad0b5cfa169a4fabcbed8cde3fb9002e6eda55ac4e6fe971,train
3aa2b1ce6700,2,/content/aptos2019_raw/train_images/3aa2b1ce6700.png,PNG,RGB,1736,2416,2607521,valid,,83aa027ed0422e2fe5147f4e89e18758b4b08ea06c875ebeb165de6c8c8a4d89,train
3abac0961bfd,0,/content/aptos2019_raw/train_images/3abac0961bfd.png,PNG,RGB,1050,1050,964534,valid,,c4f6938396089259efe883c0125aa2d682d16ab69733d6f22c7c8e32678be366,validation
3ac3fbfca7d4,4,/content/aptos2019_raw/train_images/3ac3fbfca7d4.png,PNG,RGB,2136,3216,2500703,valid,,85352b54be96793fd152c56711ed67ff5dcf96dc9b6a740891f6e566003bbffd,train
3ac92ac3d65a,0,/content/aptos2019_raw/train_images/3ac92ac3d65a.png,PNG,RGB,1536,2048,1800834,valid,,afebd1060ab2106643076ac621a34141be5b64d0c212f3b89ad86ad4919829b4,train
3af9aaa880e9,0,/content/aptos2019_raw/train_images/3af9aaa880e9.png,PNG,RGB,1050,1050,1018291,valid,,15f6ee61968a88dc034aac418eff50a0fb62e6073a9c431e806bd8a69ff0589d,validation
3b018e8b7303,3,/content/aptos2019_raw/train_images/3b018e8b7303.png,PNG,RGB,1958,2588,2592448,valid,,ac6287f84ee440d320b99d555a6f387ef400cedc6439a2f1ee096c298b1b8adf,train
3b0190bbe615,0,/content/aptos2019_raw/train_images/3b0190bbe615.png,PNG,RGB,1050,1050,1017477,valid,,f2aeb74bc17ce89a243593f15e941019a300eaabf98d9840680dd6fc8a8492c2,train
3b10191dfd25,0,/content/aptos2019_raw/train_images/3b10191dfd25.png,PNG,RGB,614,819,377522,valid,,163068617e01d6720f2134f81a085628b8999e143f39e7a536e89a0e492a37ef,train
3b185ac445d0,4,/content/aptos2019_raw/train_images/3b185ac445d0.png,PNG,RGB,480,640,354630,valid,,ef20294c772839c00ca828fd13db0503757a0207664aa6e1e20c93e6e50f79e3,train
3b232b394e4f,4,/content/aptos2019_raw/train_images/3b232b394e4f.png,PNG,RGB,1958,2588,5976124,valid,,66c7a1e199bd54db46730c44975edfd09145fd095c5b8d7738ea3687a94d4241,validation
3b2b91590590,0,/content/aptos2019_raw/train_images/3b2b91590590.png,PNG,RGB,1050,1050,1048447,valid,,c949991afe6e4da594be8a11c3c81df43c477c9498cbd94c48bfbe8eaa14613d,train
3b4a5fcbe5e0,4,/content/aptos2019_raw/train_images/3b4a5fcbe5e0.png,PNG,RGB,1000,1504,1373861,valid,,3a1bbbaebe02b062a9c5a74cf1eb8170818e76c19e5f39a10155249ecf63e9b3,train
3b58b02c89ed,2,/content/aptos2019_raw/train_images/3b58b02c89ed.png,PNG,RGB,2136,3216,3278233,valid,,8a5ce8ae50c6948b627e762c0e138dc80c6043a8736618f77eb3bf5444cd7dff,train
3b5dffe159b6,0,/content/aptos2019_raw/train_images/3b5dffe159b6.png,PNG,RGB,1050,1050,1026730,valid,,6871c6337ec7dfe21369389d914f7fbaf34529f5fb619a778dacd3455411ac62,train
3b73a3a4a734,1,/content/aptos2019_raw/train_images/3b73a3a4a734.png,PNG,RGB,1736,2416,2037346,valid,,094acffa412df5d3eab83c46a392efd623b18228a96611ee50e8a98884e86e53,train
3b9817a39adf,0,/content/aptos2019_raw/train_images/3b9817a39adf.png,PNG,RGB,1050,1050,953897,valid,,6a67ece6df0ab69797986354f4d73c48ece01a7525f572eaad699ea05bf9b02b,train
3b9c1f42c2f2,2,/content/aptos2019_raw/train_images/3b9c1f42c2f2.png,PNG,RGB,2136,3216,2736627,valid,,43a3327f834841f53e3d48048da625d46dbf62d4930b9e7d189881b95780dbaf,validation
3bf2deaa5ef0,0,/content/aptos2019_raw/train_images/3bf2deaa5ef0.png,PNG,RGB,1050,1050,1029861,valid,,391af2065f0ab36dc2ec733757444e845e043470e32340456388c0daf49522b0,train
3bf3085ac167,0,/content/aptos2019_raw/train_images/3bf3085ac167.png,PNG,RGB,1050,1050,1040209,valid,,a2283e38a705f31281a38ded632ffb00f708c2f167e6bf5ea2b657605197b445,train
3c1efa38d0da,2,/content/aptos2019_raw/train_images/3c1efa38d0da.png,PNG,RGB,1958,2588,5072187,valid,,b256d86f878b67e135e0e17d814aab7de8827a19d33caaa751b93a2b82296b5a,validation
3c28fd846b43,0,/content/aptos2019_raw/train_images/3c28fd846b43.png,PNG,RGB,1050,1050,938269,valid,,8915f9c6ea08bd4216eebd0c6546d6360f51f1b11f95f44737e10d79143deb09,train
3c311c9109b0,2,/content/aptos2019_raw/train_images/3c311c9109b0.png,PNG,RGB,1736,2416,2257886,valid,,c078b6392340be9052abaadff14c771423380bb2c84143ba2065a9a6cebaf3ac,train
3c326543fff6,0,/content/aptos2019_raw/train_images/3c326543fff6.png,PNG,RGB,1536,2048,1872464,valid,,2e2d82c90d88374aad34ea8e9798f75362b9d70356799d4407eb367d07452b94,train
3c42512c81e0,0,/content/aptos2019_raw/train_images/3c42512c81e0.png,PNG,RGB,1050,1050,953767,valid,,6fad7a846ba9ab3bf7b440ac63bf157f3d46e71420601ddf72bce4cbe2a2efa1,test
3c53198519f7,2,/content/aptos2019_raw/train_images/3c53198519f7.png,PNG,RGB,1424,2144,2634003,valid,,d013a6ae90e1bdd673dd3ced32a6a7f9d90834d63ff7a179ccdfc2168858643a,test
3c726de3ee90,1,/content/aptos2019_raw/train_images/3c726de3ee90.png,PNG,RGB,2136,3216,2625679,valid,,8be5cb63e115badef7bcacaa8f36a982c7a8a36739bad38d4eed5009439901d7,validation
3c72f580d4ba,1,/content/aptos2019_raw/train_images/3c72f580d4ba.png,PNG,RGB,1050,1050,857555,valid,,46391d9926dc963aa41fcea8d21338fd95dbb513bf84d229349c430445783af2,train
3c78bfca247b,4,/content/aptos2019_raw/train_images/3c78bfca247b.png,PNG,RGB,2588,3388,7223757,valid,,02af0590ae66f7c74c1dd139822bd6efd241a0290a3eb11d8b5011b8514c42b0,train
3c9529918097,0,/content/aptos2019_raw/train_images/3c9529918097.png,PNG,RGB,1050,1050,981233,valid,,e8aeaeeb56a5468033b1278f37e8ce9a7eda2999289500f7117fde8e3793d9ad,train
3ca12e02dd4e,0,/content/aptos2019_raw/train_images/3ca12e02dd4e.png,PNG,RGB,1050,1050,1059740,valid,,c4efc82d4d22724fafb952cf6f1510152154b60b7f3559df12deffacc0556b51,test
3ca637fddd56,4,/content/aptos2019_raw/train_images/3ca637fddd56.png,PNG,RGB,1000,1504,1373861,valid,,3a1bbbaebe02b062a9c5a74cf1eb8170818e76c19e5f39a10155249ecf63e9b3,train
3ca8be3b40d6,0,/content/aptos2019_raw/train_images/3ca8be3b40d6.png,PNG,RGB,614,819,289364,valid,,ca5dbea3e52102c2820e35a7c61199d7f68b76d7a6e8965babe89391ede6ebb9,train
3cab32dd6ef9,0,/content/aptos2019_raw/train_images/3cab32dd6ef9.png,PNG,RGB,1050,1050,1007420,valid,,c8c2b9fac562ad357e34a4d8f67f3556160c84d3e556952a02b2f4674fd9ea48,test
3ccf96c1dd6d,4,/content/aptos2019_raw/train_images/3ccf96c1dd6d.png,PNG,RGB,2136,3216,3092215,valid,,aa9f15f0ebbdb3555cfb66253d246ce94cd6fbea5f411b33b1fae0f6d6a585a5,train
3cd9713c0ecb,0,/content/aptos2019_raw/train_images/3cd9713c0ecb.png,PNG,RGB,1050,1050,965164,valid,,2cc286a61b61b965df29866e8fded633c06241212ac8db4ac8209a779c81d4d2,train
3cdda8b3df19,2,/content/aptos2019_raw/train_images/3cdda8b3df19.png,PNG,RGB,1736,2416,2090426,valid,,845964bb6e88e64c2ecde4dd3d7ab3891c5f43898eb2de006f11f4c469d73841,train
3cdef7c591cc,0,/content/aptos2019_raw/train_images/3cdef7c591cc.png,PNG,RGB,614,819,284758,valid,,538cd1dc11a6d1a53a0d9c42aa297ab597be10ddc0eaca013595ed952fad5761,train
3ce2f8a77a32,0,/content/aptos2019_raw/train_images/3ce2f8a77a32.png,PNG,RGB,1536,2048,1647342,valid,,42f39b1dc7d37c6d79a1da67ebca92f21dc74b91a2f82d7899656d9996cbaa4c,test
3d2ecffe0386,0,/content/aptos2019_raw/train_images/3d2ecffe0386.png,PNG,RGB,614,819,284189,valid,,8ef63fb2396ec1390785abef5d43dd5083257a3d2abf45c366971ff984c8c4c0,train
3d3e288d490e,2,/content/aptos2019_raw/train_images/3d3e288d490e.png,PNG,RGB,1944,2896,2182567,valid,,2e6f60721f407d96249fb5b4f52cf88b70019ee53279d78ed46e18d5c210fcbe,train
3d663a6a50a3,2,/content/aptos2019_raw/train_images/3d663a6a50a3.png,PNG,RGB,1226,1844,859645,valid,,c1b66ed896eb1c750e3319e4b9804434258ef47e632ff8d22af629d0063f0ca6,train
3dbc90c7ee7d,1,/content/aptos2019_raw/train_images/3dbc90c7ee7d.png,PNG,RGB,1958,2588,4716737,valid,,73c2e0389ebede29e706334b7ce8b15a9559f0a4a37b6c46be1d06059e668a7a,train
3ddb86eb530e,2,/content/aptos2019_raw/train_images/3ddb86eb530e.png,PNG,RGB,1958,2588,2812590,valid,,bdc9d60e0376f004b25de8f368e4a051d2f9eec2e32c781d1b6c4def2ab93857,train
3de8ad4151e1,1,/content/aptos2019_raw/train_images/3de8ad4151e1.png,PNG,RGB,1736,2416,2042577,valid,,aabfddcce9721386e7b1be80aedbe1431e9b6cc5ed8abbf31caceb386a980567,train
3dec415b188a,0,/content/aptos2019_raw/train_images/3dec415b188a.png,PNG,RGB,1050,1050,1000084,valid,,6ac439ae1873e41eb3b766804590816f8ea761f252b59f25bae0a4aee5bc7256,train
3dfc50108072,2,/content/aptos2019_raw/train_images/3dfc50108072.png,PNG,RGB,1736,2416,1666626,valid,,2c2de93455bbcb744dfbd940e2b6916f7407d26bc1a48dae0366607f7edb8870,train
3e1f8fecb06f,2,/content/aptos2019_raw/train_images/3e1f8fecb06f.png,PNG,RGB,1000,1504,780909,valid,,51f03bdf7581b12efc813fdcc67d9bb6410cb6f063d3cb5e0c6c18afa4b8d44d,train
3e3a3955b9c5,3,/content/aptos2019_raw/train_images/3e3a3955b9c5.png,PNG,RGB,1736,2416,2098819,valid,,f8a6c19611ead308cfb0e693ec6af43373bff990b7c123f0d9fb4156f54e812f,test
3e61703b5ab2,0,/content/aptos2019_raw/train_images/3e61703b5ab2.png,PNG,RGB,1536,2048,1843375,valid,,84a3a1de4dcab2b3367d4ee7747afb8119eb42397f5fe6bb0959fd9f3ff99572,train
3e6bfc4d5c65,2,/content/aptos2019_raw/train_images/3e6bfc4d5c65.png,PNG,RGB,1958,2588,5299453,valid,,5baffc710a102f313927bf58111a8b63cdf63ad21da43b2a083eb2f59630269a,train
3e86335bc2fd,2,/content/aptos2019_raw/train_images/3e86335bc2fd.png,PNG,RGB,1000,1504,1343114,valid,,ec1b0cda476e75ccee15ec517e788d98eeb5bbdc7cdba0cf39651bc05233c4b7,validation
3ee17aa12e46,1,/content/aptos2019_raw/train_images/3ee17aa12e46.png,PNG,RGB,1736,2416,2024417,valid,,f759fe1069df71ae12997f6d991ce00aaf6a539298330683e5e89551945004d5,train
3f0d3629d69e,0,/content/aptos2019_raw/train_images/3f0d3629d69e.png,PNG,RGB,1536,2048,1965539,valid,,cb066da25e2993c66dfc67929ab4f28372c4ae92f8459679f2bba1153c233173,train
3f3de2a6b0f5,2,/content/aptos2019_raw/train_images/3f3de2a6b0f5.png,PNG,RGB,1958,2588,3153348,valid,,fdeb463c6cf95296dc4788c9843c29ebb3b08d15f4c06310e31842ceb8aa92eb,validation
3f44d749cd0b,0,/content/aptos2019_raw/train_images/3f44d749cd0b.png,PNG,RGB,1736,2416,1778424,valid,,b1b18c8eb226a7707e40c8ae65f0c31bb587446e3c8ea068281d1fc4fd02f4ee,validation
3f47f83217b5,2,/content/aptos2019_raw/train_images/3f47f83217b5.png,PNG,RGB,1736,2416,1950979,valid,,d6c88e617876b15b809a36bb8a96b8e2628361ea6a8e2fa9f4a20c886cb1c0b0,test
3f49f8d100e9,3,/content/aptos2019_raw/train_images/3f49f8d100e9.png,PNG,RGB,1958,2588,5281223,valid,,7e1edce2bc44a2c9d46483f101b1584f3584934bea2c457454521cb9523412e4,train
3f5b4c2948e8,2,/content/aptos2019_raw/train_images/3f5b4c2948e8.png,PNG,RGB,1050,1050,981486,valid,,97937f996212e8c6cd7d7b860569a8c02aa721124a888be466ebd88437c78609,test
3f6bccf21ce8,0,/content/aptos2019_raw/train_images/3f6bccf21ce8.png,PNG,RGB,1050,1050,1035548,valid,,ad3e2f3051d9cd0a2e803e958ca1b8224f6c92c5a9c9c7d2f86d7fd71729c5f2,train
3f6c627e2ff2,0,/content/aptos2019_raw/train_images/3f6c627e2ff2.png,PNG,RGB,1050,1050,899767,valid,,c5346f129ae565287049dec4bfbccf76b48c068638e59bf315e38140b115f3c7,train
3f73c91b7e32,1,/content/aptos2019_raw/train_images/3f73c91b7e32.png,PNG,RGB,1736,2416,2077627,valid,,b35e2db4e2782e32eed3a8211e57e009d0bd9fae617ab2638e2f5897772c61ac,train
3f752fcccec0,4,/content/aptos2019_raw/train_images/3f752fcccec0.png,PNG,RGB,1736,2416,2342957,valid,,9323e98a8a64649382b7a89b6cf091430442e5f52d5a01312d127b2b15c8e8d9,train
3f82631e9080,0,/content/aptos2019_raw/train_images/3f82631e9080.png,PNG,RGB,1536,2048,1925806,valid,,e12494ff856e46bdc423b996764c6da53f928b459cc896829ebe0012dd2390ec,train
3f8d5c940ba4,2,/content/aptos2019_raw/train_images/3f8d5c940ba4.png,PNG,RGB,2588,3388,7318451,valid,,6f6a1da10afd5eb4938b008e26de01b83e05d65496430bbabef3e30080a0e162,train
3f98be586fe3,0,/content/aptos2019_raw/train_images/3f98be586fe3.png,PNG,RGB,1050,1050,870180,valid,,6a9db04d11a564a6e46e7bc9bde942e13058d5943bfc5fda6c891d89584b4694,train
3fa4f4d77177,3,/content/aptos2019_raw/train_images/3fa4f4d77177.png,PNG,RGB,1736,2416,2092808,valid,,d385352713601182f492bd3afca934969c89dddf9b4b733c214562ceb869f213,train
3fc219927a97,2,/content/aptos2019_raw/train_images/3fc219927a97.png,PNG,RGB,1736,2416,2585095,valid,,d3ae5c6e4a0d003db052fe7eab9244a9fc67023c59f75da65f38941d1311785d,train
3fd45879afe6,0,/content/aptos2019_raw/train_images/3fd45879afe6.png,PNG,RGB,1050,1050,883702,valid,,04742d1d5d594b2abe2780739e412c020cd08858bbfc733f44ab551c074e716f,validation
3fd7df6099e3,2,/content/aptos2019_raw/train_images/3fd7df6099e3.png,PNG,RGB,1424,2144,2781409,valid,,d76366a191625609cb03114a31f02c844110cf8689d0dcc07cb90b3ff8b2b04e,train
3fe282197c1c,0,/content/aptos2019_raw/train_images/3fe282197c1c.png,PNG,RGB,1536,2048,1943865,valid,,4c8a64bd387de88817843093426cef356dd9bda762429d3f9138295e5c5b47dc,train
3ffa14d60b24,2,/content/aptos2019_raw/train_images/3ffa14d60b24.png,PNG,RGB,2136,3216,2396783,valid,,4e7db788ea3ffc3c42867d66540ecd37cfdb123c6f409442da13e3cdbeab3c03,validation
40140a925c43,2,/content/aptos2019_raw/train_images/40140a925c43.png,PNG,RGB,1736,2416,2089862,valid,,7f12f48e3893134be5d88918b734c484fbe5dabec8355c11db37b7dcb1328d09,train
401fdfd0db07,0,/content/aptos2019_raw/train_images/401fdfd0db07.png,PNG,RGB,1050,1050,1027248,valid,,30741c7c4b0b5997c1f078f2e28e50aacf6e704297aa246447d22efeedc8f25e,train
4029d70e9d8a,1,/content/aptos2019_raw/train_images/4029d70e9d8a.png,PNG,RGB,2848,4288,4600054,valid,,f9bade99b9d5a0ebeaa22aa5f59bd9047f05e7e6656acfad022d4b899d77dec6,train
4036471a1bb7,0,/content/aptos2019_raw/train_images/4036471a1bb7.png,PNG,RGB,1536,2048,1879754,valid,,c71ab81af1df184b332afeef928b350d6de44e169171b206404f324bd56435ca,train
404ede327e98,0,/content/aptos2019_raw/train_images/404ede327e98.png,PNG,RGB,614,819,305583,valid,,64950b6e2eb3ef176958468744cf2e662ad678340e196b1129293a03f5070085,train
405085b53d7b,0,/content/aptos2019_raw/train_images/405085b53d7b.png,PNG,RGB,1050,1050,1049671,valid,,1a86cb587c47bedf550e8090ccae61d80303ca31f87c92f77a2128ef2ddbd164,test
40527a5e95dd,2,/content/aptos2019_raw/train_images/40527a5e95dd.png,PNG,RGB,1736,2416,2041833,valid,,10d27f9b131d47a1ab376f476d18dd1a3c633635408e69f462ea4874493967db,validation
405b4f78658f,3,/content/aptos2019_raw/train_images/405b4f78658f.png,PNG,RGB,1764,2146,1903521,valid,,23985b8aa47b8628743be3709db1f2c4b0128f847079551145a3bb3046fb08d9,train
408ea9d5e082,4,/content/aptos2019_raw/train_images/408ea9d5e082.png,PNG,RGB,2588,3388,6809501,valid,,298e6c59ff9a6819a2d0718777d78ed40c492167f37d2eb4af1c0f782cbba1c7,train
40c24aded50c,0,/content/aptos2019_raw/train_images/40c24aded50c.png,PNG,RGB,1050,1050,909845,valid,,8b2e8c7059a7462e34782dfe03f5b2fe1a71949710c38e9d4dae53752fa756e3,train
40dd4e6e4444,0,/content/aptos2019_raw/train_images/40dd4e6e4444.png,PNG,RGB,1536,2048,1940441,valid,,12b35d1a5927f298c7bb7f2cdd66f30bfa7bdf08e3681f9ee7f1b42949af1047,train
40e9b5630438,1,/content/aptos2019_raw/train_images/40e9b5630438.png,PNG,RGB,1736,2416,2272382,valid,,a6d9486777204aa90356fb505939138a8836378579999552b993d8c782948306,validation
41345cec5957,0,/content/aptos2019_raw/train_images/41345cec5957.png,PNG,RGB,1536,2048,1683390,valid,,5324ae890c6b492e3c2fa6719619ca51d74a86d0fdb24f3ea28e46517a638c70,validation
4134b290f5f3,0,/content/aptos2019_raw/train_images/4134b290f5f3.png,PNG,RGB,1958,2588,5840384,valid,,da915c859c571a91bdb6a6e3beea2c709905f1ec6396b2c85581775a7eb88623,train
4145dcb25053,0,/content/aptos2019_raw/train_images/4145dcb25053.png,PNG,RGB,1536,2048,1917196,valid,,ad1eae3411bfb3c32cdb1fec930823256423486a3a0199631ea6ddf2580c62a6,test
4158c340fa49,0,/content/aptos2019_raw/train_images/4158c340fa49.png,PNG,RGB,1958,2588,2399587,valid,,5b9fea11eaf9d61337e539da5a1b922799e857714a04b30a342b643aa183b81c,test
415d5c5e785f,0,/content/aptos2019_raw/train_images/415d5c5e785f.png,PNG,RGB,1050,1050,903156,valid,,cae328a291f9ff7845e174b6c82731802bab4ac8479e80b06c0f85848636c48c,train
415f2d2bd2a1,0,/content/aptos2019_raw/train_images/415f2d2bd2a1.png,PNG,RGB,1050,1050,1026734,valid,,ae84a27de074feca7b6589aa95f5a5a2bf304654b5817a002654ee28bdade39b,train
417f408ee8e0,2,/content/aptos2019_raw/train_images/417f408ee8e0.png,PNG,RGB,1958,2588,4946289,valid,,5c9188942b8a3380e59e9e3ffcbba97da32e9c3cdb1b403970f189e900fd0ddb,train
4189d4e631ec,2,/content/aptos2019_raw/train_images/4189d4e631ec.png,PNG,RGB,1736,2416,2392952,valid,,14bf7d2a275f15db821f88cdff8277d2da701a3aa824d5566008a4fb16015da3,train
419406328dcd,2,/content/aptos2019_raw/train_images/419406328dcd.png,PNG,RGB,2136,3216,2599781,valid,,a87d68752318eec024c11807fcd72f228c43d2e18a353034521a4f4bdd37f955,test
41960d5f58c2,0,/content/aptos2019_raw/train_images/41960d5f58c2.png,PNG,RGB,1958,2588,5672924,valid,,58f46cfa04adb3570879642804ef7187418e1dbb36db656939d646d1df32dbbb,train
41ab357d103f,0,/content/aptos2019_raw/train_images/41ab357d103f.png,PNG,RGB,614,819,296949,valid,,6794d78463e790f112c2e17c0b8e64345b194c569c1b69728409edc6f363eb29,train
4205e9deb058,0,/content/aptos2019_raw/train_images/4205e9deb058.png,PNG,RGB,1050,1050,616830,valid,,b9c428e6ca24eb36a4d623a5c5f0f407bd8ed402b10ed19c5232784fa169a0e3,train
4210809074c1,0,/content/aptos2019_raw/train_images/4210809074c1.png,PNG,RGB,1050,1050,1104909,valid,,6a4330943120c191ae15aeb9202f0747553d69a9406af5319e772405a8ecc25a,train
423abbaa5fad,2,/content/aptos2019_raw/train_images/423abbaa5fad.png,PNG,RGB,2136,3216,2949571,valid,,c0b3be16934f4355c25e5a7579ca2d4c39830f1f155d25e11fe92dc4ae5050b4,train
4242c0d87f57,2,/content/aptos2019_raw/train_images/4242c0d87f57.png,PNG,RGB,1958,2588,5424660,valid,,9adf1f40dd8d605642b9cd77eb5686b8952178d59a76dad4484454be08e07094,train
4246ed634f25,2,/content/aptos2019_raw/train_images/4246ed634f25.png,PNG,RGB,1736,2416,1807805,valid,,67b7d98eb6382d94dc5c05ce8014bf20de54e5593bc71591bff818ff40af862e,test
4276b82e4489,0,/content/aptos2019_raw/train_images/4276b82e4489.png,PNG,RGB,1536,2048,1905057,valid,,802755d7b5cacf6f3f70607e33d1792b7cc6492bd50817b9345cabfdecf2b0a9,test
4289af3afbd2,2,/content/aptos2019_raw/train_images/4289af3afbd2.png,PNG,RGB,2136,3216,3260830,valid,,6d756d8b08b13aae9794a42d062dca52c85b3893349cf63c2ba44223db14dd03,test
4294a14c656a,3,/content/aptos2019_raw/train_images/4294a14c656a.png,PNG,RGB,2136,3216,2796239,valid,,efc9331801864e85218d146b05dbef07d5f33355b97b0362799c1a53fff86a36,train
42a67337fa8e,2,/content/aptos2019_raw/train_images/42a67337fa8e.png,PNG,RGB,1958,2588,5152918,valid,,028138bbfa910b8264225c645322c536ef149b9a606728f663090027732624b3,train
42af7282349b,0,/content/aptos2019_raw/train_images/42af7282349b.png,PNG,RGB,1958,2588,5093318,valid,,79770f265beda8b023a2ed93639b32d79df434b08226ecd0a087c16b75b460b6,validation
42b08dca9b2f,2,/content/aptos2019_raw/train_images/42b08dca9b2f.png,PNG,RGB,1736,2416,2088877,valid,,025b39c6a8dbe65a8ae598437a80e0323978f0d15567b12269b0fb6733fc16bd,validation
42b93b574f23,2,/content/aptos2019_raw/train_images/42b93b574f23.png,PNG,RGB,1050,1050,835306,valid,,cd5e03a79a5dedab88a1a9ba1fa18d6ed5b2e10ea05fb2d8566bed95718d69a9,train
42b9c1977681,0,/content/aptos2019_raw/train_images/42b9c1977681.png,PNG,RGB,1050,1050,1144776,valid,,70d473653253092c57c1274e8ec0ab80253936057b6314da78fc27bf5efb3208,train
42c65af5ab16,0,/content/aptos2019_raw/train_images/42c65af5ab16.png,PNG,RGB,1536,2048,1791779,valid,,2d80966fea82e3c28d84334152119a29ccc279d9c2c6e63622602b089a23ed4e,validation
42cc993f23a9,3,/content/aptos2019_raw/train_images/42cc993f23a9.png,PNG,RGB,1958,2588,5378987,valid,,a1d34f0f9d3fd95dca52b730256694b05db34c3ba43975929c30bcfd2c03da59,train
4318b6adeb97,0,/content/aptos2019_raw/train_images/4318b6adeb97.png,PNG,RGB,1536,2048,1924142,valid,,7962927b792bf9de53eeabeb91377904432baf7c14c371e482d136fb767aa5e2,test
4350a1b2f3cb,0,/content/aptos2019_raw/train_images/4350a1b2f3cb.png,PNG,RGB,1050,1050,895797,valid,,16bf57dc178e1b3550cb2882c9f0ddf31876ba6f094fbc1ed6f43bf05cdacbc1,test
435414ccccf7,0,/content/aptos2019_raw/train_images/435414ccccf7.png,PNG,RGB,1536,2048,1933703,valid,,8fa186fa5fea785a11c313a9b5b230d3a023258af3b9ac602e2e5ea4d7e52e3c,train
435d900fa7b2,2,/content/aptos2019_raw/train_images/435d900fa7b2.png,PNG,RGB,1736,2416,2847183,valid,,815607541bbcea09716f9a27920373f8cb7fac7cb50d9752c2d45a2b231d82ae,test
4360a112db10,3,/content/aptos2019_raw/train_images/4360a112db10.png,PNG,RGB,1944,2896,2215747,valid,,2d7f13f12566ba8b8f4bea0c331977b731fa511695c2cd22d44b198ff273a55c,train
436e1793d240,2,/content/aptos2019_raw/train_images/436e1793d240.png,PNG,RGB,1958,2588,5148513,valid,,0efd89c725f9b0d1f6764be2bfbee8800c3b58af3a6e0905ccde47a7331a1ea2,train
436e7a7af761,0,/content/aptos2019_raw/train_images/436e7a7af761.png,PNG,RGB,1536,2048,1902958,valid,,0be83d9516921705fd30838bc422e83839036ec240cbc9ac9f394cdd0cb52681,train
436fa3fd145a,0,/content/aptos2019_raw/train_images/436fa3fd145a.png,PNG,RGB,1536,2048,1859823,valid,,d6c72d4811aa70aca914eb446a824448eb7d041e543417d68f44ac49a0eb08a4,train
437900a99871,2,/content/aptos2019_raw/train_images/437900a99871.png,PNG,RGB,1958,2588,5219142,valid,,f9bf067033d51c3f907ae411baa4336c8815a4ecec17ee020a763b89a26a4850,train
437cbec4a3f8,2,/content/aptos2019_raw/train_images/437cbec4a3f8.png,PNG,RGB,1736,2416,2253307,valid,,154961f3a3609806615a3078b7342c5c3e305b54650b99bde08f0b694173f60f,train
43823561c3f0,0,/content/aptos2019_raw/train_images/43823561c3f0.png,PNG,RGB,1536,2048,1914981,valid,,5c56233b4a935674eb8afa75307fccc2236cea364643f8d7692becebc34c53c2,validation
4384fa687afa,2,/content/aptos2019_raw/train_images/4384fa687afa.png,PNG,RGB,1736,2416,2209761,valid,,bf95739daf5b928ca8564932fb10ee3cdbf6db24e471b3c0412657dc9453f086,test
4393c5bc576a,1,/content/aptos2019_raw/train_images/4393c5bc576a.png,PNG,RGB,1944,2896,2342078,valid,,0397f367f5db14fdf95b56a8d14a9ef2ee920263bcea6281f8f87f0b188009c1,test
43bc7c066dfb,0,/content/aptos2019_raw/train_images/43bc7c066dfb.png,PNG,RGB,1050,1050,1099562,valid,,543790e6fb4be88ed3646422d21d2255f30af16809ab9bde5d02928c67a0291e,train
43ddd0ab0cc4,2,/content/aptos2019_raw/train_images/43ddd0ab0cc4.png,PNG,RGB,2588,3388,7141534,valid,,1387e735523bcd305d9f56e6b52ab6b3251285da7b58ea8680703085bbbda957,test
43e9c66eb0f3,0,/content/aptos2019_raw/train_images/43e9c66eb0f3.png,PNG,RGB,1958,2588,5525991,valid,,9b54468d8ec674ea39f9e0a1a04b96b90f547a830e53963ebc02b83014d9eb1b,train
43f22d1be8dd,0,/content/aptos2019_raw/train_images/43f22d1be8dd.png,PNG,RGB,614,819,305070,valid,,a5abcc9b8acc5a846660e5c1ac04b3bbeb6dc8d4849939c118733e7b4e547a4f,train
43fb6eda9b97,2,/content/aptos2019_raw/train_images/43fb6eda9b97.png,PNG,RGB,1424,2144,2751322,valid,,676b0bba175fe505acffac75e2cea7bef66cd20fb494f6c37e546b9691dcaf0c,train
4403538fb50f,0,/content/aptos2019_raw/train_images/4403538fb50f.png,PNG,RGB,1050,1050,983106,valid,,d9476a67988a529ecdd93482f0c8eb7492222b55d5b5a70bc212cd943cc6a2b7,train
4409965eb2a4,0,/content/aptos2019_raw/train_images/4409965eb2a4.png,PNG,RGB,1050,1050,945170,valid,,a76bc1b35ef5089abb9ee1c412e7ade1179b01687cac331e811f84ae2e8b7da0,train
441117562359,2,/content/aptos2019_raw/train_images/441117562359.png,PNG,RGB,2136,3216,2866872,valid,,0e002cec913814cb42ef4bae4c009f96dc8cd179c88a6ef6f560b4374f3ac337,test
441848e0f308,0,/content/aptos2019_raw/train_images/441848e0f308.png,PNG,RGB,614,819,320378,valid,,151b524937f43073e8d78606033e488e5a317a1acec473e5761dc73681d0baf1,validation
441affbe99aa,2,/content/aptos2019_raw/train_images/441affbe99aa.png,PNG,RGB,480,640,367366,valid,,413947ade2f802893e1290e6f9e8081cf77e27da2efbe6d20ce815802df0dc75,validation
44271f3cb18f,0,/content/aptos2019_raw/train_images/44271f3cb18f.png,PNG,RGB,614,819,303132,valid,,6ffd10603d518453fbbfaf210a5f05cc831785ad4b403250a20dc0130deb89ee,train
445a8a6da55c,0,/content/aptos2019_raw/train_images/445a8a6da55c.png,PNG,RGB,1050,1050,915751,valid,,0f9de9f58b00237851ae585dea8dbdac6684c8fb11aa43f57c958ae47736052d,validation
4462fba1d2a1,4,/content/aptos2019_raw/train_images/4462fba1d2a1.png,PNG,RGB,2136,3216,2829058,valid,,e644c4933b4df5fd60a6579b7450c4a3b7d18f49d4b9bfc28b103675abd30d74,validation
4464bb62bf20,0,/content/aptos2019_raw/train_images/4464bb62bf20.png,PNG,RGB,1958,2588,5483061,valid,,3c6b5e9fe1fda1fe4da3ecf40d7924b87f626b1ef47c5dd601d77ab67ef0a61f,train
4478b870e549,2,/content/aptos2019_raw/train_images/4478b870e549.png,PNG,RGB,1736,2416,1979267,valid,,391365fb26ed2f35e1022f85f52790ec7ab3add9f4634bada2f6e8fc9a263dd0,train
44855f666225,2,/content/aptos2019_raw/train_images/44855f666225.png,PNG,RGB,1958,2588,3791373,valid,,b6ffd5ea8e2d59d78ee685cf7931c0fe097afebd372117af9d4a151bf35605bf,train
44878f34e31f,0,/content/aptos2019_raw/train_images/44878f34e31f.png,PNG,RGB,1050,1050,946857,valid,,36df288a25206c954a4616134a08f13e63167cda9ac0d15296c05f3347472b76,train
4489d421e5aa,2,/content/aptos2019_raw/train_images/4489d421e5aa.png,PNG,RGB,2136,3216,2984121,valid,,8cd250d745e60cc3b2b0d57e6bbfa497e2efa2384041c50e87491d083bf98211,train
44976c3b11a6,0,/content/aptos2019_raw/train_images/44976c3b11a6.png,PNG,RGB,1958,2588,5346144,valid,,923cb61a54a0a30eb7ab9cfc99d08b45db020d809a14768ef50ed93bc439780f,train
44a4d04162cc,0,/content/aptos2019_raw/train_images/44a4d04162cc.png,PNG,RGB,1050,1050,1099368,valid,,c2d73a10d5d35194d67ee4310924e1d47167cbbe255cf36f8d2e2f61045a9c1a,train
44a86263117b,0,/content/aptos2019_raw/train_images/44a86263117b.png,PNG,RGB,1050,1050,952918,valid,,9570d5afdf0a6821bc2d4e77baf19be7eb0197d2a8ff256bf441c19228419876,train
44c869174e3a,2,/content/aptos2019_raw/train_images/44c869174e3a.png,PNG,RGB,2136,3216,2001257,valid,,bf493fe9d8de5d933accd5fc106fc3f5102f82c9f855d9afef210f40b8866deb,test
44e0d56e9d42,2,/content/aptos2019_raw/train_images/44e0d56e9d42.png,PNG,RGB,2136,3216,1961364,valid,,80aeebcb97a42faf378fc30859d53b1d195f19f42d8745d5d8f2dee8789c1342,train
44e951e45dca,2,/content/aptos2019_raw/train_images/44e951e45dca.png,PNG,RGB,1736,2416,1902454,valid,,46d745c961bbcc3d1b996b095c4ad5bae3bb1a8184f09020827bf53b0052484d,train
44ecf3f4efa5,4,/content/aptos2019_raw/train_images/44ecf3f4efa5.png,PNG,RGB,1736,2416,2088245,valid,,9e86976b98f6cfe5601dc14948eca89cfca7349c6caafff7557701226f16c031,train
44f4ae58990e,2,/content/aptos2019_raw/train_images/44f4ae58990e.png,PNG,RGB,1736,2416,1808555,valid,,5d24275ab72dc4dbf9b7e06792745463b16799f30f785129fdb0820de06276c2,validation
44f7f3ef9d50,0,/content/aptos2019_raw/train_images/44f7f3ef9d50.png,PNG,RGB,1958,2588,5185106,valid,,b5a4ae49162832b275fc21df367e31c443794a489f7e47d24c64815c4bb6fd7a,train
4528fbbd43a3,0,/content/aptos2019_raw/train_images/4528fbbd43a3.png,PNG,RGB,1050,1050,1131960,valid,,7a6315149e156ccc31759d74a709a960075ddf038454a3a86fd4f21df1f243fc,train
45369821d6a3,0,/content/aptos2019_raw/train_images/45369821d6a3.png,PNG,RGB,1050,1050,998108,valid,,f774dda6269596627e71a9c98dc95fd3e4f46b4b96a7ffb8cd9766d50aa40c98,train
453a1e2754b2,2,/content/aptos2019_raw/train_images/453a1e2754b2.png,PNG,RGB,480,640,305138,valid,,0fe2a41f1e74108e3386b3169e8318672329cfa42e3787a0f106ad904b91283b,train
453d553b0a94,2,/content/aptos2019_raw/train_images/453d553b0a94.png,PNG,RGB,2136,3216,2726581,valid,,a08ec0d69df2c382993afd49c0feb319f483f26ff1624b29d057fe0663710079,train
454792eb6e05,0,/content/aptos2019_raw/train_images/454792eb6e05.png,PNG,RGB,1536,2048,1907014,valid,,5aa43c3b44b55a7c096398bb7c8db045e9175041ec61b767ba1d495797aac839,validation
454a944eb557,0,/content/aptos2019_raw/train_images/454a944eb557.png,PNG,RGB,614,819,299151,valid,,e5ce7a6fd51639e8695df7fd9013a2956600e7d0c6ebaca4d71eef02d51812dc,train
4554062fa836,0,/content/aptos2019_raw/train_images/4554062fa836.png,PNG,RGB,1958,2588,5221567,valid,,37792f9a4c9ea04f5a624cd4ca93645d083dc9dee3d02df96f79f8d145a54d66,train
45693d027798,0,/content/aptos2019_raw/train_images/45693d027798.png,PNG,RGB,1050,1050,1022289,valid,,e0e551cf927c9795d6ef63a0c1019998c9067cfd103c75ce67e59e26a58b43c0,train
457c7c927e27,3,/content/aptos2019_raw/train_images/457c7c927e27.png,PNG,RGB,1958,2588,5143139,valid,,6a17d3e32c7f7d32a425b256f7e462897788fd4fdbb2bee8c0c03c759ed56bb2,train
45ae04cfde5d,2,/content/aptos2019_raw/train_images/45ae04cfde5d.png,PNG,RGB,2136,3216,3349286,valid,,bc8673000126f40cab5de37fa9aa1c7b9562b3d4677d75fe18d0e4251c5fc21c,train
45c39ab9e797,2,/content/aptos2019_raw/train_images/45c39ab9e797.png,PNG,RGB,1958,2588,5340133,valid,,89621f3d4c3f66c9e7ac12f5490141dff4dc4ce671cdb0d877a67170314322bf,train
45e4b7eada54,1,/content/aptos2019_raw/train_images/45e4b7eada54.png,PNG,RGB,1736,2416,2374452,valid,,58b8f9fca0699341f847a62467223c239846db8b47a763898720e4f4f3e2d403,train
460893cd86e3,2,/content/aptos2019_raw/train_images/460893cd86e3.png,PNG,RGB,1050,1050,904370,valid,,86e59fc2a90b0130f77299e3f97db1f21fb512c6f45f47cf7c34412f2c5bc40e,train
461fa5292fda,0,/content/aptos2019_raw/train_images/461fa5292fda.png,PNG,RGB,1050,1050,1056856,valid,,b4e2a2ba1264814a68645a7c4828b1d2acd27999c62fa08bee5b1eeefeecd87c,test
462937ece243,0,/content/aptos2019_raw/train_images/462937ece243.png,PNG,RGB,1050,1050,1013967,valid,,1e7c0e0a7d72193d9408afd8681ec97cfb8c5240d87b5f0eabec6c8f65b2075b,train
465c618f7b23,2,/content/aptos2019_raw/train_images/465c618f7b23.png,PNG,RGB,1736,2416,2301658,valid,,3b8bf23bebb7d6ee58c8edc07dfbad4eb9926d9dedd98e798cd86ef299d74cc3,train
4661006f3ba6,1,/content/aptos2019_raw/train_images/4661006f3ba6.png,PNG,RGB,1736,2416,2156991,valid,,f8ef5699328c0e065f22b501015d3d4c198c132f43e27c33ffd39597996551ba,test
467b7d9d811c,2,/content/aptos2019_raw/train_images/467b7d9d811c.png,PNG,RGB,1736,2416,2252307,valid,,939df46cb0f6d037b7feee0d0ae780fd42f4b524d4e8d291f9560d1a6bf86050,validation
4689b739d240,4,/content/aptos2019_raw/train_images/4689b739d240.png,PNG,RGB,1736,2416,2295190,valid,,ebef9be6ce16cfe9fa3f56d631d5c3265032aeed61ecce66916caa3d9b990da4,train
46923eea9a4e,2,/content/aptos2019_raw/train_images/46923eea9a4e.png,PNG,RGB,1736,2416,2230088,valid,,afc632c2ba31c8049c3defd91b0cfa748a314de99d32119923e53c56bedde8d5,train
46acc506fa61,0,/content/aptos2019_raw/train_images/46acc506fa61.png,PNG,RGB,1050,1050,1006531,valid,,cc9f68963ca1fcf74ce418b2d990843e11ca5a8f2ace54eb289e89f6dcc6f5dd,validation
46c1548d730e,2,/content/aptos2019_raw/train_images/46c1548d730e.png,PNG,RGB,1958,2588,5263170,valid,,9776727df391e830d5275f9c7a5b0ab27c4dcae712b472891c71e1bb1a78d9d3,train
46d3316c4857,4,/content/aptos2019_raw/train_images/46d3316c4857.png,PNG,RGB,2136,3216,5849898,valid,,e58d8408d1116af69779fe64b1bc027381f3a610a2c2ba565ae0910ab7973bdf,train
46f56c38051f,2,/content/aptos2019_raw/train_images/46f56c38051f.png,PNG,RGB,2588,3388,7576023,valid,,a4bf3238fd4d728b96ee61250a30dfbeecfce4385b4ef68d3aa1aa91adf1ebed,train
4704dbb59536,0,/content/aptos2019_raw/train_images/4704dbb59536.png,PNG,RGB,1536,2048,1926688,valid,,a56af8f0622cb3f26f4a367e22239d5038ad8c401ee8863c37bf377ed20407d7,validation
4731e708ede3,0,/content/aptos2019_raw/train_images/4731e708ede3.png,PNG,RGB,614,819,288542,valid,,df545901dfa099c12bf304680c1a2b7f3c2a655c247b4881eb46e1e1735f8139,train
475300735b7f,0,/content/aptos2019_raw/train_images/475300735b7f.png,PNG,RGB,1050,1050,1028806,valid,,48a7d16ef581bc8ec3babf23af8cae3f1856e26f711bf6b9d703140f859fb226,validation
47536db39f00,0,/content/aptos2019_raw/train_images/47536db39f00.png,PNG,RGB,1958,2588,5365146,valid,,d136a85353ce88aa22335957b8611acea0749a479f1e5c5d6bc8d0e37e613389,train
475c7ded0f7a,2,/content/aptos2019_raw/train_images/475c7ded0f7a.png,PNG,RGB,2588,3388,7177237,valid,,fa6c3fc840825cdf514e7c30b34409219f76b27161c2168506ff77274bc70768,train
478fc46eaa49,0,/content/aptos2019_raw/train_images/478fc46eaa49.png,PNG,RGB,1050,1050,905613,valid,,22858986535bf70fff4af0a19b2fa91249d54717dcbed15e37f437dc43a5de40,train
47b756014447,2,/content/aptos2019_raw/train_images/47b756014447.png,PNG,RGB,1736,2416,1664822,valid,,c27872523ae27ee49e81b6577843e31f3610ee1f23c5165aaa9a77a3e3ea4f70,train
47d1603a555b,1,/content/aptos2019_raw/train_images/47d1603a555b.png,PNG,RGB,1736,2416,1937170,valid,,37df9c6e06205585fa55cf879a7652d8bd78828157dd7cc2777c87ec690a6359,train
47e51065b819,2,/content/aptos2019_raw/train_images/47e51065b819.png,PNG,RGB,2136,3216,2329793,valid,,86626c51162f6919778095e7f96e213d4893757a1b9e2d205bf6ebfd200039f0,train
4818672273af,2,/content/aptos2019_raw/train_images/4818672273af.png,PNG,RGB,2588,3388,7183862,valid,,2d523ea804373eef4b1ebd404ce8df9116de87ffc5efef9ae489f88a37bcf586,validation
482088e6be44,0,/content/aptos2019_raw/train_images/482088e6be44.png,PNG,RGB,1536,2048,1959791,valid,,77cd531f423bb110b0c98b97ce0e24ff4a84d1dad9b4b81d371a43dab6a23c5c,train
4826d10030b3,0,/content/aptos2019_raw/train_images/4826d10030b3.png,PNG,RGB,1050,1050,937392,valid,,2f633e38984c9dfaae57945983071a2dbd893f5572b9eff7bdda0eba0e091ecf,train
484dbeb9bf2a,0,/content/aptos2019_raw/train_images/484dbeb9bf2a.png,PNG,RGB,1536,2048,1925096,valid,,23d0adef7e3efe3d0d43d98dbad15edd73429cbf2fd7834cae57ea3b7352c745,validation
48543037d0b3,2,/content/aptos2019_raw/train_images/48543037d0b3.png,PNG,RGB,1736,2416,2419202,valid,,aafcb6e075d62f04473ad9e6ed9cfcf700ea734c645bb041d731f91774e00f75,validation
4860f7813654,0,/content/aptos2019_raw/train_images/4860f7813654.png,PNG,RGB,1958,2588,5098341,valid,,00bb887a7280cc60c17575310fe87de65387de9000dcb071e0244f41c55ec003,train
486e852a3b4d,0,/content/aptos2019_raw/train_images/486e852a3b4d.png,PNG,RGB,614,819,378163,valid,,cefdc4ba3fa8315d8c51d1d01dcd6a44545b7dd495e0219bb354eb7031b812fa,test
48a45619d1a3,0,/content/aptos2019_raw/train_images/48a45619d1a3.png,PNG,RGB,614,819,310787,valid,,9633239643ce2018721c853c2bac1bc29e3bddbd3218fb9812d1cdecc4760ef7,train
48afe8c47454,2,/content/aptos2019_raw/train_images/48afe8c47454.png,PNG,RGB,2136,3216,2935494,valid,,d6821548c8212550a74194cb86e613c7dbd87f58c91c38254630bcf2b6b44dc3,validation
48c49f662f7d,2,/content/aptos2019_raw/train_images/48c49f662f7d.png,PNG,RGB,1000,1504,1324184,valid,,3397e31f7c1d88c5da191c496c871ab337a42c14d6266827b027603dc3d7a9f9,train
48c72dec46e5,2,/content/aptos2019_raw/train_images/48c72dec46e5.png,PNG,RGB,1736,2416,2667713,valid,,a1bfe575e8550c9fd7879902c499871c6c14b9445eff4ccaada95373cb8c7c74,train
48fda42bd5d4,2,/content/aptos2019_raw/train_images/48fda42bd5d4.png,PNG,RGB,2136,3216,3306980,valid,,b75cbdf56db95f8f9ea6bc5d9e4c5dae4bc2b3f37574dea00b20226f855314b3,test
4926dea289f8,0,/content/aptos2019_raw/train_images/4926dea289f8.png,PNG,RGB,1050,1050,1000277,valid,,a76b5a13a9e5e97053b80c656c9e076aec4d73eb04d290f15d5b5744c390ef2a,train
4927945ecfed,0,/content/aptos2019_raw/train_images/4927945ecfed.png,PNG,RGB,1050,1050,1035822,valid,,eade486b0514598442b08203f2acc28200cf83c36f8e92416654e088d1772899,validation
49386d603494,1,/content/aptos2019_raw/train_images/49386d603494.png,PNG,RGB,1736,2416,2223596,valid,,38e827e2c1c22207cd7a21d2890fcd7c5f4c112e599fb3e2907c0a67f33bf206,train
493d99f030e2,0,/content/aptos2019_raw/train_images/493d99f030e2.png,PNG,RGB,1958,2588,5482744,valid,,b60a7f126667d5496ade06d27dec993e3929a1f104b6a2218e0bb5f95019144d,validation
49419f8d5cb4,2,/content/aptos2019_raw/train_images/49419f8d5cb4.png,PNG,RGB,2136,3216,2986986,valid,,127f5b0684b767a847279862eb12f594ad6f5a5d8169411b587957e7c92c1cbe,train
494fc9c745a3,1,/content/aptos2019_raw/train_images/494fc9c745a3.png,PNG,RGB,1736,2416,2323549,valid,,5457405cd755439001df2a353c047069bacc0fb6f00192dbb56fbaa3e653e3d0,train
495106ae3b68,0,/content/aptos2019_raw/train_images/495106ae3b68.png,PNG,RGB,1050,1050,968643,valid,,eb670c3bca4428bba037992d4b2f10fe232a74dd8fb74ede8600cc0fcde9f48e,train
495255c7492f,1,/content/aptos2019_raw/train_images/495255c7492f.png,PNG,RGB,1736,2416,2255819,valid,,beff195cb57b0818d7ce6e357bbe0552323d21bdaaa42a63b4650b3e3f4edf43,train
4958bfcc9f38,0,/content/aptos2019_raw/train_images/4958bfcc9f38.png,PNG,RGB,1050,1050,1004861,valid,,44fe42c0df50ff004116897223189b91b924fba5ebb989a0521ef514974788b4,train
496155f71d0a,0,/content/aptos2019_raw/train_images/496155f71d0a.png,PNG,RGB,1050,1050,1000227,valid,,314d0d13a25fd3b1512f6582395dbb5f316a055c4edd1084f0ee14cf5aba7750,validation
4982378d72f9,0,/content/aptos2019_raw/train_images/4982378d72f9.png,PNG,RGB,1536,2048,1929802,valid,,8a026041d26303ef4601a291628053aaa93ee4965c5de1c02409ac24c46214a3,train
498f143c0374,3,/content/aptos2019_raw/train_images/498f143c0374.png,PNG,RGB,2848,4288,4824757,valid,,338a7395c1abcf301a26ae38409667e65456a88cf5d50d4c8d4410575379cd25,train
499c8df39222,4,/content/aptos2019_raw/train_images/499c8df39222.png,PNG,RGB,1736,2416,2137571,valid,,ddad8ff775e226ff18ed190ce109db1ffdb0953682285262152529b835a962ee,train
49a4765f8822,2,/content/aptos2019_raw/train_images/49a4765f8822.png,PNG,RGB,2136,3216,3009324,valid,,0caf7d835fddd781d1de9bdec7c7066e5386824e862bbec151335b8d335dd039,train
49c5e7f6b8d2,1,/content/aptos2019_raw/train_images/49c5e7f6b8d2.png,PNG,RGB,1736,2416,1855025,valid,,53e6f444962cf3686b33f29b952f58e8419652ae6865894d8427c6947e3527a2,validation
49d69c4c6290,2,/content/aptos2019_raw/train_images/49d69c4c6290.png,PNG,RGB,1736,2416,2155421,valid,,3c85f74a8f962fb84662c3ed3306d6d20a1c051189f391717af283b47882701c,validation
49e4b95ee2dc,0,/content/aptos2019_raw/train_images/49e4b95ee2dc.png,PNG,RGB,1958,2588,4865211,valid,,53e5c97a351e4d4483823d82b7a4d8428a4b1d98c8cb36556bc4af3b42ab3303,test
49eb73968c44,0,/content/aptos2019_raw/train_images/49eb73968c44.png,PNG,RGB,614,819,267961,valid,,6c0ba638c50c2c71d17f7add91475c97d95494d72b4ec6dc7cb03ea1183aa73c,train
4a05f81b3aba,0,/content/aptos2019_raw/train_images/4a05f81b3aba.png,PNG,RGB,614,819,339153,valid,,512ee85cd36102c46e9808ed6e1eac23bde506deec3837c5728fb16bfeaf524a,train
4a0890b08532,2,/content/aptos2019_raw/train_images/4a0890b08532.png,PNG,RGB,2136,3216,3007896,valid,,6d59273bc3e0fc5112fc3a79845177195512da5baba0ac96ef8b13f38ec617de,test
4a0bba3b7d83,2,/content/aptos2019_raw/train_images/4a0bba3b7d83.png,PNG,RGB,1736,2416,1640628,valid,,3d80716bf6c3bdfec32f296c097d25c98dafee643e3c2c27a148e7f26d7feccb,train
4a1afe4044f4,0,/content/aptos2019_raw/train_images/4a1afe4044f4.png,PNG,RGB,614,819,311273,valid,,4446415226cda6fdb85dbdb425fae860a390bcedf88ad4efb2f12966fe9b2c3e,train
4a213b405ee4,1,/content/aptos2019_raw/train_images/4a213b405ee4.png,PNG,RGB,2588,3388,3605366,valid,,e0e6a9255f1b3198d2ecc24f0c2984e3351fa12bb9b6b780eba8d81a188f0393,train
4a3da369b227,4,/content/aptos2019_raw/train_images/4a3da369b227.png,PNG,RGB,2136,3216,2954374,valid,,3003fb9dec4a5e81d5efba8d1f8739600d393e76050cf6876522b539edfbde6f,train
4a4cb731f91a,0,/content/aptos2019_raw/train_images/4a4cb731f91a.png,PNG,RGB,1536,2048,1821059,valid,,ad281db9456f900e2b7a544b5b3f55f8f6b8a3a7f95df948cf055a056d8d36dd,test
4a558a1cd243,2,/content/aptos2019_raw/train_images/4a558a1cd243.png,PNG,RGB,1958,2588,5402232,valid,,7c60f9d972946184fa01e2ac897c72151dcc35e7966eb87a688c8967965ef1ad,validation
4a589edaea60,0,/content/aptos2019_raw/train_images/4a589edaea60.png,PNG,RGB,1050,1050,894503,valid,,067867dbc887d2c0faa576bf4213fe000fbc5d434c68666b43b4d6ccd0751ff4,train
4a5a6efc0bef,0,/content/aptos2019_raw/train_images/4a5a6efc0bef.png,PNG,RGB,1050,1050,965212,valid,,41945c0a7685199433881a148957d0d9c12816dff9460b82fb081a9b35605025,train
4a693dd3921a,4,/content/aptos2019_raw/train_images/4a693dd3921a.png,PNG,RGB,1958,2588,5054501,valid,,566808d2e496ffb861d1ee31113b0784774ecb8d58f83c488a084c39e89174ba,train
4a7dc013e802,4,/content/aptos2019_raw/train_images/4a7dc013e802.png,PNG,RGB,1958,2588,4865195,valid,,081b78c68b334bccb43b2188f45777f2d984573dbd67e117a21e0bb548f6cd56,train
4a96c28f3f07,0,/content/aptos2019_raw/train_images/4a96c28f3f07.png,PNG,RGB,614,819,280575,valid,,77635cf65c170db2dcbe6990b61a7116b4829dff3ebb5c8629b8c1548a9a6bf0,train
4aa07d720638,1,/content/aptos2019_raw/train_images/4aa07d720638.png,PNG,RGB,1736,2416,2044714,valid,,7673992033191c37f76adacaaf09fe414b8b01c047e5c8f719816f756298e127,validation
4aa3d771c5e4,0,/content/aptos2019_raw/train_images/4aa3d771c5e4.png,PNG,RGB,1050,1050,1076293,valid,,82a0d3f37d556b61fdab66d15c9a9cc908304bcdaa9de32125f1927e8d3fbf17,validation
4ab8c0cece7f,0,/content/aptos2019_raw/train_images/4ab8c0cece7f.png,PNG,RGB,1050,1050,897296,valid,,cd5016c5e6c255e25a18ccf8dca7cd2dafe37b00bad16e38689cf5ec84dab218,train
4abca30b676b,4,/content/aptos2019_raw/train_images/4abca30b676b.png,PNG,RGB,1736,2416,2069614,valid,,3b40a1ef49b88924c720bb7bdcc5995e1da2f9309249733d4669b851ba8f4bd8,train
4ad6109706e8,2,/content/aptos2019_raw/train_images/4ad6109706e8.png,PNG,RGB,2136,3216,2070248,valid,,cc98c111636cca6e0b344aefe996df58e9346bcb0ee0f78897d68ebcaf79a513,train
4ad8d3ec8789,0,/content/aptos2019_raw/train_images/4ad8d3ec8789.png,PNG,RGB,1536,2048,1768479,valid,,a8056bd803a1b4d9e6646cfaff6a799020d2ca8e1b6c3f53a0f314a519e01656,validation
4b1001050f1d,2,/content/aptos2019_raw/train_images/4b1001050f1d.png,PNG,RGB,1958,2588,5455782,valid,,3722a68b97bd6e410ecbf431cd8dd2db9a724f3dacbddcda48e2395b01df89ba,train
4b237b958555,0,/content/aptos2019_raw/train_images/4b237b958555.png,PNG,RGB,1050,1050,1046119,valid,,b2049248f863c7afbd0f81785ef0ac9576e8f1e0ccd741dbe824df84271c4794,train
4b422b48d0d4,2,/content/aptos2019_raw/train_images/4b422b48d0d4.png,PNG,RGB,1958,2588,5106777,valid,,b4702e5c8ec733465dd43b9798c6c508937d501cf4cc665b6156388abde2cbc1,test
4b5ffea77373,2,/content/aptos2019_raw/train_images/4b5ffea77373.png,PNG,RGB,2136,3216,3281703,valid,,ff5bd72cea5ba0b70ff581b83e5d00644292010fc7a1053a97a6a9f068b93b58,train
4b618537d52f,3,/content/aptos2019_raw/train_images/4b618537d52f.png,PNG,RGB,1736,2416,1869688,valid,,74c32053425935b15d8b40594585e27780b727b7e166f0cf4b1e58c3f7b07a15,train
4b6895d0cf8d,0,/content/aptos2019_raw/train_images/4b6895d0cf8d.png,PNG,RGB,614,819,321823,valid,,5db03c996ee97188eebca23f64a40af7a60f1cf0fe4106fa5c47790bdffbb8d1,validation
4b6cb0bcfd44,0,/content/aptos2019_raw/train_images/4b6cb0bcfd44.png,PNG,RGB,1536,2048,1836171,valid,,99d92d8333e6f14d19ef9ef3bcc3b6bca94b509ddebc6e0662a5b3883575f4b3,train
4bcee3cbe232,0,/content/aptos2019_raw/train_images/4bcee3cbe232.png,PNG,RGB,1050,1050,1070811,valid,,06387a33a3a75d48fdd4e2475a4c29745b269235a835d2de298e5260e84ff3ae,train
4bd5d0b30198,0,/content/aptos2019_raw/train_images/4bd5d0b30198.png,PNG,RGB,1050,1050,1018681,valid,,2637b126088162e3e4386dbc1c8063856945aded442deb12369c29ddb02a2d11,test
4bd941611343,4,/content/aptos2019_raw/train_images/4bd941611343.png,PNG,RGB,1958,2588,3966441,valid,,941c8f67e928dfdbce032b35e0d66e25106f7b758276ae83386448630dc0bd11,train
4beeca5cc859,0,/content/aptos2019_raw/train_images/4beeca5cc859.png,PNG,RGB,1050,1050,1005999,valid,,38409423ca404fd055596e9d84fc31562b8e4b2a2adabef42cb95c9c001fb7ce,test
4c129470cec4,1,/content/aptos2019_raw/train_images/4c129470cec4.png,PNG,RGB,1736,2416,1958394,valid,,f693594155f9b8325010ad38ce083bb0e453b7b52950a4254f9a9a03bed2c49a,train
4c17e85686f0,0,/content/aptos2019_raw/train_images/4c17e85686f0.png,PNG,RGB,1050,1050,886663,valid,,ca2aa3f7194bcf5e612b24e29a10ad582587d224175d5eba3d6ee2943a75ddce,test
4c389d033cb0,0,/content/aptos2019_raw/train_images/4c389d033cb0.png,PNG,RGB,1536,2048,1915867,valid,,03546aa6edc6669f2a1fac9a870761926019b52dd7209e2b9c115b3e9c5c7343,train
4c3c1ed09771,1,/content/aptos2019_raw/train_images/4c3c1ed09771.png,PNG,RGB,1736,2416,2075037,valid,,bdd401dc6f51207e6b6bfa4e5049c29f20ef385d3f3cb8c74970cfa5e74a4830,validation
4c52922f3bfd,2,/content/aptos2019_raw/train_images/4c52922f3bfd.png,PNG,RGB,1736,2416,2307146,valid,,c0c673934ded5355da9bc68f47b668b83b4dad898d76d31653dae96d89cd8c9f,test
4c53cc97ea13,0,/content/aptos2019_raw/train_images/4c53cc97ea13.png,PNG,RGB,1536,2048,1827949,valid,,9809b5199b354715ee2d20042e3a9dd39f0b39a96ac7d253429b489288c725f7,train
4c570172778b,3,/content/aptos2019_raw/train_images/4c570172778b.png,PNG,RGB,2588,3388,4358775,valid,,57f3d28797363b2e35324590130384c798f3b867d2818410640761a1b40b77b9,train
4c5ab774a381,0,/content/aptos2019_raw/train_images/4c5ab774a381.png,PNG,RGB,1536,2048,1905428,valid,,ea82417246cd62346d9747c279457d0536def5540b080e8eb7cc8f848ba9b8bf,train
4c60b10a3a6a,3,/content/aptos2019_raw/train_images/4c60b10a3a6a.png,PNG,RGB,1958,2588,5174626,valid,,f94f1944f8c1bc4b7c92cdf323688ae8ee5adc24c8de75d2b46d45d7538ab7ff,train
4c60f6fcea75,0,/content/aptos2019_raw/train_images/4c60f6fcea75.png,PNG,RGB,614,819,287170,valid,,997a7e79ba4f307903552dfca30dd9958ab380acdbba6cae1a2ae962b2a07989,test
4c635a01593d,0,/content/aptos2019_raw/train_images/4c635a01593d.png,PNG,RGB,1536,2048,1637779,valid,,3aa060c03751dc829a0efe2eaa0af570f96b5aca28e60cfe5d993af4b2c51c27,train
4c6c5a1bf5ab,0,/content/aptos2019_raw/train_images/4c6c5a1bf5ab.png,PNG,RGB,614,819,374550,valid,,19810976268526bc33a94e71db00c6a4b3be13ae76653aa8b0faab87f92f0151,test
4c78d9d18da9,2,/content/aptos2019_raw/train_images/4c78d9d18da9.png,PNG,RGB,1736,2416,2016477,valid,,5dd0c20969dbe469d95cdcf302d67cb47c9a0c0c4a7e04bc173f0d7d7efcc4fe,train
4c9f0fdaaef7,3,/content/aptos2019_raw/train_images/4c9f0fdaaef7.png,PNG,RGB,1958,2588,5008073,valid,,e449eae9158586b34b5329da7d5c0f22ce56037581a05cd9dab43bf0df4f270d,train
4cae247d9909,1,/content/aptos2019_raw/train_images/4cae247d9909.png,PNG,RGB,1050,1050,889985,valid,,d25ead73cb669fa71dae329a52ca4ea7c143b5c770247c1866ce39baa5a8fddd,train
4ccee4db09b6,0,/content/aptos2019_raw/train_images/4ccee4db09b6.png,PNG,RGB,1536,2048,1935675,valid,,8e25b24f8e2e7afdeafe7ccdc9f64898437534115d9f00f656297758924ae37b,validation
4ccfa0b4e96c,4,/content/aptos2019_raw/train_images/4ccfa0b4e96c.png,PNG,RGB,1117,1476,1624538,valid,,e71d00cb85219b36014f6b97725aff5509d93a77ac8362e5fd41007998c746fd,train
4cddfc22b0ad,0,/content/aptos2019_raw/train_images/4cddfc22b0ad.png,PNG,RGB,614,819,347567,valid,,ff6b66f728eefb6bc12d69463e29e43509ffc164cd0c45c5e8f8e45f7cf27c25,test
4cde86044ad1,0,/content/aptos2019_raw/train_images/4cde86044ad1.png,PNG,RGB,1050,1050,1015796,valid,,bfdd43dd686abf7572d8a28c45d03ad26c900d93fc61572e69b4fd4d65a3b5ad,train
4ce74e5eb51d,2,/content/aptos2019_raw/train_images/4ce74e5eb51d.png,PNG,RGB,2136,3216,2141583,valid,,f162e3b4bbaaf2cb51a486ef4ea7bb2f025ec38a3a36e0d42beb586a629e8fa1,train
4cf4d528c08e,0,/content/aptos2019_raw/train_images/4cf4d528c08e.png,PNG,RGB,1536,2048,1808436,valid,,a8cf0587b34617539f24287b5e43881d87fd78f5cdfd59debd1d9b058dcaddb0,test
4cfd22ae43d4,0,/content/aptos2019_raw/train_images/4cfd22ae43d4.png,PNG,RGB,1050,1050,918301,valid,,6fa380c0649a4aa63168e715f220537f6b99742522f9789dc67d127466fbea43,validation
4d009cebabc9,2,/content/aptos2019_raw/train_images/4d009cebabc9.png,PNG,RGB,2136,3216,2923317,valid,,00215a06f067f5dbae7d992b58eea45f43790c477dc7933b002a58ea6a13cbbe,train
4d167ca69ea8,0,/content/aptos2019_raw/train_images/4d167ca69ea8.png,PNG,RGB,1050,1050,1032695,valid,,0182d7e982b065a852721362ddc0b991f77bbe41f4ca70768700bacc74d11d7b,train
4d17559ac1e2,0,/content/aptos2019_raw/train_images/4d17559ac1e2.png,PNG,RGB,1958,2588,5498377,valid,,f1c816d1e0614ae940ff1d3fad986433120bfa9520fdc75c20df5c0b49213a2b,train
4d1cf360b2d7,2,/content/aptos2019_raw/train_images/4d1cf360b2d7.png,PNG,RGB,2588,3388,7365147,valid,,266d6a70f7852c145c2cc711fdc5ae66baaee69bc7573b70fddb685cf40f61ad,train
4d1e7def7624,0,/content/aptos2019_raw/train_images/4d1e7def7624.png,PNG,RGB,1958,2588,5296046,valid,,31b187d60404a11f8050edeb54db0a3b7e9abe1770e2152b12f97b6ee699c887,test
4d21ce39c905,2,/content/aptos2019_raw/train_images/4d21ce39c905.png,PNG,RGB,2136,3216,2467795,valid,,942733205d2307c1ff247fb1f0e3f8146999c0e6e58ed8b37031621b8981a2ac,test
4d3de40ced3a,0,/content/aptos2019_raw/train_images/4d3de40ced3a.png,PNG,RGB,1050,1050,1015127,valid,,fd9443e40e4b26465b0df20b6d4ac80b9a53704208c31a8cf6a56a6a744a84a2,train
4d47300e3ddb,3,/content/aptos2019_raw/train_images/4d47300e3ddb.png,PNG,RGB,1958,2588,5277249,valid,,1758a6f2675f51c3e8e9c0c0827c248fb08e69a231c40b657f062e5ff2c6b566,train
4d7d6928534a,1,/content/aptos2019_raw/train_images/4d7d6928534a.png,PNG,RGB,1000,1504,1290907,valid,,82a3cef7fe1d3b781e05567e44721d2820ae2e5d4d7d46dc1bd1e227819fbcda,train
4d9fc85a8259,3,/content/aptos2019_raw/train_images/4d9fc85a8259.png,PNG,RGB,1736,2416,1964158,valid,,8529148148d3520881971ace5b178aec694703841e7c958d7d090ca1d8c74b1e,train
4da2961e62fe,1,/content/aptos2019_raw/train_images/4da2961e62fe.png,PNG,RGB,1958,2588,5317899,valid,,6cc21ae80dd7ec13f7543b140eab837006c530fa47504f6cbea642655456de6f,train
4da6e2089d57,2,/content/aptos2019_raw/train_images/4da6e2089d57.png,PNG,RGB,2136,3216,2546361,valid,,c6d2613fde14c64ffa30b50f4974bba4661f3b3321f45c2021da11b4ccfec51c,train
4dbce359d0e1,2,/content/aptos2019_raw/train_images/4dbce359d0e1.png,PNG,RGB,2588,3388,7065259,valid,,044e806126f5f714c48ac700b128bd5e2bffb9360c7e65bbcd899ada23d806bf,train
4dc2211a1c31,4,/content/aptos2019_raw/train_images/4dc2211a1c31.png,PNG,RGB,1958,2588,5572723,valid,,772873ef5f774cf81ccb72d218c54c718d7f1734d7c535ed7fb4c1cfe7d22b4e,validation
4dd14c380696,0,/content/aptos2019_raw/train_images/4dd14c380696.png,PNG,RGB,614,819,282220,valid,,bd2677822ab666d59f99737295ac5bdb4483dd1dcdf919a574475d7e3845f67e,test
4dd4a4bf2421,0,/content/aptos2019_raw/train_images/4dd4a4bf2421.png,PNG,RGB,1050,1050,1013018,valid,,6a1fb9564687a3d06167ab666ad2eae1934e890e5d4fd81951dd3eeaf13cf0ea,train
4dd5d5ccddcf,1,/content/aptos2019_raw/train_images/4dd5d5ccddcf.png,PNG,RGB,1736,2416,2070085,valid,,6266c2413ff6182a32d89cb3cb9dc0837c377afb81af55b50edf580344dc6f12,train
4dd71fc7f22b,4,/content/aptos2019_raw/train_images/4dd71fc7f22b.png,PNG,RGB,480,640,357098,valid,,b323393024106bada4ca60908af4dc75e2890e4b04d94871d1ce156bfc97d2f7,train
4dd7b322f342,0,/content/aptos2019_raw/train_images/4dd7b322f342.png,PNG,RGB,614,819,394953,valid,,f5b1c18a3eda73741a0035cb0654df713135bf17d2bd17bbeec6bb577d7b03d5,train
4dd9d29eae5d,1,/content/aptos2019_raw/train_images/4dd9d29eae5d.png,PNG,RGB,1958,2588,5065678,valid,,78ac8d3f71fcfe51ce4d08d090cf48e59c0c698bb01944a2d5ad9b5106b5707e,validation
4df6a81b476e,3,/content/aptos2019_raw/train_images/4df6a81b476e.png,PNG,RGB,1958,2588,5615503,valid,,b43c592749bfe3c4554bcd9a2bd3625a5c6f4d2e49c51278f93037fdc5ebcaf4,train
4e0656629d02,1,/content/aptos2019_raw/train_images/4e0656629d02.png,PNG,RGB,1958,2588,5417156,valid,,81671f4437e84ad2098fee8200a1d620c0e17e8884551c29564f283e58ce9e72,train
4e1e252317b5,0,/content/aptos2019_raw/train_images/4e1e252317b5.png,PNG,RGB,1050,1050,977010,valid,,66740e3aee970ff6df061697bacf68dbb1e82453da0450ede6a39989118d77e6,train
4e231670b48c,0,/content/aptos2019_raw/train_images/4e231670b48c.png,PNG,RGB,1050,1050,1110541,valid,,b2c9a9f9d83b991dd1fba3ccee3a8bb67d0851017a9b10959bf8b6f205443221,train
4e43d05cc2ef,2,/content/aptos2019_raw/train_images/4e43d05cc2ef.png,PNG,RGB,1736,2416,2226907,valid,,5e750462ecfa8d7375c4d1ef7ad49e8ffccded1b9db12d96164affdf1440c8ba,validation
4e4a6224a04e,0,/content/aptos2019_raw/train_images/4e4a6224a04e.png,PNG,RGB,1050,1050,1027487,valid,,30b31fbd302456a249b1628ef840efdfc506dce2013b22870bab710945f78fea,train
4e54ccfd49b2,0,/content/aptos2019_raw/train_images/4e54ccfd49b2.png,PNG,RGB,1050,1050,915797,valid,,0bf9ac40efe2f05c42f17b7cdce474483874a19abef26724a7d7ceee4a183cbb,train
4e6071b73120,1,/content/aptos2019_raw/train_images/4e6071b73120.png,PNG,RGB,1226,1844,999595,valid,,63cde61fc77c4dba1cc76111dc8aed12e4138fa3dfa8b4b18fcf56b2b4e708d9,test
4e7694eebb91,2,/content/aptos2019_raw/train_images/4e7694eebb91.png,PNG,RGB,1736,2416,2162378,valid,,51d00bc2ca08df47b08ae2ad4554dcec7e83463f4709df529869b84619ac6d4e,train
4e82c3c8d31f,1,/content/aptos2019_raw/train_images/4e82c3c8d31f.png,PNG,RGB,2588,3388,7261377,valid,,a2d0dddcc4def250dcd274e645c2cd855f105ae1b7c1aed9f4e4fcf86efd32ce,train
4e8585a96739,0,/content/aptos2019_raw/train_images/4e8585a96739.png,PNG,RGB,614,819,372272,valid,,aa0d73685165fc27df5da13fdc1b594434ad82160486a5177673bab84cfc76ec,train
4e85aa647534,0,/content/aptos2019_raw/train_images/4e85aa647534.png,PNG,RGB,614,819,285889,valid,,de177824b56c8bb7217fbaced6abaee5a08c0361276651cf6767bef0584f34dc,test
4eabad7948cf,0,/content/aptos2019_raw/train_images/4eabad7948cf.png,PNG,RGB,1536,2048,1769165,valid,,d44be906b51aa9f49377f62d1bc1b4e18df74c17eb601b8ed54b62d9a9b6ce3b,train
4eaf2f81819d,0,/content/aptos2019_raw/train_images/4eaf2f81819d.png,PNG,RGB,1050,1050,994875,valid,,11a1d4148eefc12a51ae25af9ef8e1dd181d6fc92427e89eff7ddfeaaed554d5,train
4ec7796df40e,0,/content/aptos2019_raw/train_images/4ec7796df40e.png,PNG,RGB,1536,2048,1906882,valid,,bba75d32055fcfcf110ea6b93d5a28d4d0f037712c9ac40f91b0b2db0210aa6b,train
4ecd1fdd1435,1,/content/aptos2019_raw/train_images/4ecd1fdd1435.png,PNG,RGB,1736,2416,2223735,valid,,b76b76b40c733121dc996a8c3031afcdd96ea2c0b2937282e74594b68857ff35,train
4ed31cc07366,2,/content/aptos2019_raw/train_images/4ed31cc07366.png,PNG,RGB,2136,3216,3201390,valid,,d5080fa05002b6448f817bcdaf58d6d8ed01c39a8752f646a57c39fd8031a5e9,train
4ee1ad981a6d,2,/content/aptos2019_raw/train_images/4ee1ad981a6d.png,PNG,RGB,1958,2588,5391200,valid,,efae215dd982c1f864615df0944a8fd22e75eef42286daaaf242dadf0586f74b,test
4ef0b485a7da,2,/content/aptos2019_raw/train_images/4ef0b485a7da.png,PNG,RGB,1050,1050,865475,valid,,13d2b95d90fd4c45e0f14965f873e7f15ee752af74cbc874fd162080085172ae,train
4ef16a53d899,0,/content/aptos2019_raw/train_images/4ef16a53d899.png,PNG,RGB,614,819,288283,valid,,3eab565d7c75f115ae6a9bb4552a86d71e75248f473fa22d73c07259aaeca3d1,train
4ef7144e24ff,1,/content/aptos2019_raw/train_images/4ef7144e24ff.png,PNG,RGB,1736,2416,1878399,valid,,5f4aec141b60d55969b8170cbae090b8d375796b506bf8e6e8ec67a8662a3532,validation
4f0866b90c27,3,/content/aptos2019_raw/train_images/4f0866b90c27.png,PNG,RGB,1944,2896,2006556,valid,,401a0b046eff66f7850adf49b8d950814f1f391e7584b8fbde3bf81cf69f3782,train
4f20f9a9a65b,2,/content/aptos2019_raw/train_images/4f20f9a9a65b.png,PNG,RGB,1958,2588,5221985,valid,,7d701f4b8bc490c9297d88f4019d8fa1bfc5818994a47ed93999cab943753d27,train
4f46d7ee61ed,2,/content/aptos2019_raw/train_images/4f46d7ee61ed.png,PNG,RGB,2136,3216,2942547,valid,,3c909676c20f7f30546e81df01cd1a5165f4ba1ba6c7b545e3002f7bec15f9f5,train
4f5dd7660b17,0,/content/aptos2019_raw/train_images/4f5dd7660b17.png,PNG,RGB,1736,2416,1974599,valid,,aab15528c748ac762d06821fbcbca7329eddce7181b4c86e42c73ce1554e180d,train
4f60129e9a5b,2,/content/aptos2019_raw/train_images/4f60129e9a5b.png,PNG,RGB,2136,3216,2856499,valid,,8bb4e9c75bb7918aecd71cbc344d04de42cf30c25bda9e59ce6c1bdb82ddf7df,train
4f6abc40c72d,0,/content/aptos2019_raw/train_images/4f6abc40c72d.png,PNG,RGB,1050,1050,829816,valid,,6928a079c67160d5ece1d849568a54a787d1926ca0453784954dc436dc6a5e86,train
4f7755e74a9e,1,/content/aptos2019_raw/train_images/4f7755e74a9e.png,PNG,RGB,1736,2416,2157277,valid,,3a3239cbdd216a283fcd77bb4104abb0cf1fdd66f8be95f355878154941bc3fc,train
4fa26d065ad3,1,/content/aptos2019_raw/train_images/4fa26d065ad3.png,PNG,RGB,1736,2416,2378478,valid,,d6b61be54bf79df1a3cf88899851579bf98aedace3ffcdca593406654b7465f8,validation
4faf4063db8c,0,/content/aptos2019_raw/train_images/4faf4063db8c.png,PNG,RGB,1050,1050,1017496,valid,,ff5b599e68832480d73d40655aaae7ea1010b87500c2b34dc341ffddb578bbb5,train
4fd5ec0dca09,0,/content/aptos2019_raw/train_images/4fd5ec0dca09.png,PNG,RGB,614,819,297068,valid,,1dcac87e6e96bfbcab32799d028468bac42cbc3f2bf0ab0a194b191b303530ad,train
4fef9ed8a4c5,3,/content/aptos2019_raw/train_images/4fef9ed8a4c5.png,PNG,RGB,2136,3216,2845845,valid,,076e12987980d174cb6ec3cf5ac1edeea34b68a6c475634d56a77aaf3c08b7a7,train
4ffa38550c95,0,/content/aptos2019_raw/train_images/4ffa38550c95.png,PNG,RGB,1536,2048,1872864,valid,,35738121ef6e489abba40cd05b6d48e1fb0f1f9de97cfbfc8c23b55d1733bd40,train
500aad15b7c8,0,/content/aptos2019_raw/train_images/500aad15b7c8.png,PNG,RGB,1536,2048,1935048,valid,,dd532eaf1e4bb2bf54771c50c25feff88468e0bf050a28a4eadf064b2712f101,train
501c319f7a9f,0,/content/aptos2019_raw/train_images/501c319f7a9f.png,PNG,RGB,1050,1050,970158,valid,,8e84d5975332a0a653ac86871bbf60d53102e608ea34d2bd64194753a4433226,test
504a69096fcb,0,/content/aptos2019_raw/train_images/504a69096fcb.png,PNG,RGB,1050,1050,1053897,valid,,bb610ea9ad7bdaa0306acdea458e6132650f1db81ca52bcc4a09fe825f738afb,test
5056fa7d505f,0,/content/aptos2019_raw/train_images/5056fa7d505f.png,PNG,RGB,614,819,325148,valid,,f6385726173d732ef4ec82d9b4a9027a5b86842855137c11892a6b36f1101d12,validation
5069feccd866,0,/content/aptos2019_raw/train_images/5069feccd866.png,PNG,RGB,1536,2048,1920894,valid,,29d7ae4be9a4a259fdf636ae707c823bdda6cc0e89b2c9963eee39205085a25a,train
5077cdb88aed,0,/content/aptos2019_raw/train_images/5077cdb88aed.png,PNG,RGB,1050,1050,988259,valid,,5bd767730a6de9a887744d9a7da53159f539bf7bba4bdc6504489a469a913dfe,train
5078caaf1f57,0,/content/aptos2019_raw/train_images/5078caaf1f57.png,PNG,RGB,614,819,298286,valid,,96f0d300f28858b34704d732ddf1e0a7fbb0d8a9fa7a2391328ff4bae80464e3,train
50840c36f0b4,1,/content/aptos2019_raw/train_images/50840c36f0b4.png,PNG,RGB,1958,2588,5598006,valid,,ec1cffb88d42520d52b8df691f1e982ce280c135137dc7ce4cf9414c4576db7e,train
5090917a2676,1,/content/aptos2019_raw/train_images/5090917a2676.png,PNG,RGB,1958,2588,5473351,valid,,8627e52ad48a63d6f27821c217a9d91bb38b50c29561576d3ee85b01ab0b725e,train
50915e2329a1,0,/content/aptos2019_raw/train_images/50915e2329a1.png,PNG,RGB,1536,2048,1917612,valid,,e999a9082fd40e6a01198b56ce1fba0d3988f3095b9ec663e9de6ae5c98e0f57,train
50916d67bb51,0,/content/aptos2019_raw/train_images/50916d67bb51.png,PNG,RGB,1050,1050,900891,valid,,362616bb2ca723b6598e67a9184bc160103e13b21af5caa9c155dca3eb05e58f,train
50a2aef380c8,3,/content/aptos2019_raw/train_images/50a2aef380c8.png,PNG,RGB,2136,3216,2890924,valid,,16069f98924875694321b44d8b9fb1ce8806230df4f1e5a59b3aadd8408582e8,validation
50d8249f7bc9,0,/content/aptos2019_raw/train_images/50d8249f7bc9.png,PNG,RGB,1536,2048,1897318,valid,,6e5061637ff19dd50dd8bba2b9871c832c26d4676aa6bf262abaa873598a375f,train
50d8a8fb7737,2,/content/aptos2019_raw/train_images/50d8a8fb7737.png,PNG,RGB,1958,2588,5215074,valid,,212fb9382343c683aed98a06a10b4bae80f63475ea35ad23bf05aa250463d22b,train
50ddd7d976df,0,/content/aptos2019_raw/train_images/50ddd7d976df.png,PNG,RGB,1958,2588,5256895,valid,,c27ae834e344c1965d05eb9edf2456a1241a2f183de96515bfb064409f73a1fc,test
50f5201fd18a,0,/content/aptos2019_raw/train_images/50f5201fd18a.png,PNG,RGB,614,819,306055,valid,,6ed87408854ac5449234b77d7155f3c6e19ae7565eeb700c24a746abf6fe9e14,train
51030843fde2,2,/content/aptos2019_raw/train_images/51030843fde2.png,PNG,RGB,2136,3216,2558399,valid,,bcd6fcafb7571560a093e328d539b6991fb15b33be1c1d765f9cab0cbcaa8bac,train
510aa0a898fa,2,/content/aptos2019_raw/train_images/510aa0a898fa.png,PNG,RGB,1958,2588,5300226,valid,,741e2cbcfe35e31612e86a4e96a377b20bc7359b7f24717f8e54cf9346549134,test
511fd66b2df8,0,/content/aptos2019_raw/train_images/511fd66b2df8.png,PNG,RGB,1958,2588,5552392,valid,,1aba27242609b06d23c27c08ed4c1e16fae7bbaee5a4e44fde75b3dbd9528dee,train
51269b77d312,3,/content/aptos2019_raw/train_images/51269b77d312.png,PNG,RGB,1736,2416,2451030,valid,,940ffb89594b904206d7f4ffef90f9d275384d6e57fd37e5a49eb96c65c23e1e,train
513b0a4651fa,1,/content/aptos2019_raw/train_images/513b0a4651fa.png,PNG,RGB,1050,1050,965577,valid,,47a2ba8454518de336c448333cc114593a24799f1c7191dace8a26a058667c4e,train
51405d042000,2,/content/aptos2019_raw/train_images/51405d042000.png,PNG,RGB,2136,3216,3020342,valid,,4b3598c767ef3911f04dfbdc575fe81d56b1e9d74356a50e6194acdc2bd736f3,train
5152bf091152,2,/content/aptos2019_raw/train_images/5152bf091152.png,PNG,RGB,2136,3216,2268714,valid,,4f91eab932cd06e44f181046f1403e4ca4347c86ffbacd4b29f2895a89f1bb5d,train
5173d54fc214,2,/content/aptos2019_raw/train_images/5173d54fc214.png,PNG,RGB,2136,3216,3139202,valid,,7953e2afa0953c31946aa4b2ae40f0ce99e7d69cebda13c6fa9557275eab957d,test
5188a8afa879,2,/content/aptos2019_raw/train_images/5188a8afa879.png,PNG,RGB,2136,3216,2131526,valid,,25950b20abf7a4b25b9ac7a7d932ff15de83e9b1335e3c6e992342d6d40946c1,train
518e880613de,4,/content/aptos2019_raw/train_images/518e880613de.png,PNG,RGB,2136,3216,2557536,valid,,04894d986097f8e2c90b398788ff04dfdc68a7742589056c4a6f7fa95e0b5e0a,train
519c6e8f78dc,0,/content/aptos2019_raw/train_images/519c6e8f78dc.png,PNG,RGB,1536,2048,1956196,valid,,b6ca0676335e4f18f722e958de81321228c0f3b42aa09a7462598575a52ea20e,train
51a078d6d43a,0,/content/aptos2019_raw/train_images/51a078d6d43a.png,PNG,RGB,1050,1050,950349,valid,,f79b2635054c4489f3ee696ce32a3cfd793bc65e49aeb7dda591f7e9372ce51a,train
51a1d162e223,4,/content/aptos2019_raw/train_images/51a1d162e223.png,PNG,RGB,1226,1844,1048855,valid,,96d9e546c19ad6c56883d8564dae0b50f49eecbc1ed7fcd43c2ed6c8146be21f,validation
51aa3361294c,0,/content/aptos2019_raw/train_images/51aa3361294c.png,PNG,RGB,614,819,347066,valid,,d03c3315f368597fae3ed73f4045bd3af2275e11d0b4d84b3b5e28fa2a971d54,train
51af8a689511,0,/content/aptos2019_raw/train_images/51af8a689511.png,PNG,RGB,1050,1050,929380,valid,,1cfd7905a31fe02f255e4060640b95179d8e0c434fec796f1b63154beb639529,train
51af8c112682,4,/content/aptos2019_raw/train_images/51af8c112682.png,PNG,RGB,1958,2588,5371016,valid,,9ba5ddaf0cbc7f229cd3fdc426bb77e32bba1b091c0e17086bc15831a6b17244,train
51cd8d2057fa,0,/content/aptos2019_raw/train_images/51cd8d2057fa.png,PNG,RGB,1050,1050,1025253,valid,,fa08363d2cdc3c05ce3a6c9b84717a83b35c93472ccded7717bc6d4b27c3e14f,test
51cfeccaf40d,2,/content/aptos2019_raw/train_images/51cfeccaf40d.png,PNG,RGB,2136,3216,2224872,valid,,ebebfe7678ed78f3760278aaa73f9a6803e96fe101647d2deed3af50fde691e5,train
51d0034d177d,2,/content/aptos2019_raw/train_images/51d0034d177d.png,PNG,RGB,1958,2588,4881929,valid,,619accac6dbb505d0325f509c18978de24f87d0cec90904a83e4f8294de42975,train
51d574513bcb,2,/content/aptos2019_raw/train_images/51d574513bcb.png,PNG,RGB,1226,1844,995875,valid,,9d22d33313756499324e600a50358c404517660f59c1460d6f9cb36e30436172,test
51d780864365,2,/content/aptos2019_raw/train_images/51d780864365.png,PNG,RGB,1736,2416,2435095,valid,,4d3a19f3e40dc87e5611b9f939794323e792c59661c785f12360d82d99bba6bd,train
51da6aebba8f,3,/content/aptos2019_raw/train_images/51da6aebba8f.png,PNG,RGB,1958,2588,5161045,valid,,e299432b438974640d91c45f3e39092fd310f6763c168866ab1681769804d866,train
51e656e5a541,0,/content/aptos2019_raw/train_images/51e656e5a541.png,PNG,RGB,614,819,286727,valid,,394473eb449c77e22a45c56389fa92015667cd3ea74d66b705c762621eeedfbe,test
521b5377a727,0,/content/aptos2019_raw/train_images/521b5377a727.png,PNG,RGB,614,819,314701,valid,,d72188f434847840a1b28c5225be8da6106d9484da820eae812b057f7340cfd2,train
52230bbef30e,2,/content/aptos2019_raw/train_images/52230bbef30e.png,PNG,RGB,1736,2416,2012691,valid,,4a6c38aec2ad599ab5cba8dc856d8e054f54020181046e67bc62e9fad3941008,train
523b3f0fc646,1,/content/aptos2019_raw/train_images/523b3f0fc646.png,PNG,RGB,1958,2588,5145410,valid,,343b4f0ddf5544a1d61e01f6fe72c9870913c8bacb7c769b5e728b1ad6376a92,train
523d0c2cb4d6,2,/content/aptos2019_raw/train_images/523d0c2cb4d6.png,PNG,RGB,2136,3216,2776899,valid,,5f8a8d46aa1e42e831b7219b63fc8906f35e3ae38fd32f34bbd31463b305c206,test
523ff163211b,2,/content/aptos2019_raw/train_images/523ff163211b.png,PNG,RGB,2848,4288,5504778,valid,,a089535ae2abb04e63c0035b426662ed33bfcc9fd89ed6e2873559cfcc99b3e7,train
524f240e0c90,2,/content/aptos2019_raw/train_images/524f240e0c90.png,PNG,RGB,2136,3216,3087778,valid,,5cc2615ca71dbfa297f9801e6e05b3e3b64618772034e37b2846d22f740d2dcc,train
5257cb536da2,0,/content/aptos2019_raw/train_images/5257cb536da2.png,PNG,RGB,614,819,393758,valid,,b052808674ecb82d45ce87e223ed37106edd14a33d19124fe839d7effc3a269d,train
525acfea47e8,2,/content/aptos2019_raw/train_images/525acfea47e8.png,PNG,RGB,1736,2416,2138503,valid,,1ef069bc1418f151cc627a3a801e339bf1a0655c7007a929bcabf62bf289f1ed,train
525d0dd8dc45,0,/content/aptos2019_raw/train_images/525d0dd8dc45.png,PNG,RGB,614,819,340064,valid,,9f9cf1d9e3beb4c5e4eee1592cdc6f1fb9229d211926c121199d57ae66876859,train
5264a54e1830,0,/content/aptos2019_raw/train_images/5264a54e1830.png,PNG,RGB,614,819,317895,valid,,0f86c53380040dd3ca692d69139ca298c0b155e02ca0034141507c50d5b6406d,train
5265dc9acdf8,2,/content/aptos2019_raw/train_images/5265dc9acdf8.png,PNG,RGB,2136,3216,2473046,valid,,b8c24a580983332b175fd93e6c52c532d604f2b19b3e787347eb9919e5ec651e,test
527bea76116c,2,/content/aptos2019_raw/train_images/527bea76116c.png,PNG,RGB,1736,2416,2193227,valid,,786a6f4c3fb32e0f9f6b71a0f39c57975eaa59e29dfc8ecf4c217a2b8798a315,validation
52886bed8a07,2,/content/aptos2019_raw/train_images/52886bed8a07.png,PNG,RGB,2136,3216,2488266,valid,,21de492373c680f5c747e45c63d0ab990e5bb4e2caacd71b39a91b333f5b5d52,train
5288f7441f64,0,/content/aptos2019_raw/train_images/5288f7441f64.png,PNG,RGB,614,819,258426,valid,,8d7909a111501eb6d7b956fbf28afc66007ce8e525cff492fcb76595deaee1f1,train
5293576816aa,0,/content/aptos2019_raw/train_images/5293576816aa.png,PNG,RGB,1050,1050,1022442,valid,,76dcc6a87d825ded9b88bc878a5a321401102725215758e692d3422d3125953a,test
529906ff9dfa,0,/content/aptos2019_raw/train_images/529906ff9dfa.png,PNG,RGB,1050,1050,902850,valid,,ca7ed7fa19da101301a4313ff748162d19b0db540d63ba02a98039aa93a20ddf,train
5299a532f0e0,0,/content/aptos2019_raw/train_images/5299a532f0e0.png,PNG,RGB,1050,1050,885006,valid,,c977ea791a7b4d3f883b167a039a01295e49c4825113ecb1a84514f583c17a53,validation
52ae917fcea4,1,/content/aptos2019_raw/train_images/52ae917fcea4.png,PNG,RGB,1736,2416,2623005,valid,,5c6887bd3c42b5464ff9868a209f2fb504bbd73b3d556d4a021d5f5d5dfdb414,train
52dbec057cc8,2,/content/aptos2019_raw/train_images/52dbec057cc8.png,PNG,RGB,2136,3216,2198669,valid,,763b8fcb4da4703ecb887b4c865c4558cc807330621745b4a7422be3e64fb793,train
52ddde91a349,0,/content/aptos2019_raw/train_images/52ddde91a349.png,PNG,RGB,1050,1050,1027956,valid,,1527bc971b41ee7398d4c51daf331d482528750b6bc13394d26a0bd0fe4a1a30,train
52edbe29d655,0,/content/aptos2019_raw/train_images/52edbe29d655.png,PNG,RGB,1050,1050,907072,valid,,623e013d76f86a2b756123b084b39f1b7aec1b8c1c4402b1d9ad70694edd2fd2,test
530d78467615,2,/content/aptos2019_raw/train_images/530d78467615.png,PNG,RGB,2136,3216,5851912,valid,,4547bb9d92ece2e9d87317ebc6e91f5f9a2396f8a866b3bb672c93bcc58a3d27,train
531b39880c32,1,/content/aptos2019_raw/train_images/531b39880c32.png,PNG,RGB,1736,2416,2062144,valid,,10135a1550a0f1865fb528de0ee581e8348662bcd14caa0cdb39735bbbefd08a,train
5321ab64f9ea,0,/content/aptos2019_raw/train_images/5321ab64f9ea.png,PNG,RGB,1050,1050,1086623,valid,,19ca7a002e5c6c3c8e0d0d7837ce2f34770681253649364f3f737b18a8e275b4,train
53273d664cd8,0,/content/aptos2019_raw/train_images/53273d664cd8.png,PNG,RGB,1050,1050,1006816,valid,,4273654467fc32b3f6694ca86e9221ca1b30fc7a812cf0c7edda03d37ff261e8,test
5327f88a1919,2,/content/aptos2019_raw/train_images/5327f88a1919.png,PNG,RGB,1958,2588,5143075,valid,,68036e0b5439ca76eda12cafb0fd8e95aab0bb5fc14f7ef36a5e7c22e0313976,train
53327edb9e4d,0,/content/aptos2019_raw/train_images/53327edb9e4d.png,PNG,RGB,1050,1050,842002,valid,,28f50568afc6349edf922d75360abb1477a779af3009f1a6bf78c09453a75403,train
5347b4c8e9b3,1,/content/aptos2019_raw/train_images/5347b4c8e9b3.png,PNG,RGB,1958,2588,3952957,valid,,7787362b0f0a33a8730a6306e45a2c17a677b005bac2c9743586868ff018980f,train
535682537302,0,/content/aptos2019_raw/train_images/535682537302.png,PNG,RGB,1050,1050,879204,valid,,ebe733ffe9c202d04dc47770180e516e5f49f6f85a9835a871134725bb2ab323,train
53704c80f0d8,1,/content/aptos2019_raw/train_images/53704c80f0d8.png,PNG,RGB,1736,2416,2279187,valid,,5d4ff45b472dfb8d737ec3fdc780311d03bbd78411e65800b0395acc4c34396e,train
537e50fdf22e,3,/content/aptos2019_raw/train_images/537e50fdf22e.png,PNG,RGB,1944,2896,2533829,valid,,f862bc14d61c8ea73ef9ff2ecb720690fbc717e587d166e4b8f7bc2cc2437d47,validation
537e5c578f40,0,/content/aptos2019_raw/train_images/537e5c578f40.png,PNG,RGB,614,819,351532,valid,,c4006971b7bd8eeabf36f31c5d6cfa6e8cab9872c4fe29d53a467dbf1dfb157d,train
53c874dbc594,0,/content/aptos2019_raw/train_images/53c874dbc594.png,PNG,RGB,1536,2048,1845106,valid,,f529908a2d7b47e1087dd779cf1d846c07bad37e4423af85c80143875af90a25,train
53ddae6a619e,0,/content/aptos2019_raw/train_images/53ddae6a619e.png,PNG,RGB,1536,2048,1933981,valid,,efe7b7f45fc6ca794acb4adeef5ae20b99a9393f326fa763a8275ea45cfa7bdb,test
53f6c1c65c04,1,/content/aptos2019_raw/train_images/53f6c1c65c04.png,PNG,RGB,1736,2416,2230046,valid,,15536140cae8767b71c4e8588b0d42b73d40898cef9917793c98a6cdb0164717,train
54038e56131d,0,/content/aptos2019_raw/train_images/54038e56131d.png,PNG,RGB,1050,1050,1010267,valid,,45e8c54c33a179607f9d07d8e36df09c9f955d2e1d1f01b99bee59812143f162,validation
540e4973829e,0,/content/aptos2019_raw/train_images/540e4973829e.png,PNG,RGB,614,819,286327,valid,,5625cef9531c8cc2b2d1d7d35398e9847b140ba925517fead4cb55b34aa0c212,train
541db13517e2,2,/content/aptos2019_raw/train_images/541db13517e2.png,PNG,RGB,1226,1844,786364,valid,,9b08d2eeed3adc8a2362955949df73e9ef942677bf05131adc2e7bcee3a3c540,train
542964865b1e,0,/content/aptos2019_raw/train_images/542964865b1e.png,PNG,RGB,1050,1050,1044948,valid,,86451cb94e86fa695ae00fc725d9c4e581e0a6ea121430a210dc1b264ae085ce,train
54334705a34d,0,/content/aptos2019_raw/train_images/54334705a34d.png,PNG,RGB,1536,2048,1925081,valid,,6115e673217ef59e99efcd750cfb6ec911b5214217b560c9b7d9beec06822618,train
5445255635f0,0,/content/aptos2019_raw/train_images/5445255635f0.png,PNG,RGB,1958,2588,5763109,valid,,f43473917bf249e9f1c0eb00e936a7316606ccab1a08bff66ce1d250b6940bdc,validation
545df1bbcd61,1,/content/aptos2019_raw/train_images/545df1bbcd61.png,PNG,RGB,1050,1050,1007418,valid,,3e309800a77d02967f1ca91937a6285545e00ceb63d9d5a33d529290a0ece76d,test
547b37da9223,2,/content/aptos2019_raw/train_images/547b37da9223.png,PNG,RGB,2588,3388,6665861,valid,,89572c024df7767aeb0cca0b7ef9415d68e3965058f95561a0503444dbfebc38,train
5486da4273d7,2,/content/aptos2019_raw/train_images/5486da4273d7.png,PNG,RGB,2588,3388,7466023,valid,,233953f18186ff5f234aa870ee6959350276de04e325c8bc5282a045beb077a0,train
549381330191,0,/content/aptos2019_raw/train_images/549381330191.png,PNG,RGB,1050,1050,1068157,valid,,36372bb4951991c3144fc6d1de2ea2a53607a23b4df24f36d42de3fad0f06552,train
54b322c66d01,0,/content/aptos2019_raw/train_images/54b322c66d01.png,PNG,RGB,1536,2048,1933415,valid,,998a0ff1bb714f0f354668583a5fc105713154f99b76351fd22e4b553d02c8ea,train
54bbe3da103e,2,/content/aptos2019_raw/train_images/54bbe3da103e.png,PNG,RGB,1958,2588,5229898,valid,,8150470fb48923b695ded3f54d032fd8c7c026773b7b2abea60e2adad51556a2,validation
54bdcdecd8f3,0,/content/aptos2019_raw/train_images/54bdcdecd8f3.png,PNG,RGB,1536,2048,1935294,valid,,bb44031a1fcdb1377bb0707142b833cec9589388c04bf6e2442b8e22ac8b38a9,train
54cab3596214,2,/content/aptos2019_raw/train_images/54cab3596214.png,PNG,RGB,1050,1050,1013545,valid,,432769d41d311bdeb684ec6926ee756d159fcfb15ee7f15d3a563e6f410ed8cd,train
54dc6e8107cd,2,/content/aptos2019_raw/train_images/54dc6e8107cd.png,PNG,RGB,1736,2416,1848592,valid,,da0b9a765657101fefba8fd3d5f033d5d98c1c82946d691424700e93fa47b6ac,train
54f57cf26126,0,/content/aptos2019_raw/train_images/54f57cf26126.png,PNG,RGB,1536,2048,1944491,valid,,9236cf9be822db94128950e92d19d5919fb31a7b82910b7d5c909d948a13ada4,train
55034b1dbff2,2,/content/aptos2019_raw/train_images/55034b1dbff2.png,PNG,RGB,2136,3216,3469731,valid,,0af49e45c95582f3752aeb944ca41aec04e87c1cd66b54c7d71a1c5985327cab,validation
55092c0071eb,2,/content/aptos2019_raw/train_images/55092c0071eb.png,PNG,RGB,1736,2416,2353542,valid,,493caeef7e769248ea535eb205354240d813887030acc4f462131a2606e44494,validation
5511f114e7ee,0,/content/aptos2019_raw/train_images/5511f114e7ee.png,PNG,RGB,1536,2048,1945806,valid,,9ebb5cfbc874ad6cc2e4bea8487306e8a03067ef1d98bd85166947f9f3b14af6,train
5548a7961a3e,1,/content/aptos2019_raw/train_images/5548a7961a3e.png,PNG,RGB,1958,2588,4868464,valid,,25c5b15a9ee94dded964365b8d56161c58f135ff1ec10cfda7371cb9b2de295f,train
555d0bef3c5b,0,/content/aptos2019_raw/train_images/555d0bef3c5b.png,PNG,RGB,1050,1050,915638,valid,,c522b6dca9aaf50ca676317445afe6f50612cc9af2bbf1568ddd171d829f0983,train
55968f0e63c4,0,/content/aptos2019_raw/train_images/55968f0e63c4.png,PNG,RGB,1050,1050,913907,valid,,2983bac236db3685ebf0de43ff7af28965a382aa7abacbb602d53e071e2885c0,train
55eac26bd383,1,/content/aptos2019_raw/train_images/55eac26bd383.png,PNG,RGB,1736,2416,2069880,valid,,e797526d5cc935cfb33e2793c6d9f3461507f3fb0189cc44c6032a5ad1f775a6,train
55eb405ec71e,4,/content/aptos2019_raw/train_images/55eb405ec71e.png,PNG,RGB,2588,3388,3771246,valid,,62d1b6c447fc5baffbab9bea4e1e78c71a7a1369cd7d0b78382d3b38daa6b9ba,train
55f7f018c61c,0,/content/aptos2019_raw/train_images/55f7f018c61c.png,PNG,RGB,1958,2588,5170839,valid,,75b0c1a6c9926892cd5732df6f66a1c8fbe9ffe2a823a78b402e68617e35fc6b,train
55fd453001cc,2,/content/aptos2019_raw/train_images/55fd453001cc.png,PNG,RGB,1736,2416,2435940,valid,,c382b5daa7997bbff9d95226d3962469ee33d11bb12105e05da6fdd80514164c,train
5633ced07d8e,1,/content/aptos2019_raw/train_images/5633ced07d8e.png,PNG,RGB,1736,2416,2079910,valid,,fd15d8e8003ef0fef28a4226eb02fe3e84f047000b61fc1b79f79f35162e4c4f,train
565f3404f9b2,0,/content/aptos2019_raw/train_images/565f3404f9b2.png,PNG,RGB,1050,1050,1004105,valid,,82ab5377dc244462b0c7e5761343ee940bb296925b15953954e4081562314037,train
5671eb95512b,1,/content/aptos2019_raw/train_images/5671eb95512b.png,PNG,RGB,1736,2416,2507094,valid,,8f3960738e7f10b0d0791e9d9286fe67fb449cba50dbb2bdc96d525a9aa89883,validation
568455854a11,0,/content/aptos2019_raw/train_images/568455854a11.png,PNG,RGB,614,819,302067,valid,,2f53e0c139b4261561b7460616dbeb820a9c531ae5e6f4df0c22802e46373c36,train
56e56aa08362,2,/content/aptos2019_raw/train_images/56e56aa08362.png,PNG,RGB,2136,3216,2961919,valid,,f165eb5874533465f8c6b3624daf06bc7866d49b1c918253a5170a14b12f1f3b,train
5712e2aa73a2,1,/content/aptos2019_raw/train_images/5712e2aa73a2.png,PNG,RGB,1736,2416,2091392,valid,,75457e6d4cd3856a849ba1ca7c79e2d9418b6273e1461ef0d5824d49e9b450cc,train
571bbdbf585e,0,/content/aptos2019_raw/train_images/571bbdbf585e.png,PNG,RGB,1050,1050,994236,valid,,84b0cc130114229af9d2b0e455caf50824ffe97efd4a2bc63cdbb7e0876766f4,train
5723d0ec895e,2,/content/aptos2019_raw/train_images/5723d0ec895e.png,PNG,RGB,1958,2588,5261280,valid,,c8bf1aad23b302193eb5aa4dbbeb516c1dec639a94cc15e5883fe11d2bc98bb4,validation
5728b8aa98ef,0,/content/aptos2019_raw/train_images/5728b8aa98ef.png,PNG,RGB,1050,1050,1014829,valid,,f04cba09edd082213c09db44e101cabcf55b4b8270e486317c03de77d9be08cf,test
573ea80a53be,0,/content/aptos2019_raw/train_images/573ea80a53be.png,PNG,RGB,1536,2048,1945864,valid,,42e5eba490e4fa034e0e184657402001cf7e4852f020668a6083c03d447f3ee3,train
57469423a012,2,/content/aptos2019_raw/train_images/57469423a012.png,PNG,RGB,1736,2416,2280734,valid,,24dc86938a23c2bc894fa8b3c14f33acfe0f75e9180de78421d61ebfb8831e44,train
576e189d23d4,4,/content/aptos2019_raw/train_images/576e189d23d4.png,PNG,RGB,1000,1504,1373194,valid,,2c381912aae1194660919a2187c66745892bd90fff98a159464f76b4ef1694a2,train
57760be09c03,2,/content/aptos2019_raw/train_images/57760be09c03.png,PNG,RGB,2136,3216,3445508,valid,,b46476560066779ac6cea403f9ed835b7a91ad9499388652ac2ff02d7da6e8b0,train
5777ef74c9ec,1,/content/aptos2019_raw/train_images/5777ef74c9ec.png,PNG,RGB,1736,2416,2170567,valid,,ac764fb01b41397d7b3f9f61b15b9c10ef43db9520efb5c33c29dd55c66d00ad,test
578109578b46,1,/content/aptos2019_raw/train_images/578109578b46.png,PNG,RGB,1958,2588,4488340,valid,,c4ac2f0c9df072077ab1cfe03727ba2e85c0cbb13e2dd79fb5be4f08edfca0e8,train
57a5e4274275,0,/content/aptos2019_raw/train_images/57a5e4274275.png,PNG,RGB,1536,2048,1930983,valid,,0eebd68190cf98068061833271b65695e7f92750f281814c52f9d69d7625e4b3,train
57a5f1015504,2,/content/aptos2019_raw/train_images/57a5f1015504.png,PNG,RGB,2136,3216,2483704,valid,,73489de9b07f5d87eaa612307cb36bb0e54014a832b8b6727b6b4cad23d06be1,train
57a710de68a4,0,/content/aptos2019_raw/train_images/57a710de68a4.png,PNG,RGB,1050,1050,980721,valid,,ff5fd695774f95c6d96eaf59bcd5d2728786ae80dab6c3c0e0a31a30b4ed7ad2,validation
57ce57a8cfb0,2,/content/aptos2019_raw/train_images/57ce57a8cfb0.png,PNG,RGB,1736,2416,2077371,valid,,6dba2b40de59eeb902120c306c3c4419baa5f661f2090830a88d544628287f1f,train
57db4781e7ec,0,/content/aptos2019_raw/train_images/57db4781e7ec.png,PNG,RGB,1050,1050,999837,valid,,a54c979370bdcd9ffa01668f2340a7d2062b139321f69176dc65dadb549faaf4,train
57f5ad4b5b29,0,/content/aptos2019_raw/train_images/57f5ad4b5b29.png,PNG,RGB,614,819,412580,valid,,b9012b94bfb46e1550e2a80f7838af61cb6df1e514c96e5498477a75f6deacff,test
57f933d3d7c7,2,/content/aptos2019_raw/train_images/57f933d3d7c7.png,PNG,RGB,1958,2588,5082531,valid,,3f928b8952f5fb8f179f287ca0b08ed9cd4ec1d4c8c742377215c223d121deb0,train
58059e73d2d4,0,/content/aptos2019_raw/train_images/58059e73d2d4.png,PNG,RGB,614,819,313850,valid,,723a549a08eb6eb74111ec51c53678644ca001822e112faf96ac7926e4615901,validation
5814cbd2e9bf,0,/content/aptos2019_raw/train_images/5814cbd2e9bf.png,PNG,RGB,1050,1050,953982,valid,,e530a94e2647fcc4638b90913c291ca7ac6f8b83d399cc6c335d1ba69db6ab0e,train
58184d6fd087,1,/content/aptos2019_raw/train_images/58184d6fd087.png,PNG,RGB,1736,2416,1692110,valid,,2d9547994fb9412517262f17df1d3d45cfb27c9d3647fc58b680093e66ea4b16,train
582115961a3d,1,/content/aptos2019_raw/train_images/582115961a3d.png,PNG,RGB,1736,2416,2358394,valid,,08be68bba6bb7eb43147f2fdddafd5284e42e4adf03e2557b386b70a7d7ecc0f,validation
582f739b8f62,2,/content/aptos2019_raw/train_images/582f739b8f62.png,PNG,RGB,1736,2416,2270329,valid,,17b6b7832feeac011f23feaacf26f51bd95e0393f4ec62fe308a23b5d7ebef83,train
58529a8638d0,2,/content/aptos2019_raw/train_images/58529a8638d0.png,PNG,RGB,2136,3216,2744611,valid,,3b46feff6bfd9607ab8290cbf25fbfe598b757b958359e04b7d4d27df5d54bf8,train
586f5c56081e,0,/content/aptos2019_raw/train_images/586f5c56081e.png,PNG,RGB,1050,1050,972396,valid,,1982794847d8bee376b9fbdc609bc8f56e30a32c5922cbeb312786af9b314d8e,train
587146a55885,1,/content/aptos2019_raw/train_images/587146a55885.png,PNG,RGB,1736,2416,1858757,valid,,7820552054e79159620c57b3a6b18917f08269324548515b364e17d3bee6e8a5,validation
5879285f9d8d,1,/content/aptos2019_raw/train_images/5879285f9d8d.png,PNG,RGB,1958,2588,5662214,valid,,05cbbc167ba6e838347c82e378bbd2cfd5cf18ad17a6d63750a20404c37b27b2,test
5889a0c75cac,0,/content/aptos2019_raw/train_images/5889a0c75cac.png,PNG,RGB,1050,1050,1072141,valid,,6cd6cce7960cb8648bb3da47220cb7224aadeacab55ce089dc0ae3250a8ce80f,train
58a9e0d7f7af,0,/content/aptos2019_raw/train_images/58a9e0d7f7af.png,PNG,RGB,1050,1050,1037996,valid,,ad6c7bf115a32d0ef33b45429ccdfdaa8bb294839f994277bd92b98c7764f3a1,test
58af2c054ced,0,/content/aptos2019_raw/train_images/58af2c054ced.png,PNG,RGB,1050,1050,1022150,valid,,cd40648a1281640ef09ca385eae603bf2ede86773c3a9b772ff16444dfd85a3e,validation
58b866484a05,4,/content/aptos2019_raw/train_images/58b866484a05.png,PNG,RGB,1226,1844,795231,valid,,a58e34bd2603fb4ed9766be38f63f7184dd4a47bba2964904ca1ce4bd834d61b,train
58c12863f33d,0,/content/aptos2019_raw/train_images/58c12863f33d.png,PNG,RGB,1050,1050,953142,valid,,077e84e9338a1bb8ef78fc7f51f1ff7898248e53d13ff3d1851b1d74ecb4aa6b,train
58ccba7eec9c,1,/content/aptos2019_raw/train_images/58ccba7eec9c.png,PNG,RGB,1736,2416,1987735,valid,,82436e2332ea99be6b4c8afdb3cd4807cbee69b667266131d65d26cbcce26267,test
58eb3809f456,0,/content/aptos2019_raw/train_images/58eb3809f456.png,PNG,RGB,1536,2048,1775926,valid,,a2aaf98219a5e54c654d75059058f46f2724eb64128e8372a4aa076a7c42ff80,train
58f07741ee3b,0,/content/aptos2019_raw/train_images/58f07741ee3b.png,PNG,RGB,1536,2048,1929028,valid,,58d43c042e3829b04b86e5414793b0abf007b85862e403055e48f492c75e7124,train
5905a9b06a73,2,/content/aptos2019_raw/train_images/5905a9b06a73.png,PNG,RGB,1958,2588,5429715,valid,,9b29ef62d06d5f3da75c4be8e8d227b6f92bfb23db3bc9945da85adeb967e4cb,train
594f69b503ad,2,/content/aptos2019_raw/train_images/594f69b503ad.png,PNG,RGB,2848,4288,4480502,valid,,818c2f610c52ed40fba7708fe5f64a25087786022d191e8cfdd749ae3300f48f,train
595446774178,1,/content/aptos2019_raw/train_images/595446774178.png,PNG,RGB,1736,2416,2109976,valid,,04cdfcef924011c33e1db7c08602337584ca5335760a9f678b45a1f6cdb77cd6,train
596f4fdb0004,0,/content/aptos2019_raw/train_images/596f4fdb0004.png,PNG,RGB,1050,1050,1056046,valid,,95f347bcc3a6fb07902ea18aa60aca04364d16bb8126debd7e75f9c6f0fcfc0c,train
598b8f5b3822,0,/content/aptos2019_raw/train_images/598b8f5b3822.png,PNG,RGB,614,819,280084,valid,,e025f8a40099154bd5e5cb5acbcdb95f90deb0128c1f5032cf2319a601298e41,train
59928f999ae7,0,/content/aptos2019_raw/train_images/59928f999ae7.png,PNG,RGB,1536,2048,1929841,valid,,16d1ff10549a83878afc1123642bcbd5856cbebee3c44abae7eeae27fa0ea894,train
599498e9e4bc,0,/content/aptos2019_raw/train_images/599498e9e4bc.png,PNG,RGB,1536,2048,1773294,valid,,f44621de4716b64fad64087f6405a860e8b305c7576bc25bd503c36aded1f3e6,train
5995321563b7,0,/content/aptos2019_raw/train_images/5995321563b7.png,PNG,RGB,1050,1050,1043899,valid,,6ecc37db347c09fbba14db088d9ef26f7ef8b3878f67922b92a3b7f62b78092b,train
599b89048034,2,/content/aptos2019_raw/train_images/599b89048034.png,PNG,RGB,2588,3388,7398620,valid,,70ca77bdca510393aa91f3bdcaf4d6c96cb88604b332cbfce1d4a2fb0bdfc390,train
59bd19c1c5bb,0,/content/aptos2019_raw/train_images/59bd19c1c5bb.png,PNG,RGB,1050,1050,1019998,valid,,3bb66aca4c6b48d3c2d4698db65bb971d3c8ee6ee0eaf75b2acc8b34792a9d9a,train
59e5212f7139,1,/content/aptos2019_raw/train_images/59e5212f7139.png,PNG,RGB,1736,2416,1886417,valid,,821d264c4e325ab2f8655f494aea6338e6e03a4e6cbaa27665bca36d6d271078,train
59ee65760535,2,/content/aptos2019_raw/train_images/59ee65760535.png,PNG,RGB,1958,2588,5119089,valid,,b5ca9401181b70000980a89cd45575e7fee082aa55b1981b5cc152c00c9cd954,test
59f3f70abddd,2,/content/aptos2019_raw/train_images/59f3f70abddd.png,PNG,RGB,2136,3216,2542802,valid,,a000ee04ebe69dce00b30a83fa3d835054b4da677ea084a601d80f2dc4f16d8b,train
59fee5bc3479,4,/content/aptos2019_raw/train_images/59fee5bc3479.png,PNG,RGB,1958,2588,4999407,valid,,846d02d3ffc015c0aa0682083c4d25a3e853b6e6485c150a82dc627942073266,train
5a03fe3ed15c,2,/content/aptos2019_raw/train_images/5a03fe3ed15c.png,PNG,RGB,1736,2416,2358111,valid,,7af2d179544cac9c2312b5a535d118ad7c3bd5cf4c44f2955563fd222ad3c1d8,test
5a091e8cd95c,1,/content/aptos2019_raw/train_images/5a091e8cd95c.png,PNG,RGB,1736,2416,2407257,valid,,ca2f274475dcb66b7124765b1930ed5247bdbed2b5701971471539fd1ee87196,train
5a0fe0ee4301,0,/content/aptos2019_raw/train_images/5a0fe0ee4301.png,PNG,RGB,1050,1050,1034633,valid,,0015d4490537822b4a4d9e0ee677c6a0b5c1c491fb519041713e9d1c82373b89,train
5a11d21c2828,2,/content/aptos2019_raw/train_images/5a11d21c2828.png,PNG,RGB,2588,3388,7295968,valid,,e0e014960637e720eb639d3c7be162a6cfe4753f5ae35d85c513771345ac4acf,train
5a179c123fd8,0,/content/aptos2019_raw/train_images/5a179c123fd8.png,PNG,RGB,614,819,392671,valid,,cb04ad3ba61313e351f9bc626a43fdc22b79b1d938c0dace7b4b8d2bd151304f,train
5a27b9b2a9c1,0,/content/aptos2019_raw/train_images/5a27b9b2a9c1.png,PNG,RGB,614,819,361890,valid,,4706e626d4ce4468ec13498821e0213d11eefe3f74f682cf97113527951769d8,train
5a2c27b95c7c,2,/content/aptos2019_raw/train_images/5a2c27b95c7c.png,PNG,RGB,1736,2416,2513828,valid,,cc4297adeaee5052faae41b9159ebb378c4f6b580ceadac6649a928757043107,validation
5a36cea278ae,2,/content/aptos2019_raw/train_images/5a36cea278ae.png,PNG,RGB,2136,3216,2102381,valid,,a6841736d4ff279e69859cb1e59dc9e9a3805ac317496bc5f487e3c71dd42e74,train
5a444c32cd9a,0,/content/aptos2019_raw/train_images/5a444c32cd9a.png,PNG,RGB,1050,1050,1003378,valid,,21cfd6d4b74c80cacd930084ffb1f246ba24e897245e5cc1bca78e4f0452eae0,train
5a5d3798c357,2,/content/aptos2019_raw/train_images/5a5d3798c357.png,PNG,RGB,2136,3216,2262675,valid,,e0e7e1a5354037e979b1dd1e6d0b81411a710bf14f054039f3eb8f9a2047db0f,train
5a93c0f783c4,0,/content/aptos2019_raw/train_images/5a93c0f783c4.png,PNG,RGB,614,819,341713,valid,,6170cbfe3c69a45550345d11b50efcbaf78133fdc229b8ae9c5c76365b43ddd1,validation
5ac7a414560e,0,/content/aptos2019_raw/train_images/5ac7a414560e.png,PNG,RGB,1050,1050,997978,valid,,3589f5ad982b833c41d3f01d84bc21d0e5da7290c95a87d0cc91bbb6915708a1,test
5ad3dabeb2cd,0,/content/aptos2019_raw/train_images/5ad3dabeb2cd.png,PNG,RGB,1050,1050,994030,valid,,5e7cff48d2ede389bc0dfb78fc82622d296fa3734efea552f85236aa11a74766,test
5b068765e846,1,/content/aptos2019_raw/train_images/5b068765e846.png,PNG,RGB,1736,2416,2590621,valid,,c8da74559ab91dd20134e339b64afcb4fb359e177acd485c9bcd75bac77d55b9,test
5b0e53f53ef3,1,/content/aptos2019_raw/train_images/5b0e53f53ef3.png,PNG,RGB,1736,2416,2384775,valid,,00d0d40fc6c14620e5fe276af47b869acd46efb56624cf9e8a77ec3fd8e910c4,train
5b1c4cefeb24,0,/content/aptos2019_raw/train_images/5b1c4cefeb24.png,PNG,RGB,1536,2048,1907847,valid,,94c223b9766d74173ebef15053a058e1e8d02ea3f2fcb92178e670fa00d4b1e1,validation
5b2648ad455e,0,/content/aptos2019_raw/train_images/5b2648ad455e.png,PNG,RGB,1536,2048,1959923,valid,,60fff55cf2c589c2928635a0f286155cef2277a8dc64827be01c384c1d5fb6fe,train
5b301a6d1ac7,2,/content/aptos2019_raw/train_images/5b301a6d1ac7.png,PNG,RGB,1958,2588,4777417,valid,,096ec0023ca0d829ffa7d213ee8e90b75b64bb5cb27dcdb26d13d1f7655a651b,train
5b32ece9c627,0,/content/aptos2019_raw/train_images/5b32ece9c627.png,PNG,RGB,1050,1050,926350,valid,,bddb3888c804848d3fe689b9044ac0f7c1015f32b0d9f01b94e245822079528b,train
5b3d41626ec5,0,/content/aptos2019_raw/train_images/5b3d41626ec5.png,PNG,RGB,1050,1050,1037229,valid,,d278bd787d5a721ad6fce41698173d62db7b990ad5bf0207d07e61246d6a042f,train
5b3e7197ac1c,3,/content/aptos2019_raw/train_images/5b3e7197ac1c.png,PNG,RGB,1736,2416,2266203,valid,,c17299742d39568ecbbd3fb683e5319a028f470e733edeba7f3b27ad5694354e,train
5b47043942f4,0,/content/aptos2019_raw/train_images/5b47043942f4.png,PNG,RGB,614,819,309477,valid,,b45dc32b846b617d2ef7551a22a0cf478f6a90f2c6e2d7737007ccc056a0ca69,train
5b5b80a3edee,4,/content/aptos2019_raw/train_images/5b5b80a3edee.png,PNG,RGB,1958,2588,5429990,valid,,7ba63fc88cc05368fecb3a8ed66be12d103f487336843f6cae42321ab8a4a0e7,train
5b644a403e1f,2,/content/aptos2019_raw/train_images/5b644a403e1f.png,PNG,RGB,1736,2416,2361614,valid,,389b1dd94af65a114b52d43c0cf35b8579046087eb45a6f6c647bc98d70ee23b,train
5b72ff04333d,1,/content/aptos2019_raw/train_images/5b72ff04333d.png,PNG,RGB,1736,2416,2131815,valid,,1f80587c75388ddb7121308b7fb80412cee5db48eaf1669f3ac1cb31994dea71,train
5b76117c4bcb,4,/content/aptos2019_raw/train_images/5b76117c4bcb.png,PNG,RGB,1736,2416,2250069,valid,,a618d68c358ae2e376974f8ad1a0b63e809e2874a3fbbf08879776185e724ed4,train
5b804948e35f,1,/content/aptos2019_raw/train_images/5b804948e35f.png,PNG,RGB,614,819,345458,valid,,18f9c46c1aeda00244d49daad26e9b59b2139245e65d010146fc000555f8b16d,train
5b994ff78547,0,/content/aptos2019_raw/train_images/5b994ff78547.png,PNG,RGB,1050,1050,1045356,valid,,186fd60dfe5a6065242664de6efcd4ad1492d6a26d2d3d4b0fd30c7ec4505e97,train
5ba156a35ff2,0,/content/aptos2019_raw/train_images/5ba156a35ff2.png,PNG,RGB,1050,1050,1110632,valid,,17f00c0569fb9fe6efd55edfd35d0bcc7a26c1bcc162a37e29996b130e33ec91,train
5baed382f062,0,/content/aptos2019_raw/train_images/5baed382f062.png,PNG,RGB,614,819,268382,valid,,91b74e5827f01a7435d971cc72ae0104ca844ab519aca0e9571b42df7884ad29,train
5bda2ed09e62,4,/content/aptos2019_raw/train_images/5bda2ed09e62.png,PNG,RGB,2588,3388,7005786,valid,,314c3b35bb7c67bc43276c31aaa1fd3d9137c463fcc117f3b38e19098a6328c3,train
5bea250d8bf5,0,/content/aptos2019_raw/train_images/5bea250d8bf5.png,PNG,RGB,1050,1050,953421,valid,,dc70ec7edb51b3d7f54ebcc81f92dcd1f1b76ff62a71a3c429d1dbdf8c520d6e,train
5bf3357a2823,0,/content/aptos2019_raw/train_images/5bf3357a2823.png,PNG,RGB,1536,2048,1784344,valid,,e2b887c571dd5f4caf5faf61394746bade45ba2dc00ad69c2a4b19c4af3a3fec,train
5bf6f2958e53,0,/content/aptos2019_raw/train_images/5bf6f2958e53.png,PNG,RGB,1050,1050,913842,valid,,af280c1d86b52c2ef95ebc25824a9f3329146bdb2a21a91e6447bc080ba021c7,validation
5c6194562ed2,2,/content/aptos2019_raw/train_images/5c6194562ed2.png,PNG,RGB,2136,3216,2115773,valid,,eebe2c301008c0168d783493ce42d6d631d37758149531c54fe7c812c4205210,train
5c7ab966a3ee,4,/content/aptos2019_raw/train_images/5c7ab966a3ee.png,PNG,RGB,1958,2588,5020783,valid,,a71b2619ba2baa526a898dd275b6d1324e7457586c4d150de9e7612678b7b08a,train
5c817060c0ed,0,/content/aptos2019_raw/train_images/5c817060c0ed.png,PNG,RGB,1050,1050,1047675,valid,,63ccf965e5b87ced371572d9a5c30db06660724f04f38ceae24d4c2a10cd1891,train
5c8482926a08,2,/content/aptos2019_raw/train_images/5c8482926a08.png,PNG,RGB,2136,3216,2893598,valid,,6d3ea27242d3d6b624ced0bc462bd7dfb32134165e14ad044f56e68d0cae3708,train
5c85d22bd0de,0,/content/aptos2019_raw/train_images/5c85d22bd0de.png,PNG,RGB,1050,1050,923113,valid,,91d65acc82c73437b8dab5e90794bfdf7363045e3b07c2d027109f619bf548bd,train
5ca73d28f17f,0,/content/aptos2019_raw/train_images/5ca73d28f17f.png,PNG,RGB,1536,2048,1913158,valid,,945fcf1333893df6e5166a273518201aefb92f09aa50db07b862106c8c6e9e7e,test
5ca779ace6e7,0,/content/aptos2019_raw/train_images/5ca779ace6e7.png,PNG,RGB,1050,1050,967226,valid,,7e342edb6d652b1ffd51d3797282f95385385be32867540e17c03781d758a8e0,train
5cab3ef4b31c,1,/content/aptos2019_raw/train_images/5cab3ef4b31c.png,PNG,RGB,1958,2588,3616118,valid,,3ae605f8ad35114fa9281e498f11c3bf82c4b67fec02630c4d5eef0ca6281ced,test
5cbe88914a72,0,/content/aptos2019_raw/train_images/5cbe88914a72.png,PNG,RGB,1050,1050,1015426,valid,,21a1784f0d9369c2a2d2b27a78430fbe8a43f67976ff7251b4e3196b89fb36f1,train
5cc6dea19614,2,/content/aptos2019_raw/train_images/5cc6dea19614.png,PNG,RGB,1958,2588,5143043,valid,,8ff3d1b64cce99a918feb9dc2aeee13e251593a5c10bab12ba20f46a8b4ff0ec,train
5cde55f745af,2,/content/aptos2019_raw/train_images/5cde55f745af.png,PNG,RGB,1736,2416,2051090,valid,,e0f603103b794b28e163885ef7bb812948aa8165056c6bd27444f20e93d0d181,train
5ce5eeaf757a,0,/content/aptos2019_raw/train_images/5ce5eeaf757a.png,PNG,RGB,1536,2048,1767650,valid,,74b3ab22e334d85d5e2a06795148dd965f697249497df1d4180895966178c60a,train
5cf9127f251a,2,/content/aptos2019_raw/train_images/5cf9127f251a.png,PNG,RGB,2136,3216,3576077,valid,,3004671a72ef0d46a8e42c63245b8dba4a3ffe9b21873949510997490cceea2d,test
5d024177e214,2,/content/aptos2019_raw/train_images/5d024177e214.png,PNG,RGB,2136,3216,2176193,valid,,956edd56d9706aee986aeb522fa763ebcf38144891d32a8cd5e43df69bef3f9f,train
5d3c8c1f57da,0,/content/aptos2019_raw/train_images/5d3c8c1f57da.png,PNG,RGB,614,819,305903,valid,,0dc361b018e0eeeca7be8157d1314ccdef163292c6347cfe3ea20d94ebe78990,train
5d4e5fd34d91,0,/content/aptos2019_raw/train_images/5d4e5fd34d91.png,PNG,RGB,1536,2048,1828667,valid,,59c0efcfe96fefa66ba68ebd101b5e5cf91166fcde6919a60741427e9f05ae25,train
5d5b5da5f939,0,/content/aptos2019_raw/train_images/5d5b5da5f939.png,PNG,RGB,1050,1050,1082753,valid,,1909fe3378de9f682024aac43479b441b0033cfe70cb3190d2d440ea9a8a10b2,train
5d6239c0fd39,0,/content/aptos2019_raw/train_images/5d6239c0fd39.png,PNG,RGB,1050,1050,904218,valid,,98f6640e7c57471a544c6e8f0485b7c90fca639e482a450d80a4fcb6cd2876c0,validation
5d74f98d62be,4,/content/aptos2019_raw/train_images/5d74f98d62be.png,PNG,RGB,1226,1844,733061,valid,,d6b5df90cc2b3b238f61f125a73024751cba6e7b3e90acca5dd596b18a310bc7,validation
5d9c841eb245,0,/content/aptos2019_raw/train_images/5d9c841eb245.png,PNG,RGB,1536,2048,1935355,valid,,795d02023fad6ecbede40b9f0c3b48addf0b1dd7a7f3a945199f2ea3cac3e2e4,train
5db2e3a4594a,0,/content/aptos2019_raw/train_images/5db2e3a4594a.png,PNG,RGB,1050,1050,919912,valid,,b80a04c88d6c68b7dbb7cef901d8a9f2625a84838bcd736b677033a2af8dd72e,train
5db895d3f1fc,0,/content/aptos2019_raw/train_images/5db895d3f1fc.png,PNG,RGB,1536,2048,1735970,valid,,ec2e55031fac7020cbc3efe69db09e66254e3774646d92dc8fdd5c1fd607bb27,train
5dc23e440de3,2,/content/aptos2019_raw/train_images/5dc23e440de3.png,PNG,RGB,2136,3216,6048552,valid,,4007c77b769fd79e701ff9c74837344d4e01987dfd7d584cbe142610aa83aa2b,train
5dd2e26fc244,4,/content/aptos2019_raw/train_images/5dd2e26fc244.png,PNG,RGB,1050,1050,831701,valid,,2c7a9371fdc47b3116570316c86498839c2525f52ad61f4b5e3ccf1602427c70,validation
5de4615a5161,0,/content/aptos2019_raw/train_images/5de4615a5161.png,PNG,RGB,1050,1050,938443,valid,,f87e7510caac16c44dba03317558cf668592de384cd49fe8114df56d5486b97f,train
5e18af29d812,2,/content/aptos2019_raw/train_images/5e18af29d812.png,PNG,RGB,1736,2416,2251091,valid,,b185349f2b59af1545b019b6aa20822896b22ce2bc5fee8e4960721dee459811,validation
5e505e25cd3e,0,/content/aptos2019_raw/train_images/5e505e25cd3e.png,PNG,RGB,1536,2048,1911758,valid,,f25a1a0ad62767a02a4c2ed40cf0e0a86675a222866a040c99cfdddd4dc475e9,train
5e5275ddee29,0,/content/aptos2019_raw/train_images/5e5275ddee29.png,PNG,RGB,1050,1050,1052361,valid,,81431a6c4b34a18aed6d45c534579fb3ea7fd4fc1a953b68f19cb2f865b13f3d,train
5e52c9fe676f,2,/content/aptos2019_raw/train_images/5e52c9fe676f.png,PNG,RGB,1958,2588,3277270,valid,,c954dedb6027b43a6535ccbc96e7bc72ddd8e24aac0485b8e632b49b91cee79e,train
5e7630f8438e,2,/content/aptos2019_raw/train_images/5e7630f8438e.png,PNG,RGB,2136,3216,3544462,valid,,58dc74b09171ae968a111b3ed1edc2022ea36d15119c9d0efcbded68f668e5f0,test
5e7cc6ab4ac4,2,/content/aptos2019_raw/train_images/5e7cc6ab4ac4.png,PNG,RGB,1736,2416,2043582,valid,,23e256e4fb769d7d1a5fcb60d1715632e8c8bf6000fa44ccec412d16d1cf15ca,train
5e97cb2b0888,0,/content/aptos2019_raw/train_images/5e97cb2b0888.png,PNG,RGB,614,819,326761,valid,,8f637680d449baf77f5f1eb2bc4924040251d4df7549bec20c4b8ef7a01b7bbf,train
5ea9e447bb62,0,/content/aptos2019_raw/train_images/5ea9e447bb62.png,PNG,RGB,1050,1050,993028,valid,,ea73e1a4400dca3117e37aaf1d578306ff0b6bfc695a45d8928ada46d9a5481e,train
5ead17e894ae,0,/content/aptos2019_raw/train_images/5ead17e894ae.png,PNG,RGB,614,819,325321,valid,,daa1c87dc8b4822e724ec589133532613c2ed21269e279ee32c1ca18869d01db,validation
5eb8fb1aad41,0,/content/aptos2019_raw/train_images/5eb8fb1aad41.png,PNG,RGB,1050,1050,1049056,valid,,cf6a730cf71ceec2b25f7ade3a73ace609388fa21b41372fa4529013ee9f293a,test
5ed6dc419e4d,2,/content/aptos2019_raw/train_images/5ed6dc419e4d.png,PNG,RGB,1736,2416,2177361,valid,,8e6e2e45db82cc10840d3c9d86cf4d602696aaaf8f44259f5fb649dabc5e424a,test
5efa24b03d5e,1,/content/aptos2019_raw/train_images/5efa24b03d5e.png,PNG,RGB,1944,2896,2495784,valid,,dd5010e8e96879e2f153a90b8d8b19e4502556b053c499244cc356b3d9074468,train
5f13e8a07344,3,/content/aptos2019_raw/train_images/5f13e8a07344.png,PNG,RGB,480,640,314473,valid,,e13247f157186f5e4eccca22863fc5f4f9ef711c647c5f028adf1f2cd17344ae,train
5f4a8c074bd5,0,/content/aptos2019_raw/train_images/5f4a8c074bd5.png,PNG,RGB,1050,1050,1065085,valid,,dbd956d240c2333f5311964bf6b8882d30ffa0f86286fe802904c24a571a1cc5,train
5f51192841f7,0,/content/aptos2019_raw/train_images/5f51192841f7.png,PNG,RGB,1050,1050,934060,valid,,f077c0dee2436ea87a5c3c4fbb237b0580408ccb883182324f0db2af2ff42102,train
5f6db235c04d,0,/content/aptos2019_raw/train_images/5f6db235c04d.png,PNG,RGB,1050,1050,946965,valid,,ba136b1ff5fcbf3d8da0b767a88a5e597cf99d3d7b84020becceab16914623a1,train
5f70ad48a525,2,/content/aptos2019_raw/train_images/5f70ad48a525.png,PNG,RGB,2588,3388,7226391,valid,,c02485dfba1ea57fc22153bda69d0b9b2cd17d742803fd36009c5f71f305e9ad,train
5fcff7280019,0,/content/aptos2019_raw/train_images/5fcff7280019.png,PNG,RGB,614,819,365845,valid,,5b1b560a2807b3b55a05b5ec7ccf44105a92584156e46f3f5f0343f28687bc2f,train
6028a575dc27,1,/content/aptos2019_raw/train_images/6028a575dc27.png,PNG,RGB,1736,2416,2269700,valid,,b4a358dc65a05c188cc820991591677ae251c82ed7241ab54a4035319edd93e3,validation
6061f5b7378d,3,/content/aptos2019_raw/train_images/6061f5b7378d.png,PNG,RGB,1944,2896,1769837,valid,,13d439cd79522de6c4cfd79c608dd2b4f6f2b9bce86cbd5a365fad1814da6b2e,validation
606daaf0bfc7,0,/content/aptos2019_raw/train_images/606daaf0bfc7.png,PNG,RGB,614,819,377245,valid,,dc450ba216f98b16589dafb07adce0a02700c13ea86e8ccbacbb7f152b73967c,train
6089fa333013,3,/content/aptos2019_raw/train_images/6089fa333013.png,PNG,RGB,1958,2588,5202706,valid,,6371781c500df6012a8f4287b70033a0e33f26decf82c1eccb6468b49435c2ab,test
609be3ca5ddf,0,/content/aptos2019_raw/train_images/609be3ca5ddf.png,PNG,RGB,614,819,310899,valid,,3f597af4faaca492ede31223c6299404c03dba6d28c4061615b5eb3d57c59f7c,validation
60aa4e649abf,0,/content/aptos2019_raw/train_images/60aa4e649abf.png,PNG,RGB,1958,2588,5536168,valid,,a347b1566975192f4fe4d252f61f0fbdaa189403dfa1dfecd8f6c2d81aa8b4ed,train
60e269e3e188,2,/content/aptos2019_raw/train_images/60e269e3e188.png,PNG,RGB,1736,2416,2164971,valid,,4f6d990c86cb000bf1d68644aa588f1ff4316e41504b5af5e1b5d2a329370efd,train
60edda7b4871,0,/content/aptos2019_raw/train_images/60edda7b4871.png,PNG,RGB,1536,2048,1900756,valid,,f5fe7424dffc233db4608ad8dc870c575a291af0adbe917bb6a0fde4c1f12ee1,test
60eeae3ba23d,2,/content/aptos2019_raw/train_images/60eeae3ba23d.png,PNG,RGB,2136,3216,2137583,valid,,cc88047368ba0e7895dbc36af0343e7fcf7d1af43a07c86fb1750ab8201271cc,train
6107a2e9f60e,0,/content/aptos2019_raw/train_images/6107a2e9f60e.png,PNG,RGB,1117,1476,2271563,valid,,431659fe68b77738cf4656deb608f824341e6a8578af039b396ff8fee9ec4acb,test
6110ecb3bb1c,0,/content/aptos2019_raw/train_images/6110ecb3bb1c.png,PNG,RGB,1050,1050,1035006,valid,,505dfe66b8ed0b26e440b172c1d9fa52fb8116a03a46f9da05951375455a038e,train
612f2df37a1d,4,/content/aptos2019_raw/train_images/612f2df37a1d.png,PNG,RGB,1736,2416,2130654,valid,,8693057bf207a3c590e10c2de7ea78328d4dce0e3ec1744e09ca23746e4c3307,train
613028ede6a0,4,/content/aptos2019_raw/train_images/613028ede6a0.png,PNG,RGB,1050,1050,940222,valid,,4ab619853c97457879c6b3d19262813dfbcf0fa91d1a453e9cc23017530463ea,train
613bacb35c05,1,/content/aptos2019_raw/train_images/613bacb35c05.png,PNG,RGB,1736,2416,2132002,valid,,a0f548e16c0bfd5725c692e9b0c9a5267cf08756e9a64d62b863248351ec44ba,validation
6155cf375354,0,/content/aptos2019_raw/train_images/6155cf375354.png,PNG,RGB,1050,1050,913189,valid,,bfb150f4f537cebe4be60240964f4187264fabfcd497f9e2ffd7c35f7ce7b764,train
6180920bc224,0,/content/aptos2019_raw/train_images/6180920bc224.png,PNG,RGB,1050,1050,935422,valid,,2747f8f7d2d3418750650ee092dcc6cb52e05cb6c35cca1d94906895946ff946,train
6181aa9f75f4,3,/content/aptos2019_raw/train_images/6181aa9f75f4.png,PNG,RGB,1958,2588,3782645,valid,,671c9ae7026dd5c9faf7d5b8da0ed4937c90e5bcc72b3008935a144c6c0941b7,train
6194e0fff071,4,/content/aptos2019_raw/train_images/6194e0fff071.png,PNG,RGB,1226,1844,895183,valid,,ef6b34986e932e177193d3f5a69ffc3107037f85d0aa3a199bd0cf1724bca571,train
61a62b1dcc36,0,/content/aptos2019_raw/train_images/61a62b1dcc36.png,PNG,RGB,1536,2048,1768411,valid,,e1b2347c0ccbc79875668997a361fdc3321af9d99204b4969af54301012cbfeb,test
61ac9b0dc6b9,2,/content/aptos2019_raw/train_images/61ac9b0dc6b9.png,PNG,RGB,2848,4288,4568466,valid,,4115fe2392fef7b86bc695900630b968efaa2a8e13c163dee1423215a37cf66a,train
61bbc11fe503,4,/content/aptos2019_raw/train_images/61bbc11fe503.png,PNG,RGB,1736,2416,1995410,valid,,f6d5d20f890816c430bb90f9b28c385091e26a8ac422ec3e9dc2da86f4831fdd,train
61bbe8db6f3a,1,/content/aptos2019_raw/train_images/61bbe8db6f3a.png,PNG,RGB,1736,2416,2183953,valid,,f0814cafa3cdfc0fd6270ae5f5eb06d8305cfa97888d7796c60c06e86f85c36d,train
61c2fbd16e38,2,/content/aptos2019_raw/train_images/61c2fbd16e38.png,PNG,RGB,1958,2588,5208884,valid,,bc3f03a7c0c81b3c5e4c3f195f9ea911775d93323ded91d9c78e073086c941ad,train
61c667663f2f,0,/content/aptos2019_raw/train_images/61c667663f2f.png,PNG,RGB,1050,1050,1015135,valid,,19042c9bb45f52a8ee297c71c9b14dd055790e1ef2ad6a4b5b9af9c76d9be21a,train
61d9c88a3a4b,0,/content/aptos2019_raw/train_images/61d9c88a3a4b.png,PNG,RGB,1536,2048,1745637,valid,,6b8341aac91ae3c0a2109a735659f8227c6bd56318fc9a49acf28d304aa2947c,test
61da799bf0aa,0,/content/aptos2019_raw/train_images/61da799bf0aa.png,PNG,RGB,1958,2588,5071628,valid,,dd2aefd0d3f256a8459177adbf6ed3fb53c33594104916d855c6af2cf906582e,train
61e301bd3c25,4,/content/aptos2019_raw/train_images/61e301bd3c25.png,PNG,RGB,2588,3388,7381274,valid,,5208f11d821d48c767e238269085aadaa06426221fb3ee03a56b5e9d298fd287,test
61f403fdb434,4,/content/aptos2019_raw/train_images/61f403fdb434.png,PNG,RGB,1958,2588,5518468,valid,,e2e408beee7c1a44aabc662522a175019d56b016f635d25b3385515b2bcb21d5,train
62318d514160,4,/content/aptos2019_raw/train_images/62318d514160.png,PNG,RGB,1736,2416,2093954,valid,,9f482205c53a0f79a95338e794a43ede64ece34321b6419ee5e020007d725ae4,train
624fb7317106,2,/content/aptos2019_raw/train_images/624fb7317106.png,PNG,RGB,1736,2416,2147915,valid,,60cdc1c2aa3c5c252f494f790ff1e597cf3479dc435291bbfcf08ab164648475,validation
628b581aa905,0,/content/aptos2019_raw/train_images/628b581aa905.png,PNG,RGB,1536,2048,1848942,valid,,17cda42103a3e5757a5788c1a18d104483137e6ef4f4db90b707b220ecf8eea1,train
6294b378d09f,0,/content/aptos2019_raw/train_images/6294b378d09f.png,PNG,RGB,614,819,286512,valid,,c071ebe26d40e2b9283b9ddc4050306b031e70e0490b3d1befa15de85d03f878,train
6298468d7d75,1,/content/aptos2019_raw/train_images/6298468d7d75.png,PNG,RGB,2588,3388,7116816,valid,,37de152c15605d8a301495a51d815e19c22f3eb6dbcd2238fc925e523691bdf4,train
62ab144d5cee,2,/content/aptos2019_raw/train_images/62ab144d5cee.png,PNG,RGB,1424,2144,2939621,valid,,87faf451f28e87c5e6a1c56c5b33c64c352c2540d12e6b283955ad2b78c4c0fa,train
62b4be2799ca,0,/content/aptos2019_raw/train_images/62b4be2799ca.png,PNG,RGB,1050,1050,996377,valid,,f4f94d8e3cb2dd5c41c8a100d4ac1dfe768cc5ef858947a5709acad4930cd0da,train
62b826899151,0,/content/aptos2019_raw/train_images/62b826899151.png,PNG,RGB,1050,1050,1011354,valid,,b97dfb7b8b9a3db8cafeb5e0bd82cfce764ff15063bb1bcb1cca8c40197f875d,train
62cc7ddb53b6,2,/content/aptos2019_raw/train_images/62cc7ddb53b6.png,PNG,RGB,2136,3216,3633561,valid,,3b532db5c24b999dc3e126af6306a9afa729d564539c7c53a0f1f6786a1f68ff,train
62e6f814c8f5,2,/content/aptos2019_raw/train_images/62e6f814c8f5.png,PNG,RGB,1736,2416,2082415,valid,,dbb7fe446590d11bb49b02cdd617749dd62743ee74a4ffeda1dc3ded5a34bbbb,test
62ecdc90dd42,2,/content/aptos2019_raw/train_images/62ecdc90dd42.png,PNG,RGB,1050,1050,1017492,valid,,6ab526a48cc6672336252f44ba702fdf283e7fecbfb817305a4f2936b3d8162c,train
6324d77cf926,0,/content/aptos2019_raw/train_images/6324d77cf926.png,PNG,RGB,1050,1050,1043395,valid,,d2716fbf4ec00d88d677310cc41817933af8ed2d56b8ef6f7e5eff1f445212f1,validation
63363410389a,1,/content/aptos2019_raw/train_images/63363410389a.png,PNG,RGB,1736,2416,2164051,valid,,5ded8e0d1cc8bb32bb9f0e99917d2d5e4168db7d4ed4a504bab24c7b9f06bdcb,train
633fe9dbaf39,0,/content/aptos2019_raw/train_images/633fe9dbaf39.png,PNG,RGB,1958,2588,2445339,valid,,d482c03445613ea0b45c491784fde0319c95f8d8328a761756269bb2fd5865c1,validation
6363b360aefb,2,/content/aptos2019_raw/train_images/6363b360aefb.png,PNG,RGB,2136,3216,2871679,valid,,719d24fdb7da98832bebebb1ad4f7beb231fcfc929fb6e384105119042088909,train
6377e23928f6,1,/content/aptos2019_raw/train_images/6377e23928f6.png,PNG,RGB,2136,3216,2913202,valid,,cb28f40beedbf1ee2926483b3ead0c13e2cf0902e3d2110d555d7a9d208a36df,validation
639915f58a2f,0,/content/aptos2019_raw/train_images/639915f58a2f.png,PNG,RGB,1050,1050,1019274,valid,,a701335403e17c2d159a408848cabbc811d6fe48eb1ba4b2252ba963102cc189,test
63a03880939c,1,/content/aptos2019_raw/train_images/63a03880939c.png,PNG,RGB,1736,2416,2055886,valid,,f3c3ee6a2e247f0b40f829c5cf7ada14cc2b7004c5a6262a337329b379007343,train
63b4d030b016,4,/content/aptos2019_raw/train_images/63b4d030b016.png,PNG,RGB,1736,2416,1860980,valid,,3d0215fa4d8aaea553dee597aef26afd3da775325cabe8be1f5abb994876633b,train
63b71347e95d,0,/content/aptos2019_raw/train_images/63b71347e95d.png,PNG,RGB,1050,1050,899047,valid,,0396c672a1750ac37496fe87e9bda8d3d3951e1723ffb959fa8fcf63277369d3,train
63c0eafd6aa9,0,/content/aptos2019_raw/train_images/63c0eafd6aa9.png,PNG,RGB,1050,1050,1074123,valid,,0be0dc9f1fff55613eed63e480b1bb550c8e59d392e8c33e0b68c8e22b27cc1e,train
63c3c571b8ee,2,/content/aptos2019_raw/train_images/63c3c571b8ee.png,PNG,RGB,480,640,330760,valid,,c3086aef7019189447de4614bf524a4c81d28bc5d2da41d3cb993c261cc01537,train
63c7b0265775,0,/content/aptos2019_raw/train_images/63c7b0265775.png,PNG,RGB,1117,1476,2049175,valid,,6cdaa41d60308c5fe642507bb701f8c60754d1f72a0e0c29e98da75d57573ed8,test
63d217b059b6,2,/content/aptos2019_raw/train_images/63d217b059b6.png,PNG,RGB,1736,2416,2087331,valid,,67e3721dea8a33b0a08dacde633d3ee8ffe6e4c22b65bfc231c18b3f385c0317,train
63e041a757eb,0,/content/aptos2019_raw/train_images/63e041a757eb.png,PNG,RGB,1958,2588,5549658,valid,,4bf7d17ad03dbae02342d076e1ddc21f14ca161177d214cacb41478781200b26,train
64678182d8a8,1,/content/aptos2019_raw/train_images/64678182d8a8.png,PNG,RGB,1736,2416,2148090,valid,,483701a0c4399db3ab4ec9017d8022afce338d844096b415e72e036edc85dad4,test
64a13949e879,2,/content/aptos2019_raw/train_images/64a13949e879.png,PNG,RGB,2136,3216,3524799,valid,,b6fc79c1040c5e71af2d29345ef049e306df4541520531402694a162fa861974,test
64ac539f58cb,0,/content/aptos2019_raw/train_images/64ac539f58cb.png,PNG,RGB,1536,2048,1906845,valid,,47f839ece3a9439cdac59104fb4e351a4f2757046d35c7754926e27d781420c1,train
64b9206afb3f,0,/content/aptos2019_raw/train_images/64b9206afb3f.png,PNG,RGB,1050,1050,915629,valid,,c987bce8ebae0cc1a9d64b78e1b0f269a3eb0680be1b16846c74be04fe99ff91,validation
64bad93fde3f,4,/content/aptos2019_raw/train_images/64bad93fde3f.png,PNG,RGB,1226,1844,1135691,valid,,93d5b99f70c84f7ff49b27552f07e1b01274a5254841035e7e502a3b8722066a,train
64c6c6ee0d98,0,/content/aptos2019_raw/train_images/64c6c6ee0d98.png,PNG,RGB,1958,2588,5255759,valid,,a611c7e318c9c86c965ffc30ec35265d2c3548ca98401a1a9e7544c86a846a71,train
64eb5a79dfdd,1,/content/aptos2019_raw/train_images/64eb5a79dfdd.png,PNG,RGB,1958,2588,4558904,valid,,2e4c11d9824d96fe231de9055dbb489ec8a9f057dbc743086327e4e6d5338ff2,train
64fedbf97473,4,/content/aptos2019_raw/train_images/64fedbf97473.png,PNG,RGB,1958,2588,5171947,valid,,74b658f350f2bc18512e42137b34e0f92e84321913482e7268a4f8b9dcf3a4a3,train
650104ede84c,0,/content/aptos2019_raw/train_images/650104ede84c.png,PNG,RGB,1050,1050,1041412,valid,,d67a0ec88614eac778938e29fa06c9e74015ef3554f3ce7c7fecdb20926a2be0,train
6504b703c429,0,/content/aptos2019_raw/train_images/6504b703c429.png,PNG,RGB,1050,1050,898448,valid,,f72aca996cc53fdb18ca914c42995f94f80c11984fa5ab4024d3f8f4422da4f3,validation
650fbed3fdca,2,/content/aptos2019_raw/train_images/650fbed3fdca.png,PNG,RGB,2136,3216,2257233,valid,,ec1c9e0cfc2a174ce1bb5c41a122df3f8adfc06795454c8046c2303905a059c1,validation
6531070bf03c,2,/content/aptos2019_raw/train_images/6531070bf03c.png,PNG,RGB,2136,3216,2468798,valid,,ee8d633313f2dc89ed59e2c5b515300f86994e5236313e34f1b7470d5b63ed4b,test
653534ded339,2,/content/aptos2019_raw/train_images/653534ded339.png,PNG,RGB,1050,1050,942235,valid,,d0dc5364c4be2748519c6874ea37579ea954dfd96b5a0b175c39e2055241c0a7,validation
655cafb4c932,1,/content/aptos2019_raw/train_images/655cafb4c932.png,PNG,RGB,1736,2416,1882579,valid,,479c0270137c86f56b0206aa6fb2a1d7c309807973fe105405f42c2d567da2d3,test
657859f893d9,2,/content/aptos2019_raw/train_images/657859f893d9.png,PNG,RGB,2136,3216,3056158,valid,,47908ce214d289ca3bc2f765f247811c72646a93785c015d7e14a1a0557282db,train
658ad9f09f5d,0,/content/aptos2019_raw/train_images/658ad9f09f5d.png,PNG,RGB,614,819,298320,valid,,7e47b325bdf3bdf4fc0362b8406cda91f08dabd4979bfa060a8a314ed6f5d77d,validation
65a3b13ad9a0,0,/content/aptos2019_raw/train_images/65a3b13ad9a0.png,PNG,RGB,1736,2416,2246266,valid,,95967160fc86fd17faba5bd1ef3714f9368e04896256ea7ef6aa44e6be71e415,train
65a7fe9482fe,0,/content/aptos2019_raw/train_images/65a7fe9482fe.png,PNG,RGB,1050,1050,1050561,valid,,3a463b39777128fcf1e973262fb30c91b4d2273e622c9cfe43bc1b056b71272a,train
65c958379680,4,/content/aptos2019_raw/train_images/65c958379680.png,PNG,RGB,1424,2144,2808247,valid,,6c2b470b6f3f5f2c1018281e484f63347739e0788958611fb20573241d2d2879,train
65cf00be6fb4,0,/content/aptos2019_raw/train_images/65cf00be6fb4.png,PNG,RGB,614,819,300647,valid,,bc1b7ece6852a3e1aab5ef6a209f41939d7d6a4626d8ba074d8806027fb6a8b1,validation
65dda202653d,0,/content/aptos2019_raw/train_images/65dda202653d.png,PNG,RGB,1958,2588,5140521,valid,,86d8a9f0113f7e3133f5c5ef84aa9e4ceafa20238c3d4c6d5f838b86bb293a76,train
65e120143825,4,/content/aptos2019_raw/train_images/65e120143825.png,PNG,RGB,1736,2416,2113447,valid,,120046fc51b30b7bce1ebf7f7650eb1641254d5557b7a154d491a7373822811e,train
65e51e18242b,1,/content/aptos2019_raw/train_images/65e51e18242b.png,PNG,RGB,1736,2416,2454927,valid,,f8ca883115a4b53528fe20c2c6c8cbbad77f80d4737fb2513770459889a4680f,train
65e530ee2e79,2,/content/aptos2019_raw/train_images/65e530ee2e79.png,PNG,RGB,1110,1467,2160549,valid,,aba68a0e95cfc88010c4559e8698cb3f583a54b289a19d1a5670d0d1b7d209ac,validation
65e6f1bd9875,0,/content/aptos2019_raw/train_images/65e6f1bd9875.png,PNG,RGB,1958,2588,5397881,valid,,c0c60bb733431c7e90a183c91b2d8883d5755d74255d20dfdc0162d81e48d712,train
65f5d2a6eb7e,0,/content/aptos2019_raw/train_images/65f5d2a6eb7e.png,PNG,RGB,1050,1050,906584,valid,,5d44a8b8c4d45574842ac7b35f43942b71d685ffd229caed1630c4ab50be0722,train
65f69234c8a7,0,/content/aptos2019_raw/train_images/65f69234c8a7.png,PNG,RGB,1050,1050,1007066,valid,,f506f3d8987e111f864d802b3035162d57559b931c1f4ae46005d723edf37307,train
6630f8675a97,4,/content/aptos2019_raw/train_images/6630f8675a97.png,PNG,RGB,2848,4288,5205560,valid,,844129dda376371b1ebe17cb16987710ce2915d8211c3ef83741d671560eb27a,train
66366a90d1ef,0,/content/aptos2019_raw/train_images/66366a90d1ef.png,PNG,RGB,1958,2588,2588361,valid,,a63028fc0132075e9c4613b2c68b341d13898ae054848958b9c16afb13685ecb,train
66375b3c64db,4,/content/aptos2019_raw/train_images/66375b3c64db.png,PNG,RGB,2588,3388,3698336,valid,,41fde3c0eb13cbd4ff4205b0c98685c9ea3402e6a06605929c05447de65ec48a,train
66393d8c60ba,0,/content/aptos2019_raw/train_images/66393d8c60ba.png,PNG,RGB,1050,1050,1064733,valid,,60ab8bad617818aa6caf7452560e7460c818d800b0b763d9378468b607779ec8,train
663a923d5398,2,/content/aptos2019_raw/train_images/663a923d5398.png,PNG,RGB,1958,2588,5171821,valid,,2a3051959944d55202f57174f74f0850f7967b0934f5d86438f6edc8906fc88a,validation
66460ecab347,0,/content/aptos2019_raw/train_images/66460ecab347.png,PNG,RGB,1536,2048,1760429,valid,,8f02c43e09f51169d9f700b4e67272fd4aa130dea9743a0c39d799bf1da60b27,train
664b1f9a2087,4,/content/aptos2019_raw/train_images/664b1f9a2087.png,PNG,RGB,2136,3216,2710908,valid,,eddd6c4c86d13824dd44ae9983e32f17b1c1ed57c5a7ba0d9a56bd0bbdb0ae06,test
6653ad026901,0,/content/aptos2019_raw/train_images/6653ad026901.png,PNG,RGB,1050,1050,959721,valid,,9326f775edc031ace72c1ec7948caf490e551a95809f807de6946b3c2df4a11f,train
665ce639a331,1,/content/aptos2019_raw/train_images/665ce639a331.png,PNG,RGB,1736,2416,2160256,valid,,e2f85bfcfd4da3f46f1fcb75215be39d6a4e9361eb7c16189d6973326e82e989,validation
6666c4f18396,2,/content/aptos2019_raw/train_images/6666c4f18396.png,PNG,RGB,2136,3216,5962073,valid,,0fa4baa55bc16fc8141cad9f51154871cd46b69872ce64738602ab6947d9a547,train
668a319c2d23,0,/content/aptos2019_raw/train_images/668a319c2d23.png,PNG,RGB,1050,1050,1056326,valid,,1ce20cc615e093e7b9584b848706de63a4d1cfba5b85c1bf8556d02e808c40e2,train
668e853258cd,2,/content/aptos2019_raw/train_images/668e853258cd.png,PNG,RGB,1958,2588,5070598,valid,,4a21f0f6eed2873089a75cfae1acc28d795c474ee154e60332468b1d665c5ab4,train
66a0bf258013,4,/content/aptos2019_raw/train_images/66a0bf258013.png,PNG,RGB,1736,2416,2258460,valid,,2b4f4a691689345df4a2553027baddaf4c8a0c143dbd0b0eb27338ce14373b5f,test
66b88a4bc474,0,/content/aptos2019_raw/train_images/66b88a4bc474.png,PNG,RGB,1536,2048,1914178,valid,,eaf02ebfa71cdf6e3b95709d2eefbd820ba974fdc14706b2003c9436d65da96b,train
66bae1ba227f,2,/content/aptos2019_raw/train_images/66bae1ba227f.png,PNG,RGB,2848,4288,4414893,valid,,fe38a07f4d38a0bd583dba53dfaea98e3f0f02faa444e66ae923c5f0c48fb39c,train
66bfec8d6bcd,0,/content/aptos2019_raw/train_images/66bfec8d6bcd.png,PNG,RGB,1050,1050,949534,valid,,0ec4f5f866aee0629ebe49cfb71a76cc09c65dcc95a31531b31085fdcbbaa7d8,train
66cd9c28e636,1,/content/aptos2019_raw/train_images/66cd9c28e636.png,PNG,RGB,1736,2416,1844671,valid,,25258c19bbabce84b965215a5ef9ad442c0e22cf7d3af84ca6c55eb9208e123b,train
66d2ca47aa44,2,/content/aptos2019_raw/train_images/66d2ca47aa44.png,PNG,RGB,1958,2588,5043319,valid,,61546016249a2e80448b3d1f18fe7c08df5edcdb44b498e57def6e8f0df56ca4,train
6733544ae7a6,2,/content/aptos2019_raw/train_images/6733544ae7a6.png,PNG,RGB,1958,2588,3257901,valid,,6d92555b1a71641729452d61932b6a849e8cefabae70bd86db0b95dc287127f0,train
6735931000ec,3,/content/aptos2019_raw/train_images/6735931000ec.png,PNG,RGB,2136,3216,3280752,valid,,03358d8b07ae09e8c7937e7f39bce7f164c7ffb0061c32a6c4a875e51d345e3d,train
674057ab250c,2,/content/aptos2019_raw/train_images/674057ab250c.png,PNG,RGB,1958,2588,5309175,valid,,8237a0e59f70629c037c26f123ea2ba9625a9ef5258647fdd942f891bf31680e,validation
675de69373f8,0,/content/aptos2019_raw/train_images/675de69373f8.png,PNG,RGB,614,819,333139,valid,,33546f1fb6eb35d63fae56dfdf1cbec54688e590daf7a3ff7da63a7b30183e60,train
6762b2b48ea5,1,/content/aptos2019_raw/train_images/6762b2b48ea5.png,PNG,RGB,1736,2416,2408197,valid,,c63e3c3088880ecd11204cabcd361a182489f42810e9bde6c91ad243d94f0819,train
677f087cd697,1,/content/aptos2019_raw/train_images/677f087cd697.png,PNG,RGB,1736,2416,2174592,valid,,cf3c1553fd89dfca2058b3c05f0a208d9af2ffd8c242cde90060e1fb48ebf0ea,train
67844c46bc61,2,/content/aptos2019_raw/train_images/67844c46bc61.png,PNG,RGB,2136,3216,3152222,valid,,20c7c4f146d59076d5032c83d0097aad0d47fe7393cb96c71fc6952cc2edb343,train
67c03349bb31,2,/content/aptos2019_raw/train_images/67c03349bb31.png,PNG,RGB,1050,1050,926454,valid,,9ea578f5d3277dbc5d99f8314d889bc795a7c3a476cb55dc9f39830642d16b74,test
67d8f94f04e0,0,/content/aptos2019_raw/train_images/67d8f94f04e0.png,PNG,RGB,1536,2048,1930121,valid,,0ef756764cd79e9c70ad8bd8a81c336713afc542f4c088904b57015d49022f37,train
67ed8cc78b97,0,/content/aptos2019_raw/train_images/67ed8cc78b97.png,PNG,RGB,614,819,294662,valid,,4ead8be9da3b83338793aa5f61e508d9990f6e6779d6ee20e8c6e798bbf19289,train
67f5d89da548,1,/content/aptos2019_raw/train_images/67f5d89da548.png,PNG,RGB,1736,2416,2220668,valid,,e1e9a972e5df39f93f24b75c7ea3e456c752840f6064c6627cd7322af1b878ca,test
6810410187a0,2,/content/aptos2019_raw/train_images/6810410187a0.png,PNG,RGB,2136,3216,2740626,valid,,e47515adc9b17566d665d57ee90f98314caee719789a499a5d670e3c8633426c,train
681c3c115684,2,/content/aptos2019_raw/train_images/681c3c115684.png,PNG,RGB,1958,2588,4995379,valid,,e1a579961ce53a10aefc18e4bf1ab2ecb418b50f639d0785ecff625992bcfa57,test
682312e82ee3,0,/content/aptos2019_raw/train_images/682312e82ee3.png,PNG,RGB,1958,2588,5505967,valid,,d0597089ffe08985f1dabf74a9df7aabdc16933e6d2cdd6b4a712eb5b869f901,train
683023cda6a5,0,/content/aptos2019_raw/train_images/683023cda6a5.png,PNG,RGB,614,819,294049,valid,,66c2dc15bc460e2db44a02b2df35ce57e06455aacfca1a3a8f4b4b84d55557b0,test
68332fdcaa70,1,/content/aptos2019_raw/train_images/68332fdcaa70.png,PNG,RGB,1736,2416,2143457,valid,,96f250131933bc6d4ed2443388f18db45a1ca211d659ea0699bdf5d11adbfff8,train
684dd88a0d49,0,/content/aptos2019_raw/train_images/684dd88a0d49.png,PNG,RGB,614,819,326644,valid,,2c9ca1ca8dbb8aee47b5d50c16046afcf5a7e5b176487f826359113322cd5a58,train
6852f4531591,0,/content/aptos2019_raw/train_images/6852f4531591.png,PNG,RGB,1050,1050,1032953,valid,,5a62b309830c08d41384f8b4450786995d2b0fc416070c813cf51cba98a36c31,validation
686ed1dbae20,2,/content/aptos2019_raw/train_images/686ed1dbae20.png,PNG,RGB,1424,2144,2515610,valid,,fbf3bab98e3987df6a8f338370e3263fd7b98d624ae6e2b0d4147f9fa12fb772,train
687759336b0d,3,/content/aptos2019_raw/train_images/687759336b0d.png,PNG,RGB,1958,2588,5528142,valid,,48e5dbc968b7f3ffc3e41632d88bb21b76aefba55e80503e826baae3f0c0b3f3,train
6889bc64ab09,2,/content/aptos2019_raw/train_images/6889bc64ab09.png,PNG,RGB,1958,2588,5096126,valid,,a4b47d6493ee2f9d08a4cd379d16c17e8b65257f0e16f95f7bd9776e96629c53,train
68987fb159ab,0,/content/aptos2019_raw/train_images/68987fb159ab.png,PNG,RGB,1050,1050,1011705,valid,,c26d01b0ce8f7ebf366b94bdcdd5a61f0cf7635fdd5289f19715d31e3a43d37d,train
68ddb15a74de,0,/content/aptos2019_raw/train_images/68ddb15a74de.png,PNG,RGB,1050,1050,1015162,valid,,39eeb72ffb508d86b304d5b4572085d4455e21d3fa69406adf4d7b308c485069,train
691eeb59b4cb,0,/content/aptos2019_raw/train_images/691eeb59b4cb.png,PNG,RGB,1050,1050,978123,valid,,ef20f7fe5ed03ebd43cab2af1489175c71a9738685c8e3e3d15adc277cf7198a,validation
692e946b1f85,0,/content/aptos2019_raw/train_images/692e946b1f85.png,PNG,RGB,1050,1050,905091,valid,,a2a5e75f1dd15bbf78970bb97f32427df6e1b813812650764f88eac8ab75abab,test
69591ebb198d,2,/content/aptos2019_raw/train_images/69591ebb198d.png,PNG,RGB,2136,3216,2839018,valid,,3097ea438026699079f49b6cdcc00da2d631968f13cca3c1a077a330415ed89d,train
6966abf40b8c,0,/content/aptos2019_raw/train_images/6966abf40b8c.png,PNG,RGB,1050,1050,1043540,valid,,6db05f0660c05e0a58d398bf8f3dabe9610edfa3c541c694a2bd09cf71f22131,train
697538183db5,3,/content/aptos2019_raw/train_images/697538183db5.png,PNG,RGB,1944,2896,2310117,valid,,20285301c91eb85580370a32c82b45fb1ffa650d72ed023a1476c7bb595ac468,train
6987804eb464,2,/content/aptos2019_raw/train_images/6987804eb464.png,PNG,RGB,1226,1844,1003766,valid,,b53d67ea6ec113ef4ab2270ad5341ba21ed94d2ab34a819d54f1fb94f43ca998,train
698d6e422a80,2,/content/aptos2019_raw/train_images/698d6e422a80.png,PNG,RGB,480,640,333931,valid,,0d7ccb7b40c256b292f272eaaa8ee8847ce2d0908aeb3ce99b818b56ec2888d6,train
69b3a00927fc,0,/content/aptos2019_raw/train_images/69b3a00927fc.png,PNG,RGB,1050,1050,984151,valid,,c45217b7616681f9268fdf94fbdb36ca0a0a17f1ad1ad06be848fa646e8e223f,train
69c4cbb630de,0,/content/aptos2019_raw/train_images/69c4cbb630de.png,PNG,RGB,614,819,308589,valid,,c83ff2d77668b82b853629485222aaf9a8f7e00eb66f848b0b56192a8eb48581,test
69df7ade0575,2,/content/aptos2019_raw/train_images/69df7ade0575.png,PNG,RGB,1736,2416,2060731,valid,,1bd7f31ef7f5cc3acaeedbca3d70068c3ffd91e71e23f9aaac0f438c4b6edc50,train
69f43381317b,0,/content/aptos2019_raw/train_images/69f43381317b.png,PNG,RGB,1536,2048,1913903,valid,,83fcccc17696370dd950f032198447d2f4edcb4c5a48a610f8e73655c64293be,train
69fff98cb32a,4,/content/aptos2019_raw/train_images/69fff98cb32a.png,PNG,RGB,1736,2416,1948134,valid,,b621a6f620c09568ce77d378d76133f394292d812319d91b8bf6f5ec4926780b,test
6a244e855d0e,3,/content/aptos2019_raw/train_images/6a244e855d0e.png,PNG,RGB,2136,3216,1568199,valid,,2abee136da407cdeaf84646885c8a7bc79f3b7be11632dfd5efb67c57010b643,validation
6a2642131e4a,0,/content/aptos2019_raw/train_images/6a2642131e4a.png,PNG,RGB,1050,1050,981448,valid,,f4e7a1fdeb078c20275dc5ab0c54811a859fac1c6380930b5399af9107cd461b,train
6a2c3f4ef329,0,/content/aptos2019_raw/train_images/6a2c3f4ef329.png,PNG,RGB,1958,2588,5173814,valid,,1d80bf64104c674875a5f26e28e975932fd18a1e53cf366d0fcb01e4806b7f3f,train
6a57a3db3eff,0,/content/aptos2019_raw/train_images/6a57a3db3eff.png,PNG,RGB,1050,1050,1020286,valid,,3144c5e06d76319574649b1d2829aa3a076bfb214de360020734a60b24666469,train
6a905a7202d2,0,/content/aptos2019_raw/train_images/6a905a7202d2.png,PNG,RGB,1050,1050,997723,valid,,fcf22d54c76f4adc3d86881ff301c0e0ecbda0576270002c8eab4ec77b655c54,train
6a91eb157f47,2,/content/aptos2019_raw/train_images/6a91eb157f47.png,PNG,RGB,2588,3388,7275583,valid,,a3de3b7426325e1e05005288f6aa3ee2f4a9cf120a4b2076823c389d050247e9,train
6af071b0ac6e,0,/content/aptos2019_raw/train_images/6af071b0ac6e.png,PNG,RGB,1958,2588,5278024,valid,,bd077e5c2433f86bf0fef33832da20398d5e4b0dcda4db7084e7348c72985433,train
6b00cb764237,1,/content/aptos2019_raw/train_images/6b00cb764237.png,PNG,RGB,1736,2416,2148090,valid,,483701a0c4399db3ab4ec9017d8022afce338d844096b415e72e036edc85dad4,test
6b07971c3bf6,1,/content/aptos2019_raw/train_images/6b07971c3bf6.png,PNG,RGB,614,819,325767,valid,,50a98c4dd8dfdba3701a3599463bc2d0656d27a31a72005e31b6e97130c6372c,train
6b128e648646,3,/content/aptos2019_raw/train_images/6b128e648646.png,PNG,RGB,2136,3216,3027164,valid,,027b2a4c352dc644258758c104d02d1111514fe18e75d5cceaabd0edb775efbb,train
6b30767595d8,0,/content/aptos2019_raw/train_images/6b30767595d8.png,PNG,RGB,1536,2048,1930538,valid,,6dbfdc23f308021d2c3c9c3b792a561c2f76f9fc11d1ab69378ecf0e89e019d0,validation
6b3860e8f64f,0,/content/aptos2019_raw/train_images/6b3860e8f64f.png,PNG,RGB,1050,1050,920052,valid,,8f07ec00f09609267a03d7ae4fe0f12834dcea215e356581f5d1a050fe0154d4,test
6b664ed2a938,0,/content/aptos2019_raw/train_images/6b664ed2a938.png,PNG,RGB,1536,2048,1913577,valid,,4d4668e8d4aa7ee1b53fbc43a24a1a8c9b082930c7f9a9092dbbca4aa4b8dab2,train
6b66b0e86f7e,0,/content/aptos2019_raw/train_images/6b66b0e86f7e.png,PNG,RGB,1050,1050,923412,valid,,646ac51dc4c32311972320c63e9543e27db5833ead8e0ce466db31adf6c19ecc,train
6b7cf869622a,2,/content/aptos2019_raw/train_images/6b7cf869622a.png,PNG,RGB,1958,2588,5002716,valid,,03d3b8ece24c3b3d569b9c5d579ea46ea9f0d1af935725a0b4156193c9e2f66e,train
6b869f37cdf3,2,/content/aptos2019_raw/train_images/6b869f37cdf3.png,PNG,RGB,1736,2416,2302493,valid,,9b68065081d9cdbeb63db5cb0f8c6f2486b5c08f252e4c5154ddbec3732af7c4,train
6b91e99c9408,0,/content/aptos2019_raw/train_images/6b91e99c9408.png,PNG,RGB,1536,2048,1946354,valid,,9fb2335d62925519594cad85017a616b1250e6ad5a153f631170d77620354dfc,train
6ba5ed791444,2,/content/aptos2019_raw/train_images/6ba5ed791444.png,PNG,RGB,2588,3388,7397031,valid,,839bc08dccf1fd4c900dda578bff918d5a59073cc717a93aecdee3ccc304a4e6,train
6baafa56895c,3,/content/aptos2019_raw/train_images/6baafa56895c.png,PNG,RGB,1958,2588,5338692,valid,,7efc39951c983675175525bb6d17c560449b300bedfd503d1798523a6decd170,test
6bb30ec3231a,0,/content/aptos2019_raw/train_images/6bb30ec3231a.png,PNG,RGB,1050,1050,1059310,valid,,1d3c9a8902d6671ec85cf86e208d396376b388b5b5eecdffc7e21c4e37142380,train
6bcce181be65,0,/content/aptos2019_raw/train_images/6bcce181be65.png,PNG,RGB,1958,2588,5724359,valid,,e4ecb64263dcc226a3bf668b0223b44cdd46373eee56bf7ee4a8cbf566df171e,train
6bf26b777e3a,0,/content/aptos2019_raw/train_images/6bf26b777e3a.png,PNG,RGB,1958,2588,5136174,valid,,7d896349a4ad42dd14dee60814c0abc6ed2c0a034f0725735c6071eb15d0424c,train
6bf2a81a5d91,0,/content/aptos2019_raw/train_images/6bf2a81a5d91.png,PNG,RGB,614,819,306560,valid,,764514aa27e830ef4178c894173a4b21620ab9f5b14c428b23e2d980d22c4d0d,train
6c00dd8bf708,0,/content/aptos2019_raw/train_images/6c00dd8bf708.png,PNG,RGB,1050,1050,937400,valid,,2fd525769b6bf413c9cc0d662893dbe7b90f27ed8578bdc6f545072e9921e68c,train
6c250a30593b,4,/content/aptos2019_raw/train_images/6c250a30593b.png,PNG,RGB,1736,2416,2221241,valid,,062cb3e24da7d56984384a8b5a23622cadecf5b7b58f0d57bdcfc6d53d0ef793,train
6c2555a9cae4,2,/content/aptos2019_raw/train_images/6c2555a9cae4.png,PNG,RGB,1736,2416,2300173,valid,,63bc662ab358a9b49a454728044664bd7461778b11a6c8eae0b0b5034116efc6,train
6c30dd481717,0,/content/aptos2019_raw/train_images/6c30dd481717.png,PNG,RGB,614,819,317196,valid,,4ae2a2691b9a846bd5fb4f35ddfa9a44bf8be9a20d19fa991a3ef2856729b86e,test
6c315ad3d07f,2,/content/aptos2019_raw/train_images/6c315ad3d07f.png,PNG,RGB,480,640,350760,valid,,d7cf01d59d30a9d9ee4fc6127b81e5f738243db91e3e466d66fd6c8cf4ec8b80,train
6c3589d7ed8d,0,/content/aptos2019_raw/train_images/6c3589d7ed8d.png,PNG,RGB,1050,1050,1090396,valid,,bf240429bb5ce6bb22b8618841932289c42519e27e42e2da772a641f38c2ad34,test
6c3745a222da,4,/content/aptos2019_raw/train_images/6c3745a222da.png,PNG,RGB,1050,1050,950365,valid,,2586d94edc86e5f78a23aefe73fc4db818b6eb71d5280ed12743365067c1b2c1,train
6c4ec95dd8ba,0,/content/aptos2019_raw/train_images/6c4ec95dd8ba.png,PNG,RGB,1958,2588,5063341,valid,,56cd097788aef588c3f3ab906f06cfbaf8f4183cd4ac84c09c8e1bb51f548737,train
6c6505a0c637,0,/content/aptos2019_raw/train_images/6c6505a0c637.png,PNG,RGB,1536,2048,1715513,valid,,8a8f0fa359fbf6fa0c5c0b23bd9c7a70d455af6dae26796b20fa8a2dc3385825,test
6c6efb6b1358,1,/content/aptos2019_raw/train_images/6c6efb6b1358.png,PNG,RGB,2848,4288,5195876,valid,,bebc6b674d15e5dcf7a77acd98dbcbb5f5dad59e67ce896b505f9ed5d929d54b,train
6c9c902a97de,0,/content/aptos2019_raw/train_images/6c9c902a97de.png,PNG,RGB,1050,1050,929960,valid,,a998b76f3bfcaa18b99841c1fc130b6742c59d5af591cb545cca7c7fe48d767a,train
6cb96a6fb029,0,/content/aptos2019_raw/train_images/6cb96a6fb029.png,PNG,RGB,1536,2048,1832439,valid,,d05b3853a291ac4aaaf770e67d4488bfc93eab1a31173f3d23ce7e6946e5e131,validation
6cb98da77e3e,2,/content/aptos2019_raw/train_images/6cb98da77e3e.png,PNG,RGB,1000,1504,1324184,valid,,3397e31f7c1d88c5da191c496c871ab337a42c14d6266827b027603dc3d7a9f9,train
6cbc3dad809c,2,/content/aptos2019_raw/train_images/6cbc3dad809c.png,PNG,RGB,2136,3216,3129965,valid,,225dd9880f3834ecb1cc7007a84e143843b1d170527bc6f81aa52cf4a2aedf3e,validation
6ccfdb031184,0,/content/aptos2019_raw/train_images/6ccfdb031184.png,PNG,RGB,614,819,371766,valid,,09e24a03a6aeb388a68dfc088f54ccbd7147c469af48454f381b9365f19d9fa5,validation
6cd606dc52e9,4,/content/aptos2019_raw/train_images/6cd606dc52e9.png,PNG,RGB,2848,4288,4451579,valid,,0698d458995096c3bf8b5c83fd475d94d82d09620982c120dd0f99ffffec7efc,test
6cdd0f985270,1,/content/aptos2019_raw/train_images/6cdd0f985270.png,PNG,RGB,2848,4288,4445159,valid,,d7d56832152ad01a08ff41597827e2eb9f187993d4d877ad62e701bdc17a3a44,validation
6cee2e148520,0,/content/aptos2019_raw/train_images/6cee2e148520.png,PNG,RGB,1958,2588,5446550,valid,,8fe87e1c5a89f0575e2b7d403c062c5152fc252277bff73f00f0d97c6e68d660,train
6cfb7b44ef6f,4,/content/aptos2019_raw/train_images/6cfb7b44ef6f.png,PNG,RGB,1226,1844,870425,valid,,bbb9f14cd48131493627d2fba03440ee27ae202bd33348ae7046abcc54b2e3da,train
6cffc6c6851a,0,/content/aptos2019_raw/train_images/6cffc6c6851a.png,PNG,RGB,614,819,284488,valid,,ce18cbe4cc1cf19c5ea71dd79ccf31d170e6c42089d9aa313d2171dece1587c5,train
6d0c0531083f,3,/content/aptos2019_raw/train_images/6d0c0531083f.png,PNG,RGB,1736,2416,2020903,valid,,1c67ca47e1bc803c40e4ba9617802e43e043f91051ba8fee5cc9d304af754e63,train
6d10709053ae,0,/content/aptos2019_raw/train_images/6d10709053ae.png,PNG,RGB,1050,1050,970381,valid,,a31e9a8b18e03076312bb6f5ebc80e7f7d0d4e6f5a45e955608e3f452a0d05fa,test
6d259b5b4c76,4,/content/aptos2019_raw/train_images/6d259b5b4c76.png,PNG,RGB,2588,3388,3457244,valid,,7786eddb8944f11dd8175e8d70c7e3888334ff30295d07e1bf72c3b684415ecb,validation
6d292ca4c9ad,1,/content/aptos2019_raw/train_images/6d292ca4c9ad.png,PNG,RGB,1736,2416,2320193,valid,,b4ec44d217ce209c6e7f27a3204a47ac1c6c68089a8fd4427ead6a1ca6f14693,validation
6d3d1fe6c32a,2,/content/aptos2019_raw/train_images/6d3d1fe6c32a.png,PNG,RGB,1736,2416,2157144,valid,,2757ff9e9b01fe6f9a46b6f898044dcc14e23abbc2c60276c03b103b9dfe6f5b,train
6d454444f17c,2,/content/aptos2019_raw/train_images/6d454444f17c.png,PNG,RGB,1736,2416,1943739,valid,,2754493b04418a4ce712f74106fd91fb98f3d7f5bc0a1e2770d66c52df13a4d4,test
6d4f6c9a8406,0,/content/aptos2019_raw/train_images/6d4f6c9a8406.png,PNG,RGB,1050,1050,939939,valid,,742d17bbf0ef5d3799c26e0da65d9ff45d3fea31dce55bb2c8b135bcc2718550,train
6d5a8362dd1e,0,/content/aptos2019_raw/train_images/6d5a8362dd1e.png,PNG,RGB,1958,2588,5125026,valid,,db0a1e6a355162ed24d62f6b666a3cfccfb049c63476d2d89e44c79561c6cd81,test
6d6be4cfc73f,0,/content/aptos2019_raw/train_images/6d6be4cfc73f.png,PNG,RGB,1050,1050,1044965,valid,,c731ab552c589aa39d70ddc8e0e309ca5e9bd01637d8ae8fe07714d6008c2cf6,train
6d6fcf49e515,0,/content/aptos2019_raw/train_images/6d6fcf49e515.png,PNG,RGB,1050,1050,967358,valid,,83de5a36e6e1818fba066c89dc62dfebae6d0e2c24fd4e2a5374990224958280,train
6d7d26025122,4,/content/aptos2019_raw/train_images/6d7d26025122.png,PNG,RGB,2588,3388,7481208,valid,,8c22d51107b823f097f46f3d5e39b68850ab1f03197f30099f4a9b1134031dae,train
6d9effbcde78,0,/content/aptos2019_raw/train_images/6d9effbcde78.png,PNG,RGB,1958,2588,2460876,valid,,0e8972027b734fd64771d270ff2faea8b05fdd1f40e09543665ab6d3cb932388,validation
6daef3e5ca22,4,/content/aptos2019_raw/train_images/6daef3e5ca22.png,PNG,RGB,1226,1844,833906,valid,,96915a112efbdedab15c4c4067debf8bd762bc06ebf0f78bc4250519864ead5a,train
6dc0281f11e3,0,/content/aptos2019_raw/train_images/6dc0281f11e3.png,PNG,RGB,1050,1050,937761,valid,,e822230874bbfaa8b12b0f67c0ddf938da64431a90a3b200af4b7f766da686a6,train
6dc07f968794,0,/content/aptos2019_raw/train_images/6dc07f968794.png,PNG,RGB,1050,1050,1004011,valid,,68964fe13b0e7dbc3b834d85ab9db6f48d509e5733942157e5136f44b35689dd,train
6dcde47060f9,2,/content/aptos2019_raw/train_images/6dcde47060f9.png,PNG,RGB,2136,3216,2279379,valid,,a9ed313a089c6c1c090ccb22c1d526c0667d58328b84578a514cd179fadbc68a,train
6de39b94f634,0,/content/aptos2019_raw/train_images/6de39b94f634.png,PNG,RGB,1536,2048,1950318,valid,,41e861aec2227054f5c630d7d4b03d29a10a5506b8c2f30accbe490be04823db,train
6df8b7b6e837,0,/content/aptos2019_raw/train_images/6df8b7b6e837.png,PNG,RGB,1958,2588,5308298,valid,,b89b08bf77cf22331791fe10a617947f91266e5c21edd798ba79aa9eb81d4b00,test
6dfd80748e72,2,/content/aptos2019_raw/train_images/6dfd80748e72.png,PNG,RGB,1736,2416,2261683,valid,,7eae4d2841d448867755e08e13d90c6a912f380265d75e3315b2396d02e28f6c,train
6e018411ba4a,0,/content/aptos2019_raw/train_images/6e018411ba4a.png,PNG,RGB,1958,2588,5745942,valid,,32426fb5d5f3680f0e17c7072c0f83f391cbacff30b9bb9da50ae67a4c911146,test
6e092b306fe1,2,/content/aptos2019_raw/train_images/6e092b306fe1.png,PNG,RGB,1958,2588,5348649,valid,,7c5f08a2c4c6de6707ba9cb3a1217246e916b5839b541b5586544f2fdb740afb,test
6e092caa065f,0,/content/aptos2019_raw/train_images/6e092caa065f.png,PNG,RGB,1050,1050,1010508,valid,,81394f5c3bdd40de096b47c517a048cf71f764bf210d3a4e7697270c5fc3a05e,test
6e0f78e188ff,0,/content/aptos2019_raw/train_images/6e0f78e188ff.png,PNG,RGB,1958,2588,5458496,valid,,77ac0a1a3970c7b6be572cf9c24dcfba5abdddab2b20652438819e25f962d0ef,train
6e1db8711879,0,/content/aptos2019_raw/train_images/6e1db8711879.png,PNG,RGB,1536,2048,1969698,valid,,6ce736e3fe5091c6224fb80055962a6fd81ef60e6fb2cbc185f449dc33757d41,train
6e3526053de0,0,/content/aptos2019_raw/train_images/6e3526053de0.png,PNG,RGB,614,819,343027,valid,,f6f93fc4dcec29473a2ab66ff2a0c0b1963f4c3c79203c56dcde22b08fac5583,train
6e44f6d04fc9,0,/content/aptos2019_raw/train_images/6e44f6d04fc9.png,PNG,RGB,1050,1050,1004660,valid,,28da3ad56cd82e26c7f9eab15fdf93a8e9856dee400660b84529cbc83239d312,test
6e68e742f5bc,2,/content/aptos2019_raw/train_images/6e68e742f5bc.png,PNG,RGB,2136,3216,2635697,valid,,f6a935f0223a6a3f099a40de6785d19f0e51835de46867d6149ae923d63dd5f8,validation
6e73acb2cf60,4,/content/aptos2019_raw/train_images/6e73acb2cf60.png,PNG,RGB,1736,2416,2092169,valid,,c82f1c377c3ee8d120138694cc830d08aeaa8d072a8f3be8828f0151ebe678f1,train
6e861bc3bd7b,0,/content/aptos2019_raw/train_images/6e861bc3bd7b.png,PNG,RGB,614,819,282334,valid,,422e506e269650e2f7941dc592d07aacf4acef3bd641317949699bbbad4105f1,train
6e92b1c5ac8e,3,/content/aptos2019_raw/train_images/6e92b1c5ac8e.png,PNG,RGB,1424,2144,2708524,valid,,530a95bc34142b94d8cd0a9ec9085318675f4535081bd2a279c28e78d3b1d051,test
6ea07d19b4ce,1,/content/aptos2019_raw/train_images/6ea07d19b4ce.png,PNG,RGB,2136,3216,2266335,valid,,822bca7799aacf668dd1ac2e73748762e0ad04c20b24ee7e2d41f9bbc54405cc,train
6efa36d59ada,3,/content/aptos2019_raw/train_images/6efa36d59ada.png,PNG,RGB,1958,2588,5302282,valid,,43f3d9b0bf965a8ab63e274a844e5937057271a2115fe534d2359b5c6bd8e273,train
6f0463c1ff18,2,/content/aptos2019_raw/train_images/6f0463c1ff18.png,PNG,RGB,2136,3216,2812754,valid,,447eecc0286bb8a9aab10c9f31e19b9f75d41ac17aff44895d619d5aa9ccfaf4,train
6f0e5848d9ce,0,/content/aptos2019_raw/train_images/6f0e5848d9ce.png,PNG,RGB,1050,1050,977895,valid,,84f918c8a600ea098f1a0ce8509e40af89e8782d095622b92ae7ede4a8fe947a,train
6f3b62e5b7f5,0,/content/aptos2019_raw/train_images/6f3b62e5b7f5.png,PNG,RGB,614,819,351920,valid,,fcae5372691f5a867dde7880b2277fedf3629cc5e5350f4e83bcefb840e386e6,train
6f460f9968c7,0,/content/aptos2019_raw/train_images/6f460f9968c7.png,PNG,RGB,1050,1050,907236,valid,,af6ccb53c49a1a632abc134a65b4b541709ae1d1c34eefcd5cdd29e0666a7418,train
6f4719c6bb4b,4,/content/aptos2019_raw/train_images/6f4719c6bb4b.png,PNG,RGB,1958,2588,4956915,valid,,27f80f6424aa5a314329cf66f5c2250226c29d5bc68037dbb127a19414c54003,validation
6f4e0538d1e4,2,/content/aptos2019_raw/train_images/6f4e0538d1e4.png,PNG,RGB,1736,2416,2222981,valid,,2ac61736249b174e4c088b0e4e7977c714cc9c87cb016fa66ee83ffda0bcf0e2,train
6f689fced922,0,/content/aptos2019_raw/train_images/6f689fced922.png,PNG,RGB,1050,1050,1023145,valid,,35860c540b71e51d02c01af2a425b51df353fbe1f5c4213e6efb6f2a21c263f3,train
6f923b60934b,4,/content/aptos2019_raw/train_images/6f923b60934b.png,PNG,RGB,1736,2416,1868864,valid,,d18887d2b6ca2614c7326ffc4ee956c0a067955247956edee95a712a252d7b3d,train
6fb656d506b2,3,/content/aptos2019_raw/train_images/6fb656d506b2.png,PNG,RGB,2588,3388,4055943,valid,,2f0048ccf8694c24b358fe0af54de6ab7fffd4b4fcc7aa71296ed200bc5970eb,train
6fbaaf8eb67a,0,/content/aptos2019_raw/train_images/6fbaaf8eb67a.png,PNG,RGB,614,819,291274,valid,,a647e07f586380d58123b7b3c83724a2c680a55c46ab5dfedec320bcdf23fafa,test
6fe4751a3b42,0,/content/aptos2019_raw/train_images/6fe4751a3b42.png,PNG,RGB,1050,1050,1012328,valid,,8ee973092230d4617ee1e0bee23eac69f5527e015a6fa92fac60dc126522136e,train
6fe67482bfae,4,/content/aptos2019_raw/train_images/6fe67482bfae.png,PNG,RGB,2136,3216,2194153,valid,,8d415c551f83834a208e54bc15f8ffe85c075925a44b53810721c75a39e86bcc,train
6fe67fd7f5d1,0,/content/aptos2019_raw/train_images/6fe67fd7f5d1.png,PNG,RGB,1050,1050,1095833,valid,,da0220fb0e08337b3d417866fce414816280771c9f628b853dda4333bab65a2f,validation
702de9dcde32,4,/content/aptos2019_raw/train_images/702de9dcde32.png,PNG,RGB,1736,2416,2264396,valid,,6d010ad6160cd97f34be8c98fd0ede89f7fc5dec25a873c3e6baa7b9c62aa63f,train
705f508d1e42,0,/content/aptos2019_raw/train_images/705f508d1e42.png,PNG,RGB,1050,1050,1080407,valid,,580eae6bb650edb6e889990686ddee525a03ede9470abe91a6c8c7ce6b10559a,train
709784f7fcc2,2,/content/aptos2019_raw/train_images/709784f7fcc2.png,PNG,RGB,1226,1844,1020020,valid,,031fbd6d5def71407178766eb6e24d886d1b8f29841a7d12e30ca85c8a5da304,train
70d0392397de,0,/content/aptos2019_raw/train_images/70d0392397de.png,PNG,RGB,1958,2588,1977514,valid,,0401ca180c08f9a9d4a4c120ab176dce38966338ded658a2b281a6dbf2c28c46,train
70d657f8f503,4,/content/aptos2019_raw/train_images/70d657f8f503.png,PNG,RGB,1050,1050,889173,valid,,80aa68c965207b44d3b50861825ee198784e59842f33628d6e486b51a0ccb973,train
70ed3ec68b94,2,/content/aptos2019_raw/train_images/70ed3ec68b94.png,PNG,RGB,1736,2416,2316576,valid,,fa60f16ef90ee9c8d6ff5a9f8fd854fbffee924450780f12929d5891c972af13,train
70f5caf5f305,2,/content/aptos2019_raw/train_images/70f5caf5f305.png,PNG,RGB,1050,1050,1011435,valid,,d9ecd898d01bcf013785ce3484393fdcc4119c7c234bb76f9eebb113cae36239,train
7102f29e052e,2,/content/aptos2019_raw/train_images/7102f29e052e.png,PNG,RGB,2588,3388,7021155,valid,,e85bf87434bf9f1909384bfa899a18aec3e5d937c7e14cd39a0c46b96dee31f2,train
710b05a96e0f,4,/content/aptos2019_raw/train_images/710b05a96e0f.png,PNG,RGB,2848,4288,4350974,valid,,457dae53f6bf1da5e939c91c87afbbf86dd36c9ca3313d57b6c0b7d9b2f76455,train
7116128c65ab,1,/content/aptos2019_raw/train_images/7116128c65ab.png,PNG,RGB,1226,1844,799838,valid,,50e6216fc19babf25ad48308cad4c22e3c0e378373bd4826e1cae06c1fde0753,train
711d1480d2e3,2,/content/aptos2019_raw/train_images/711d1480d2e3.png,PNG,RGB,1736,2416,2427867,valid,,0265133249c1cb7437de060433254b667ac7e443b9c4a758eb8d42aecc3ae582,train
7131bf4c9e6f,0,/content/aptos2019_raw/train_images/7131bf4c9e6f.png,PNG,RGB,614,819,324641,valid,,7a722c6d3b5d5018d393ff3b595df8b7caa9f3afe5669f2803dc6a14e6720f4e,train
7179f85bfd6f,0,/content/aptos2019_raw/train_images/7179f85bfd6f.png,PNG,RGB,614,819,348639,valid,,c24e900787ab821728743f212e6942066ec798f73cd456c0ea9bd9b7c19e716d,test
71a39c660432,3,/content/aptos2019_raw/train_images/71a39c660432.png,PNG,RGB,2136,3216,3682364,valid,,6ec82f49dbdbebb07f78187c48d9b4b09135bae73dfe16cdd806330fb6760708,validation
71c1a3cdbe47,1,/content/aptos2019_raw/train_images/71c1a3cdbe47.png,PNG,RGB,1736,2416,2064698,valid,,e658e0418614b5160520588871354a6bd980935e80a8cb12985bfd774aef077c,train
71c22da3d6c6,0,/content/aptos2019_raw/train_images/71c22da3d6c6.png,PNG,RGB,1536,2048,1960281,valid,,f0198a10da9a34ca8e72bb0bba56edfa2fedfc50463df78388ad1e598b6f8e38,train
71e4130bf5c8,2,/content/aptos2019_raw/train_images/71e4130bf5c8.png,PNG,RGB,2136,3216,3167548,valid,,2c1ccda818022432551aea518470561e56ab6b3ee110b02b0aff6d9d27480be2,test
71e43b4f8ba6,0,/content/aptos2019_raw/train_images/71e43b4f8ba6.png,PNG,RGB,1050,1050,1015686,valid,,6deff88d49f9f2008e3d1974cb708f36f5c37fe30d2f1a7d0df0a56752dc223b,train
71f6a6e4620a,1,/content/aptos2019_raw/train_images/71f6a6e4620a.png,PNG,RGB,1736,2416,2405278,valid,,5950438d71fe262a057c148ab8801d0c4ad9368d1f42d483369937133be3d4a4,train
720b5f62ce80,0,/content/aptos2019_raw/train_images/720b5f62ce80.png,PNG,RGB,1536,2048,1763069,valid,,610c2209c2dede58266301c462978c72ce588dc01fe88a8fa702698562badfd9,train
721214151233,0,/content/aptos2019_raw/train_images/721214151233.png,PNG,RGB,1050,1050,962478,valid,,6a24d6406247e5a676e35aec90a97c91c7bc8680463f0b3a517f20f4a3765eb1,train
7214fc7cbe03,0,/content/aptos2019_raw/train_images/7214fc7cbe03.png,PNG,RGB,1536,2048,1796572,valid,,705a41edaf4c6e884c24b0e4d252b6f297e32532a4fbf245e5215f369308203c,train
7247a2c97f71,2,/content/aptos2019_raw/train_images/7247a2c97f71.png,PNG,RGB,2136,3216,2190850,valid,,621f594b60590044ef5c5cdd3b44f114cabd02299932990848fdfbefa67a3abd,test
72595230840c,3,/content/aptos2019_raw/train_images/72595230840c.png,PNG,RGB,1958,2588,5542685,valid,,b811cdc4d253a4a7369f4e63181654cdc513b6d6c5864197179bd372d7058eaf,train
72606afaf3da,0,/content/aptos2019_raw/train_images/72606afaf3da.png,PNG,RGB,1536,2048,2022893,valid,,1f028365c0b9ecc8977ccfc34d54ad5cf4a3a8c17846987f703c3a5e2c351569,train
7269a1d84a57,0,/content/aptos2019_raw/train_images/7269a1d84a57.png,PNG,RGB,1536,2048,1800459,valid,,c3b5ae283db3ec0558e42777d700ae3038e5415a03b3ad4c273079bc5d70c945,train
726dff37edc0,0,/content/aptos2019_raw/train_images/726dff37edc0.png,PNG,RGB,614,819,346447,valid,,70993ebb496fce4d28ee25810385e14a28e3a4044e6f89e60cfcddf7a5d1b7dd,train
7270367410a1,4,/content/aptos2019_raw/train_images/7270367410a1.png,PNG,RGB,2136,3216,2664351,valid,,124decb6ad15f8d49675689791d55c3df2740bef258230340d8a964959574e42,train
72a867980067,0,/content/aptos2019_raw/train_images/72a867980067.png,PNG,RGB,614,819,366458,valid,,ab00fee91f1944cf9a568b14b0e71d08c7c088e8e78c3534151ac1326fa159d7,train
72c31aa48e2c,0,/content/aptos2019_raw/train_images/72c31aa48e2c.png,PNG,RGB,1050,1050,1031422,valid,,d8a36061affc9d863c2a1cb8b9181241896c987f54a5856305c2ab357e8fefe5,validation
72d98188648f,4,/content/aptos2019_raw/train_images/72d98188648f.png,PNG,RGB,2588,3388,7297546,valid,,543269ecbc8955a0b307649f3a08144b6ac888e9d3fdd8003acc5f2a00c7855e,test
731b19a460ad,2,/content/aptos2019_raw/train_images/731b19a460ad.png,PNG,RGB,1736,2416,2264226,valid,,012b8fe8f984620b92e45c4e33e78c35f0a0d5ae1c6d21461c5bf37fa7c71ab2,test
7335a2d43ada,1,/content/aptos2019_raw/train_images/7335a2d43ada.png,PNG,RGB,2848,4288,5659218,valid,,f0b133ff36670c2bbdaec0e222cbce61a94b42f6c4f2c8a9af88954d27b7f537,train
7347bd23ba80,0,/content/aptos2019_raw/train_images/7347bd23ba80.png,PNG,RGB,1050,1050,991930,valid,,9a2cd175df944153915f7b9b4a576efe97f30859c65a7759cc2aecd9dc3735ae,test
7347f5133a6a,1,/content/aptos2019_raw/train_images/7347f5133a6a.png,PNG,RGB,1736,2416,1874155,valid,,d4ea38b002ef23c529fa412d0d5eda308bbf5b3a236e63d5a76911f290226e97,train
7350c50667c5,2,/content/aptos2019_raw/train_images/7350c50667c5.png,PNG,RGB,1736,2416,2047913,valid,,2f62be8d7ca393bddc0a4f629ca4d840051f8ddb5c6c3e89be408b796e9b34b2,test
7356dd08b0ae,2,/content/aptos2019_raw/train_images/7356dd08b0ae.png,PNG,RGB,480,640,340524,valid,,37d1831169195c0a9c0798dbfceb8de50903f4147de17bb48bf41315c3548291,test
735836b1ffa6,0,/content/aptos2019_raw/train_images/735836b1ffa6.png,PNG,RGB,1736,2416,2177102,valid,,11ab3a415e2055628d10a6ecb45634501d5e81c64e982fa8960b35b6362626f3,test
737ef6226677,0,/content/aptos2019_raw/train_images/737ef6226677.png,PNG,RGB,1050,1050,987713,valid,,6bb46473d030ca101871857e17923e9b69c63e038c16ef54c5e0e0c563667072,train
73881f55a3ec,1,/content/aptos2019_raw/train_images/73881f55a3ec.png,PNG,RGB,1736,2416,2233615,valid,,146c6c1dd33f0327f5c889b4fcf38ce856b441d65ece87d6f9b746a6b758d576,train
73a07e2ea23e,0,/content/aptos2019_raw/train_images/73a07e2ea23e.png,PNG,RGB,614,819,278964,valid,,e0eb6e3dadf612f64f078107444d08d5bfa660b1e8cb4edaff1afe4ba0bb243b,train
73ba798fee25,0,/content/aptos2019_raw/train_images/73ba798fee25.png,PNG,RGB,1050,1050,917463,valid,,b8bbb522a3de3f665f827a4de36e6eacc90a87bec56c6f69c371e6c9814cc96b,train
73d40ce06a67,0,/content/aptos2019_raw/train_images/73d40ce06a67.png,PNG,RGB,1050,1050,1009282,valid,,ce078d550b1ff9b3d2d5e0d951cbf7efd1e646e54ffb1bc869993ab022620ffd,train
73e83a07a16d,2,/content/aptos2019_raw/train_images/73e83a07a16d.png,PNG,RGB,1958,2588,5173198,valid,,025c6f01cf3652758414b0bead2e57bf841a14421b9daa68d95fd04681f5c1dd,train
73ef3c3dcbe4,0,/content/aptos2019_raw/train_images/73ef3c3dcbe4.png,PNG,RGB,1958,2588,5325582,valid,,ac6e446510f9a59590b1aef54903d1f2294ff8ed879708554e6568153fb033d4,train
74211a2b6dcf,0,/content/aptos2019_raw/train_images/74211a2b6dcf.png,PNG,RGB,1958,2588,5406988,valid,,a9407837dd9575fb54cc664bbb2ed4c22adf3fa1658eee479d4d5971e1f5c80f,train
7427dedafccf,1,/content/aptos2019_raw/train_images/7427dedafccf.png,PNG,RGB,2848,4288,4158096,valid,,6932119375bc7b91c901bd9b48f8bfb9a729fd5289baa5fb8c6f425cd5e123da,train
7435e9a3e36e,0,/content/aptos2019_raw/train_images/7435e9a3e36e.png,PNG,RGB,1958,2588,5359998,valid,,5ad81936ec878b79e1fa7abd7464877c196fe781b222db2ddd0b558aaa15d177,validation
74418f620068,2,/content/aptos2019_raw/train_images/74418f620068.png,PNG,RGB,2136,3216,2997427,valid,,46e92b21c5bdfd1760e6cb84b00907a5cf0d85b809daae087452152f7a471e00,train
7455e2b5fc57,2,/content/aptos2019_raw/train_images/7455e2b5fc57.png,PNG,RGB,2588,3388,7329769,valid,,835452ff671ab9063e278ba920e2b3ff60eb0126fbe0ef9d306460fb1d9d455a,train
74898f372d2b,0,/content/aptos2019_raw/train_images/74898f372d2b.png,PNG,RGB,1958,2588,5290025,valid,,990f9a100d86f688f896a087025ebff57664d74cc5b96c7e2591e50be4e6ab5a,train
74eee788edee,3,/content/aptos2019_raw/train_images/74eee788edee.png,PNG,RGB,1736,2416,1954136,valid,,a8e790db79582eea9296e8b6aa475d131b9d86fc6efc06cf25f0303542b85ac3,train
750e0168399d,0,/content/aptos2019_raw/train_images/750e0168399d.png,PNG,RGB,1536,2048,1927552,valid,,7fe11c532a23d4e07108dba0b49123dd2d4a0b8a2fad7b5ae0f056bd2a362fe2,train
75238d945315,0,/content/aptos2019_raw/train_images/75238d945315.png,PNG,RGB,1050,1050,1023222,valid,,5d063f28561fe985c9af06022d1b961311bbf5f9c14f1f81636bbcbb852222b4,train
7526c59c36d3,0,/content/aptos2019_raw/train_images/7526c59c36d3.png,PNG,RGB,1050,1050,1112488,valid,,ae684d8b02d72aa7276a5c0614ac3397049a59f50a0e7ee81ebcaf3754d14531,test
7526cf435753,0,/content/aptos2019_raw/train_images/7526cf435753.png,PNG,RGB,614,819,371407,valid,,b269832c89c46cbb8437179fc9445dd43c32d7068dbcbf0ecc00f9eba7b2b1ef,train
75369248dba0,0,/content/aptos2019_raw/train_images/75369248dba0.png,PNG,RGB,1050,1050,1004457,valid,,0e0514c6866d915db8c8d3d18d60537744a0a874c52a52c480296c09287cf25d,test
753b14c27c83,4,/content/aptos2019_raw/train_images/753b14c27c83.png,PNG,RGB,1736,2416,2240322,valid,,1fd857cf413255673624024261ebcd9a2bae99a5a9862f2340d424d3019f32db,train
7550966ef777,2,/content/aptos2019_raw/train_images/7550966ef777.png,PNG,RGB,1424,2144,2832308,valid,,a266dfbd4d1bdd7d0f62422319dcfe0a2498c25dfa70dde607122d1524634279,train
7569ac24762e,0,/content/aptos2019_raw/train_images/7569ac24762e.png,PNG,RGB,1536,2048,1852472,valid,,efe12350725f5384c92bb316b55e455c5e5c606c3c9fdc40c92637eafff55375,train
756b0d6488bb,1,/content/aptos2019_raw/train_images/756b0d6488bb.png,PNG,RGB,1736,2416,2207076,valid,,dd8507133bc76a947e92865ab5431521087ff8c15e667534a02ea411d548027a,train
757572337fd0,2,/content/aptos2019_raw/train_images/757572337fd0.png,PNG,RGB,2136,3216,1968879,valid,,178130c66464646b73e9bdbcc1dd1b939db93da55d9dc0982376e6cb97b03367,train
757e39293591,0,/content/aptos2019_raw/train_images/757e39293591.png,PNG,RGB,1050,1050,1135831,valid,,1d7ef289cacf25d8e841e233db18d1dab236c510884226200310bf8c1d367a43,validation
75a071608ea6,0,/content/aptos2019_raw/train_images/75a071608ea6.png,PNG,RGB,1050,1050,1031912,valid,,00f895f7cd354445eb1a6b026cc9a9ca1cd7aa4d60a18fecc45bf59ed916fee0,train
75a4343b12f9,0,/content/aptos2019_raw/train_images/75a4343b12f9.png,PNG,RGB,1736,2416,2127765,valid,,bcacd2361c39386170a02c318b8201863cc8c28f900df79706400142e5832285,train
75a7bc945b7d,2,/content/aptos2019_raw/train_images/75a7bc945b7d.png,PNG,RGB,1736,2416,2191514,valid,,efefb063aa1ab428deccb90cb9afd82690e70adbb3b5a70b1fa43c575ca3322c,train
75c180e04f65,0,/content/aptos2019_raw/train_images/75c180e04f65.png,PNG,RGB,1050,1050,1002062,valid,,978668b80b927b9523c8008d00242e2f0370ba346d3c8a222fe57461c715d5ce,validation
75ed83dbccce,0,/content/aptos2019_raw/train_images/75ed83dbccce.png,PNG,RGB,1050,1050,1023275,valid,,3dc6ef3194d587f04c107753d9dd9499b46711a4162990525a3177d044578295,train
76095c338728,0,/content/aptos2019_raw/train_images/76095c338728.png,PNG,RGB,1050,1050,1011643,valid,,3930c87f6328bb25dc011837b4ed46f7555e4fb2255ca4d441b20f0c38e3813d,train
760b6f4c6d82,2,/content/aptos2019_raw/train_images/760b6f4c6d82.png,PNG,RGB,1736,2416,2092261,valid,,4afebe2139e5d1f23db3fe176d0324d0646d9b67384a1bb32b99da6be3ba5ac3,train
762d6e5d5068,3,/content/aptos2019_raw/train_images/762d6e5d5068.png,PNG,RGB,1736,2416,2216449,valid,,a80abf186d2a44b5cbb4962e417e18b01f71e4bed1588aed15463bf60f864a3a,validation
7635921c5efb,0,/content/aptos2019_raw/train_images/7635921c5efb.png,PNG,RGB,1536,2048,1904995,valid,,6789a5edde0ac9e02668ab99f3a62b99fcbcbb91bb59902f54eec20fa02ea158,train
763ad1236efe,0,/content/aptos2019_raw/train_images/763ad1236efe.png,PNG,RGB,1050,1050,897474,valid,,7b37042dc0bb4cbca24cdb6ce5837546f2ede9d2b61b5f9127f6b0970c40c9aa,validation
76516f828d88,0,/content/aptos2019_raw/train_images/76516f828d88.png,PNG,RGB,1050,1050,974522,valid,,441991c9a567133657e35e2144a51b4e38f099544bde50dd85254fcd499f6875,train
7663aba8d762,2,/content/aptos2019_raw/train_images/7663aba8d762.png,PNG,RGB,1736,2416,1811558,valid,,618b1e08813cb410b5b38668b6b1195a112a2a8ed145a301bf3534897e1f840b,train
767d777ee889,0,/content/aptos2019_raw/train_images/767d777ee889.png,PNG,RGB,1536,2048,1928579,valid,,0c5fe8169cdbb3f0d08629559c40ebc5d2d6653151dfecde0bffc55f6914e7a4,train
76b950c6ed5e,0,/content/aptos2019_raw/train_images/76b950c6ed5e.png,PNG,RGB,1536,2048,1980639,valid,,62535b36e3c7426def45d6b2cb5f9c5b2c14edb315b676cc25ac19a15d9be182,train
76bc31e0d3be,0,/content/aptos2019_raw/train_images/76bc31e0d3be.png,PNG,RGB,1536,2048,1923425,valid,,57d678280895fea97417d294a6b8f83aa89dda4fc10e77f2ffbe74e78dfc1fb8,train
76be29bb30b2,1,/content/aptos2019_raw/train_images/76be29bb30b2.png,PNG,RGB,1736,2416,2402545,valid,,4595bda3396ba2c708f678fa25dfb184b354c010447f12d032a17dc3ed383f6f,validation
76c0c7e1b6cb,2,/content/aptos2019_raw/train_images/76c0c7e1b6cb.png,PNG,RGB,1736,2416,1717851,valid,,336ed2e5e5682bded2f56dc0cfcc98ca7f18c1cecd76504fe7cbcb5bc0c99e0f,train
76cab26493f1,0,/content/aptos2019_raw/train_images/76cab26493f1.png,PNG,RGB,614,819,295848,valid,,35442cd90249f42e0780f39a588a138eb66f11f7d7ec6c6253e02c68d6334eb5,train
76cb010f7aa0,0,/content/aptos2019_raw/train_images/76cb010f7aa0.png,PNG,RGB,1536,2048,1939970,valid,,dbbd576b7bf38ea0f9e2a9e902ba587a7ebbd0bee7b602c70c4242529cc6731d,train
76df141d966b,0,/content/aptos2019_raw/train_images/76df141d966b.png,PNG,RGB,1536,2048,1926921,valid,,c524d56be7d7f558b1ce07c3b26fe63871373696bb6cb1b49cf6e8e1be1696f0,validation
76e589911303,1,/content/aptos2019_raw/train_images/76e589911303.png,PNG,RGB,1736,2416,1911926,valid,,beb3e0629c4f4b5cefc095fdd2976b3885429875770c0409f3c5d992cd777f05,validation
76e5b50f95a7,0,/content/aptos2019_raw/train_images/76e5b50f95a7.png,PNG,RGB,1050,1050,916099,valid,,02894181ab4068636af4b8016a79371bd4465084f311fe89f570cf7078a4c808,validation
76e6a9238570,2,/content/aptos2019_raw/train_images/76e6a9238570.png,PNG,RGB,2136,3216,2391285,valid,,74e2f2b61f98584776a5a72b92c3b0f7baa688a7f49f787b4ba525870e8aee84,validation
76f3473df8a6,0,/content/aptos2019_raw/train_images/76f3473df8a6.png,PNG,RGB,1536,2048,1793279,valid,,8262b85d516ade901f16186af8279c4ff2235e4c9732ee4ccea8ce7206a01a0d,validation
76fe19ff64fb,2,/content/aptos2019_raw/train_images/76fe19ff64fb.png,PNG,RGB,2136,3216,2554768,valid,,76456a166fdeea286fe7294c8862afc09afcab77805b768bcaa28d15992f987a,test
772af553b8b7,3,/content/aptos2019_raw/train_images/772af553b8b7.png,PNG,RGB,1944,2896,2068389,valid,,8085caa82ad107fc0324667d7f73fde0702278d5d51bc1bed28298ee60022a01,train
7743f4e04a6d,2,/content/aptos2019_raw/train_images/7743f4e04a6d.png,PNG,RGB,2136,3216,3018009,valid,,47a5145714ea30f771989bc8cfe2980ffeefd29705bd80a8ec0bc7a641c9df7c,train
77543f66a84a,2,/content/aptos2019_raw/train_images/77543f66a84a.png,PNG,RGB,480,640,310792,valid,,1fae2b4b0c1cb44c5e9c1856e37984a6fa7c176f4268ebf40fba8193388d07c7,train
77a1f1398fdb,0,/content/aptos2019_raw/train_images/77a1f1398fdb.png,PNG,RGB,1958,2588,5465025,valid,,c647e3ec37db2527e1341c33c98df6f798e68927d7d6cac14c88bd481fd183a7,validation
77a9538b8362,1,/content/aptos2019_raw/train_images/77a9538b8362.png,PNG,RGB,1736,2416,2272382,valid,,a6d9486777204aa90356fb505939138a8836378579999552b993d8c782948306,validation
77ab222bf85c,0,/content/aptos2019_raw/train_images/77ab222bf85c.png,PNG,RGB,614,819,289043,valid,,5862039dcc5bc0cbf950c294c681c1fba1d9785ab09e88a8f345291cc8455338,train
77acc2cafee1,0,/content/aptos2019_raw/train_images/77acc2cafee1.png,PNG,RGB,1050,1050,1019165,valid,,ffcb90c2f1a171d922711e643697fa3e2054b728f0386ff1a34e919a90742b83,test
77b7b71ebcc3,0,/content/aptos2019_raw/train_images/77b7b71ebcc3.png,PNG,RGB,1050,1050,1046693,valid,,cbb6ccde6a03af1773b160babea0b4993892066cb79915b655166681357018e0,train
77baa08a1345,2,/content/aptos2019_raw/train_images/77baa08a1345.png,PNG,RGB,1958,2588,4688980,valid,,64c28c09dc2c6fe6f8f359a6c6028aaf210910ce58b59d7a487a2ff91a875925,train
77e15f213b04,0,/content/aptos2019_raw/train_images/77e15f213b04.png,PNG,RGB,1536,2048,1903850,valid,,46f3142d1fcb49a6730ba1a5f31c431e63ff3911af96566345558d534680b950,validation
77e7c7a160c8,2,/content/aptos2019_raw/train_images/77e7c7a160c8.png,PNG,RGB,1050,1050,987435,valid,,dabd3383ec8cb37cc168ca40fede7d2dadd9d8da5fc11e62812665022c3549bb,validation
77f69c7ff324,2,/content/aptos2019_raw/train_images/77f69c7ff324.png,PNG,RGB,1958,2588,5258758,valid,,c990ff510104bbc3606ac7cff395f5b45304d4ca60725e490fa2779dc7e622dc,train
780be525036d,0,/content/aptos2019_raw/train_images/780be525036d.png,PNG,RGB,1050,1050,949806,valid,,5151d912bed2bae64910e290efab653768974dbfed7e4ffd9e3dc42a7307dd1b,test
780f9c237c56,0,/content/aptos2019_raw/train_images/780f9c237c56.png,PNG,RGB,1050,1050,826375,valid,,c6c0d654688451ccd0a18111430ee03b11cb7620e649301303190738919d1b22,train
780f9daaa24b,0,/content/aptos2019_raw/train_images/780f9daaa24b.png,PNG,RGB,1050,1050,1030454,valid,,43ea69720704658ad3db2b9bd38146682e447b433d8739ab515778148ff2fcb2,validation
7828dd083cdc,0,/content/aptos2019_raw/train_images/7828dd083cdc.png,PNG,RGB,1050,1050,1043156,valid,,934b1b08b33cd8f18cafe0cf36328f2137eec661ddc77df820961ad56457ebf0,train
7831ce1d895e,0,/content/aptos2019_raw/train_images/7831ce1d895e.png,PNG,RGB,1050,1050,986573,valid,,c118f5e1037fe9e63c18dbdd31b0de82de0c68c365041047034caac48771f29b,train
784d6d302f98,0,/content/aptos2019_raw/train_images/784d6d302f98.png,PNG,RGB,1050,1050,1023371,valid,,2969f3dfbe68c33d0e09eeccd72f0da0673db60cbd7da4cbf754d90fbe078bf5,validation
785777558f05,4,/content/aptos2019_raw/train_images/785777558f05.png,PNG,RGB,1958,2588,5392588,valid,,49bf6fbd3dde5790a0d06b9506b55fd9b7387601822d980dc3d431325dfcd385,validation
7877be80901c,2,/content/aptos2019_raw/train_images/7877be80901c.png,PNG,RGB,2136,3216,6055899,valid,,1c50fbadae4d9ef43eeba6382cf91c76c1b58d346b6acd208f65ddb02b677f2c,train
788ddb0b70b7,3,/content/aptos2019_raw/train_images/788ddb0b70b7.png,PNG,RGB,1958,2588,5147903,valid,,04cf225b764dafe6ba346b8ef88edf0738e39fba69eee0d214f6ff9c861ef257,train
78937523f7a8,0,/content/aptos2019_raw/train_images/78937523f7a8.png,PNG,RGB,614,819,333864,valid,,36f55ead4739851914dfe05fe1abc750445a9a1f0b134ff053e1c7f550eb803f,train
789434d095d1,4,/content/aptos2019_raw/train_images/789434d095d1.png,PNG,RGB,2136,3216,2662022,valid,,ba93ebe619ada982555576eb398d978af1928e90360f805a2460d4fa71bb7bbe,test
789c60cba801,0,/content/aptos2019_raw/train_images/789c60cba801.png,PNG,RGB,614,819,278776,valid,,235527a0deff093f64ee85b156b79b18a6ae03a1e704c562aef284e46c077442,train
789f0ec1eab8,0,/content/aptos2019_raw/train_images/789f0ec1eab8.png,PNG,RGB,1050,1050,1006217,valid,,c15708d204efa790fef4153569b5ebe3b2eaaf491e8514b71edac4c0a93c2fcd,train
78a577c3e0bf,2,/content/aptos2019_raw/train_images/78a577c3e0bf.png,PNG,RGB,1958,2588,4946647,valid,,db05c26e3376d24dc1b3ef1cedddb8c7cfadbd2e07f97ca27e8aaf71bf4723fa,validation
78b3f819dcc5,4,/content/aptos2019_raw/train_images/78b3f819dcc5.png,PNG,RGB,1958,2588,5157494,valid,,e11d6351a4305dbf14e0372359b158e52971665e6db5f15b360688de717a187f,train
78bcdffb8785,1,/content/aptos2019_raw/train_images/78bcdffb8785.png,PNG,RGB,1226,1844,1065815,valid,,65e86d5db7354a49b729e0a974ff3379eebf1f36643ff1e7c63d357f5ba9bd44,test
78d53c82a23e,2,/content/aptos2019_raw/train_images/78d53c82a23e.png,PNG,RGB,480,640,418996,valid,,0f852370971f60fb17368e2c405bb1f598f23fd7d785ae914b3b1be45d1bd065,test
79059d0592c4,2,/content/aptos2019_raw/train_images/79059d0592c4.png,PNG,RGB,2136,3216,2635140,valid,,cb6f51737617301c9d155515b4a74699d922c878d7ec98e8141261aa18f4b127,train
79540be95177,2,/content/aptos2019_raw/train_images/79540be95177.png,PNG,RGB,2136,3216,2854876,valid,,7c2349848f0bee0fb1f15ea076d32b0f0c10155bc3cc6526431752418322c3e1,train
799214e8b07c,0,/content/aptos2019_raw/train_images/799214e8b07c.png,PNG,RGB,1050,1050,840530,valid,,d55efb1d8c34bfbf82735676ba5574f78400180177ed2baef6bc33cb12d2acae,test
799cb4c816ae,2,/content/aptos2019_raw/train_images/799cb4c816ae.png,PNG,RGB,1736,2416,1894166,valid,,01f2b3d6ff61e19cfdb1c279672f1ab20a0855e317f7d02e38731581e0f10764,train
79ade634c633,0,/content/aptos2019_raw/train_images/79ade634c633.png,PNG,RGB,1536,2048,1693636,valid,,81aa005e6f21aa4c679c7dd75b7ffacdbfd6a8116f247aab3f8d3b9f580ab2d5,train
79be2ff796bf,2,/content/aptos2019_raw/train_images/79be2ff796bf.png,PNG,RGB,2136,3216,2950875,valid,,623293e740a1dd29d6fff941c6dcb64e5eb97663584ba0c530c84ce9e08f72c7,train
79cbae28d8b2,0,/content/aptos2019_raw/train_images/79cbae28d8b2.png,PNG,RGB,1050,1050,935523,valid,,0463881c686f521987b3ffa50c6c7e084ed8075121cd8615212afaf57432d6e0,train
79ce83c07588,1,/content/aptos2019_raw/train_images/79ce83c07588.png,PNG,RGB,1736,2416,2064698,valid,,e658e0418614b5160520588871354a6bd980935e80a8cb12985bfd774aef077c,train
79d44db3da2d,4,/content/aptos2019_raw/train_images/79d44db3da2d.png,PNG,RGB,2848,4288,5952483,valid,,3fed81258d7a0a897bce26f26ee5a7d71532235b8bd1be67d6a09538a0971f61,train
7a06ea127e02,0,/content/aptos2019_raw/train_images/7a06ea127e02.png,PNG,RGB,1050,1050,1046290,valid,,ddbf841d85ebeb8f96b5b591b04d6ee90734d680943af6bd9bb7d124640b6000,test
7a0cff4c24b2,2,/content/aptos2019_raw/train_images/7a0cff4c24b2.png,PNG,RGB,2136,3216,6323715,valid,,0695f93624dda5dca657381e3a55486539c7bab4f35c17bad745d1419b8e906f,validation
7a12f49e29df,0,/content/aptos2019_raw/train_images/7a12f49e29df.png,PNG,RGB,1958,2588,5209815,valid,,aadbba95c3d77e12273f8831d54f48d554d1dfddb1dd0f79d59c46cd21a7ee1d,train
7a238a1d3cf3,4,/content/aptos2019_raw/train_images/7a238a1d3cf3.png,PNG,RGB,1736,2416,1933064,valid,,42f23e04640951d964268734502a5b0661d19efb9ea5f16394cc8a6c7b4c00b1,train
7a39c91416e2,0,/content/aptos2019_raw/train_images/7a39c91416e2.png,PNG,RGB,1050,1050,1063884,valid,,010e3b6d3a6e9adeaf74dea802c975f0b39a715387e7ef8f8c6bb7801fb91eb2,train
7a3ea1779b13,1,/content/aptos2019_raw/train_images/7a3ea1779b13.png,PNG,RGB,1736,2416,1758561,valid,,6fb6e9d33a477471fe4ddc5ce9e92e991ddfb7a58297eecefb017ec1f51e4610,train
7a42443ed106,0,/content/aptos2019_raw/train_images/7a42443ed106.png,PNG,RGB,1050,1050,1127454,valid,,3bce23cb978c2bd149512aa29ed27e7844b6abc74446f3f1fbf0f979169b16ae,train
7a46cfa69bae,0,/content/aptos2019_raw/train_images/7a46cfa69bae.png,PNG,RGB,1050,1050,956687,valid,,7a30e736bcf410daa2c1f4830dfcd2cf150b0f1db76477aa2d118f8a0591df9c,train
7a6495a39d87,0,/content/aptos2019_raw/train_images/7a6495a39d87.png,PNG,RGB,1117,1476,2179664,valid,,dbd8c6198b40cf543868d1ad84d3e8e90767b38ef3a458ce09445b98679f9b4f,test
7a6e384a0846,3,/content/aptos2019_raw/train_images/7a6e384a0846.png,PNG,RGB,1958,2588,5144546,valid,,8a76e4d29fb9839d92963efa45b37cb801733dae29c15a148027f78c55a4c7a0,test
7a77c3eb468c,0,/content/aptos2019_raw/train_images/7a77c3eb468c.png,PNG,RGB,1050,1050,1022488,valid,,2115f091de8774f7f301fc8d7667e5f4e20c1b4740cdd35b16e96ac4388f3c92,train
7a9f45fdf29b,0,/content/aptos2019_raw/train_images/7a9f45fdf29b.png,PNG,RGB,1050,1050,1030479,valid,,eed1f380d51c9f8100ac7364ab8e28725e46d53e9da113838a39c5daa3c42e91,validation
7aabd768abff,0,/content/aptos2019_raw/train_images/7aabd768abff.png,PNG,RGB,1958,2588,5450395,valid,,42919a24cbdf6e8a43b1023246c865b6b6b0501954f8932cfe963ba8d29278c8,train
7ad0c4975890,0,/content/aptos2019_raw/train_images/7ad0c4975890.png,PNG,RGB,1736,2416,2191812,valid,,e6e09d77149ed06f33619b6be4b24ddfed9db9a901fb3e78a5fce0ee3f268f96,test
7adfb8fc0621,0,/content/aptos2019_raw/train_images/7adfb8fc0621.png,PNG,RGB,1050,1050,1048890,valid,,a8ea12acc19c5c21b10c79a7ecf1118e2d14a9d1874ed97e31a1813a2817c2ec,train
7ae69d22075a,1,/content/aptos2019_raw/train_images/7ae69d22075a.png,PNG,RGB,1050,1050,985123,valid,,676e94e62cff99398bcbc17c6d29d4c3347628c405735926ee133d76c476fe83,train
7af4d8704032,0,/content/aptos2019_raw/train_images/7af4d8704032.png,PNG,RGB,1050,1050,984269,valid,,de1d364894c19812eec95fa1a8cd2cdc2a10caf15bce1beefb939f673ee73522,train
7b20210d9120,1,/content/aptos2019_raw/train_images/7b20210d9120.png,PNG,RGB,1736,2416,1680068,valid,,52a43cbca38bfe7e29f7225337fcf2f6fdd76d86f03c7c261e2bf8e7819f3512,train
7b211d8bd249,4,/content/aptos2019_raw/train_images/7b211d8bd249.png,PNG,RGB,2588,3388,7225350,valid,,dd47a2f02e560d0adefd450c07273da7617f11b846c4f14e5482e0a58c91c944,train
7b29e3783919,3,/content/aptos2019_raw/train_images/7b29e3783919.png,PNG,RGB,1958,2588,4614908,valid,,77540ec8d3830fca07696502ecf163542750c791851d6dcaca8b4dfd47164109,test
7b49041cbf17,3,/content/aptos2019_raw/train_images/7b49041cbf17.png,PNG,RGB,1958,2588,5834387,valid,,cbdef56401790dbf72d1f2a7abeda67960816a3a11006bde0247085f51d004f6,train
7b691d9ced34,0,/content/aptos2019_raw/train_images/7b691d9ced34.png,PNG,RGB,1736,2416,2477295,valid,,2c875ad8872e63389b8871b4bb2c762f33325ec10c50c4a51119b7f75db875e6,train
7b87b0015282,0,/content/aptos2019_raw/train_images/7b87b0015282.png,PNG,RGB,1050,1050,1002519,valid,,4d3b3148d4cc53b3526c92c433c2bcd803d41944839e0d2dc09df90753cfcec8,train
7b8c78b41c0d,2,/content/aptos2019_raw/train_images/7b8c78b41c0d.png,PNG,RGB,1958,2588,5407775,valid,,13b828bee669227ec752ce73fcc91404ae7261c52e203216eccc7e42f53714bc,train
7b9d519cbd66,0,/content/aptos2019_raw/train_images/7b9d519cbd66.png,PNG,RGB,1958,2588,5281901,valid,,43726d7948e628474805da61011dc22c8b0f0f8ee53e2d9a933c56cea8764a82,train
7ba6b23c4b46,0,/content/aptos2019_raw/train_images/7ba6b23c4b46.png,PNG,RGB,614,819,344275,valid,,6aa044f2b800b7110f34b58f92353af3392406455b2875070edc4dfd5dda8bc5,train
7bc00e58d419,0,/content/aptos2019_raw/train_images/7bc00e58d419.png,PNG,RGB,1050,1050,1043202,valid,,fcfdde9fc1c418d5eb9acdeb19a84830439313a04a66376cb72984b11404faad,train
7bc2e0fa3f72,2,/content/aptos2019_raw/train_images/7bc2e0fa3f72.png,PNG,RGB,1958,2588,5118302,valid,,6008e34e653fe5ca8236b660a1195445676383572c79ac6264fd8f0df10e0777,train
7bc4dd99eee5,4,/content/aptos2019_raw/train_images/7bc4dd99eee5.png,PNG,RGB,2848,4288,5517485,valid,,23d3b5d6ccf3b4e4cbae38eb162357b468be3d240099091e1ee4683cde1e722e,train
7bda86d95c5b,2,/content/aptos2019_raw/train_images/7bda86d95c5b.png,PNG,RGB,2136,3216,3388335,valid,,722b97aa2088972b451b7955cb12dedc480e66a9d612e3e0408889789b9ad9a0,train
7be1b9aa78aa,0,/content/aptos2019_raw/train_images/7be1b9aa78aa.png,PNG,RGB,1050,1050,976245,valid,,cdc78adacf1ab715b44d2764c805ca99fb3fef7e68217c276a3c3330c0aaf941,train
7bf981d9c7fe,1,/content/aptos2019_raw/train_images/7bf981d9c7fe.png,PNG,RGB,1736,2416,2214945,valid,,9ad75d00aba279bb2ac2203dc9ca404a28b207c8a2d9ed59bbbab32c9ca76da7,train
7c2e852171c0,0,/content/aptos2019_raw/train_images/7c2e852171c0.png,PNG,RGB,1050,1050,1021203,valid,,bbd6b720a3c5c4abd1fc373bc7f98dfb8a2d32a2ac11995130f08bfa6133f45b,train
7c2f820a6425,2,/content/aptos2019_raw/train_images/7c2f820a6425.png,PNG,RGB,1736,2416,2252934,valid,,31d55a96e7365e95f0841c92ec849de4cd16f5363ab3275c306288c3d65da40b,train
7c3747c0b2c3,0,/content/aptos2019_raw/train_images/7c3747c0b2c3.png,PNG,RGB,1536,2048,1922115,valid,,6b4d38fed5cd6d3b8a6b0aa38a5e1246e82741db6a3e7feb00111e69536286a5,train
7c52fe73e748,2,/content/aptos2019_raw/train_images/7c52fe73e748.png,PNG,RGB,1000,1504,1318082,valid,,3abda70e0d7494e17f0f9f27483891f0f304911a6b9a3c8d62e3db6b87d52935,validation
7c629b491d1a,4,/content/aptos2019_raw/train_images/7c629b491d1a.png,PNG,RGB,2136,3216,2601474,valid,,c5476b4c3cee4c22e3c959da5bd9315f528ea110654704609ea4f1e27a17c4d6,train
7c6594b50690,0,/content/aptos2019_raw/train_images/7c6594b50690.png,PNG,RGB,1050,1050,955384,valid,,2eeb650cfead002e3a8492086d7b0e306689cec4b842be1407d6bcfadfe234f6,train
7c90ab025331,4,/content/aptos2019_raw/train_images/7c90ab025331.png,PNG,RGB,2136,3216,2811331,valid,,9a47a0f636cc01ddea9736dd162d5933c2c62a7de5d19be6356977acc18c56e2,test
7cc4b7aabe04,4,/content/aptos2019_raw/train_images/7cc4b7aabe04.png,PNG,RGB,1736,2416,2199915,valid,,7be1edb921ec3f04f4be15f2fbe48ba38e1e7743c76f28040fdc749378573fd7,test
7ccb267fd394,1,/content/aptos2019_raw/train_images/7ccb267fd394.png,PNG,RGB,1736,2416,1939788,valid,,8fb1a4218e1b404c7d41875eb715b67ade6e0445e8354f90973797545b23b419,train
7ccf9d25dc48,0,/content/aptos2019_raw/train_images/7ccf9d25dc48.png,PNG,RGB,1050,1050,1053023,valid,,c41843bbe0e83f7cd7e9c1650bd8774833679ce8bbdca8d9d3079f77b02d4623,train
7ce671f952be,0,/content/aptos2019_raw/train_images/7ce671f952be.png,PNG,RGB,1050,1050,948218,valid,,487b2d87d8a682c5e99e68dfd1e3cbab9c9936692d49919f404c66de0aa70cd6,train
7d0a871c45db,0,/content/aptos2019_raw/train_images/7d0a871c45db.png,PNG,RGB,1050,1050,1008307,valid,,9f7ee99102bd5b9b95df94af46e406aafe89f79b7fba1c3baa4ba23b7749bad3,train
7d11dbc1e738,0,/content/aptos2019_raw/train_images/7d11dbc1e738.png,PNG,RGB,1536,2048,1923763,valid,,b8b6dc2fb431430ccf3245d5aff9e7d6ef63cd1c388c6ee37778c6b16035df6b,validation
7d1b40fdbd86,2,/content/aptos2019_raw/train_images/7d1b40fdbd86.png,PNG,RGB,1050,1050,1022868,valid,,d40bfcae51948b941b427a5631986670db5e74d977eaeebd33c0447e2f722f0e,test
7d1da90d3ca9,2,/content/aptos2019_raw/train_images/7d1da90d3ca9.png,PNG,RGB,1958,2588,5545354,valid,,8f3ec02707ec0dc7d3ec8f92a485708129a00bf263856911f993a194b237819d,train
7d261f986bef,2,/content/aptos2019_raw/train_images/7d261f986bef.png,PNG,RGB,1424,2144,2747144,valid,,cc6321d2f353b40936c72646f4924bcfd3594a92c070c17709d62c6608273107,test
7d37a2939f12,2,/content/aptos2019_raw/train_images/7d37a2939f12.png,PNG,RGB,2136,3216,2709208,valid,,f6c1f2dfe0e560dbfdc914b7099a6baa1d36a1bdb95dc6abbd9269c7b16e6c3d,test
7d3835e4e63a,3,/content/aptos2019_raw/train_images/7d3835e4e63a.png,PNG,RGB,2136,3216,3039090,valid,,9a092d850c76ae698b0b188a14d51aa3940f3ca66694cba648eddb408fdbe0bb,train
7d48f8cdfb69,0,/content/aptos2019_raw/train_images/7d48f8cdfb69.png,PNG,RGB,1536,2048,1912494,valid,,1cb7e11553c36fbfeb6479e1abf2436d650ae04b2cb1764639c222514dd32f9d,train
7d626a7ffe76,4,/content/aptos2019_raw/train_images/7d626a7ffe76.png,PNG,RGB,1736,2416,2560041,valid,,b8d3798ca54471036b66ab45cfefe6b78b33521425b3eda8de90220f0b99d473,train
7d8f67cadc29,2,/content/aptos2019_raw/train_images/7d8f67cadc29.png,PNG,RGB,2136,3216,2511215,valid,,e795ee56966d9941eb3200cf1fee1daa699ad82aa3d67083c90d0e522468a926,train
7d94a000c2d0,0,/content/aptos2019_raw/train_images/7d94a000c2d0.png,PNG,RGB,1050,1050,949901,valid,,388a0f12a80374d22027edc6d0b9d5405bb7ba005bffdf9abfe0c8706044a4c0,train
7da558d92100,0,/content/aptos2019_raw/train_images/7da558d92100.png,PNG,RGB,614,819,270675,valid,,f13c7859f547b433b39b9f9d831ddeaf9a07c8f8bc78df88d87178b64b0a723a,validation
7ddcfcea7369,0,/content/aptos2019_raw/train_images/7ddcfcea7369.png,PNG,RGB,1536,2048,1661095,valid,,266241f4680544306e7960b7784f8962891e7ef5b5f4a3a4ee5cc5db599df76d,train
7dee6bf8b9c1,2,/content/aptos2019_raw/train_images/7dee6bf8b9c1.png,PNG,RGB,1736,2416,2248903,valid,,2b12e26810eee0796385620b60b546568884d76d13e9d239b0369ebcf2243b54,train
7e0598cc88a0,4,/content/aptos2019_raw/train_images/7e0598cc88a0.png,PNG,RGB,1736,2416,2234876,valid,,6305f4614482f27d95f9d8837ab538cc67ebcf762059aab3dcc511de5464d082,validation
7e160c8b611e,3,/content/aptos2019_raw/train_images/7e160c8b611e.png,PNG,RGB,2136,3216,5827610,valid,,78bc4b0b1d420e7dd09b915689b959e81d3a483610724ecf038c6f1f4bd48b33,train
7e4019ac7f5a,4,/content/aptos2019_raw/train_images/7e4019ac7f5a.png,PNG,RGB,2136,3216,2563432,valid,,ea36d146a3b58dfd2b727af8c749f7be60a5aa412c924739b461dd655ca60877,train
7e5a76c4e103,0,/content/aptos2019_raw/train_images/7e5a76c4e103.png,PNG,RGB,1536,2048,1823914,valid,,33d9c4d4f66bb9c734cf0363d1a49bad07fb056e70b7b7ca13e31362202ba547,train
7e6e90a93aa5,2,/content/aptos2019_raw/train_images/7e6e90a93aa5.png,PNG,RGB,2136,3216,2866537,valid,,49ab34b66585a39365601038258511f9b257ad3aaa1a83778020bd4a882f76c0,validation
7e70344b0c25,0,/content/aptos2019_raw/train_images/7e70344b0c25.png,PNG,RGB,1536,2048,1920050,valid,,87738f5ae914edd311786f81d7fa4e7393632754fd01cf0ecb51a3b963ec2123,test
7e77b61e1639,0,/content/aptos2019_raw/train_images/7e77b61e1639.png,PNG,RGB,1050,1050,913228,valid,,fb0861fff0a4dc38c50da22842ee72873fb226804a38f5004e931d0815c08a50,train
7e9081e95bf6,0,/content/aptos2019_raw/train_images/7e9081e95bf6.png,PNG,RGB,1050,1050,1019519,valid,,e4bbf9a23a584e4e7a67d2766de16c4e3e50ae11f6d06f0c49df05d7b4ea68d7,train
7e9458de5707,2,/content/aptos2019_raw/train_images/7e9458de5707.png,PNG,RGB,1736,2416,2237294,valid,,80a8aa858ecc1b6d1bcc50b1441c86f1f8f4819244812d20c78cfa8d0c610842,train
7e980424868e,0,/content/aptos2019_raw/train_images/7e980424868e.png,PNG,RGB,1050,1050,1009674,valid,,ca2890bb4bb7d9b78a98b30c8c7b9600a098b919f5c91d680c0e4ef6ab77a800,validation
7ea756985353,1,/content/aptos2019_raw/train_images/7ea756985353.png,PNG,RGB,1736,2416,2332614,valid,,db666da735a1cc255f5bd6b3507f6e280a890ae6628bf0d772ba9ff9d8cfc4ff,train
7ec0e61a7e29,0,/content/aptos2019_raw/train_images/7ec0e61a7e29.png,PNG,RGB,1050,1050,992496,valid,,b1f2490d4e9efe0c31508326713c1414efa435459b770510f2f668a8643068a6,train
7ec1ffe8220b,2,/content/aptos2019_raw/train_images/7ec1ffe8220b.png,PNG,RGB,2136,3216,3036338,valid,,822025ddc407b26ffb136e27c9498c92f8c539222f50de6e368f09d2d396a68f,train
7ed4128b2a4e,0,/content/aptos2019_raw/train_images/7ed4128b2a4e.png,PNG,RGB,1050,1050,1065852,valid,,d983878cf7d63e772dd3071a804b272d8c3aa1b04ab2f778d2d99c7026881525,test
7ee6de71c140,0,/content/aptos2019_raw/train_images/7ee6de71c140.png,PNG,RGB,1050,1050,995474,valid,,15ba79e5ae03ce48f6d6a0e54e2462110693d034cc81cac11410ca76263ab6fc,validation
7eeb191ad06b,0,/content/aptos2019_raw/train_images/7eeb191ad06b.png,PNG,RGB,1050,1050,1035347,valid,,e49e3969ecefcb49159cea631d577f3eb5eabab2a53adf10ee8c22c9cffa5533,train
7eee3d1f1268,0,/content/aptos2019_raw/train_images/7eee3d1f1268.png,PNG,RGB,1958,2588,4805418,valid,,4095dd0a6b7a9ad92c84b3d2c385a51dd2f69ee92377f037764edb0101625395,train
7ef5ff774a48,1,/content/aptos2019_raw/train_images/7ef5ff774a48.png,PNG,RGB,614,819,311513,valid,,9e488cacc69bbd4579ce307c57fe167d60ca07b8434519597b69201acb34a0cf,test
7efc91af4ae6,4,/content/aptos2019_raw/train_images/7efc91af4ae6.png,PNG,RGB,358,474,221737,valid,,41e0de902e1e4666e191a3f48d01d3fd96e2c174160874372e2bd3218a92f5b0,validation
7f0ffeb0a333,0,/content/aptos2019_raw/train_images/7f0ffeb0a333.png,PNG,RGB,1958,2588,5778218,valid,,67b7a6b648cd1bf996930fd6d47336c59d53531d37a2fed67fe17b04a31c3bf2,train
7f1f3269f546,0,/content/aptos2019_raw/train_images/7f1f3269f546.png,PNG,RGB,1050,1050,962947,valid,,b19cee9034e5d4e0dc98cc28aaef9d486e9c79d5f92b01f275bb42c245d34e63,train
7f2123bc89a3,0,/content/aptos2019_raw/train_images/7f2123bc89a3.png,PNG,RGB,614,819,287551,valid,,501db05e5627b57c5ca7242dedcd522dcfe63608af3fe74497cc7cba40dee178,train
7f2cce721e19,0,/content/aptos2019_raw/train_images/7f2cce721e19.png,PNG,RGB,1050,1050,984382,valid,,c632d63a3e003e2ab655dab31acabfd2a1333a5357e44214b8176b9843da1229,train
7f39c36469b5,0,/content/aptos2019_raw/train_images/7f39c36469b5.png,PNG,RGB,1050,1050,1076490,valid,,0f7c204c377e829fd16bb506178d4c50db72eb7411db62b7b52db59ec8a68097,train
7f43becd3e83,0,/content/aptos2019_raw/train_images/7f43becd3e83.png,PNG,RGB,614,819,365155,valid,,b5849007741e8337fe0bd6f90825f461aa33651155a6572d2668d28b7118e65f,train
7f60f2a083d3,1,/content/aptos2019_raw/train_images/7f60f2a083d3.png,PNG,RGB,1736,2416,2132154,valid,,563c084af5db6894d8c2bf9ab03dc2b59bfb3d59816c9262a272c99ee249597b,validation
7f6690fa390a,0,/content/aptos2019_raw/train_images/7f6690fa390a.png,PNG,RGB,1536,2048,1799753,valid,,f517c0f7a0c27efd8a0a51c0b071cde1648b04d8576da5d01fa5577073b3dbbb,train
7f6ce40f306b,2,/content/aptos2019_raw/train_images/7f6ce40f306b.png,PNG,RGB,1000,1504,1302424,valid,,649dfa5e6b6271efe5b2b0e42da72a7fb5f26b74dfe1d1f8be8fccac80745b63,train
7f84284598f5,2,/content/aptos2019_raw/train_images/7f84284598f5.png,PNG,RGB,1958,2588,5137675,valid,,2f5ea3b466488baadbd9b3bcc1b102cd9a1bb314345d7be3dccc5d82ec608286,train
7fc3a8bb40de,0,/content/aptos2019_raw/train_images/7fc3a8bb40de.png,PNG,RGB,1050,1050,1038149,valid,,2d30323e79aaa197654e5dc625dc3533f2ce0921fe6af258c58f153857e25829,train
7fdb177b8f7d,0,/content/aptos2019_raw/train_images/7fdb177b8f7d.png,PNG,RGB,1050,1050,995727,valid,,bf9deab15c98c7c0b34eb9a126201dd15123fd83d0ea333bea1dcd17112f4cab,train
7fe7309d0b4f,0,/content/aptos2019_raw/train_images/7fe7309d0b4f.png,PNG,RGB,1050,1050,1074454,valid,,889d83464393497d66af93f4bd8e96b32dde86f1743d471843372622b29b10d8,train
8000a6b97a84,2,/content/aptos2019_raw/train_images/8000a6b97a84.png,PNG,RGB,2848,4288,4512343,valid,,e297fcba47a13f939d07df102ab621f647c06909f5eda801395521ae1d9ef3d7,test
8010c931321f,0,/content/aptos2019_raw/train_images/8010c931321f.png,PNG,RGB,1050,1050,1046567,valid,,fd4fef01a2a7c05fece00836e3efa52923126a6470ce86b06bb409b859edf381,validation
803120c5d287,2,/content/aptos2019_raw/train_images/803120c5d287.png,PNG,RGB,2588,3388,7460822,valid,,a2e1a436ec242571288d920ab27fb3e2b1d70419f05bcbcba566b09284b985bb,train
807135cbc438,2,/content/aptos2019_raw/train_images/807135cbc438.png,PNG,RGB,1958,2588,4874827,valid,,ab59f7e1ea2ad7c0df4278b51fffd608cf15c0ea7e4dcb598dc6a6aeb7f3122b,validation
80a02014b418,1,/content/aptos2019_raw/train_images/80a02014b418.png,PNG,RGB,1944,2896,2496726,valid,,f3cee5c8004116a75dd38ba144fc7fe1e220251dfd5d28c0aacc8c831697fe40,train
80b5697f2a5e,0,/content/aptos2019_raw/train_images/80b5697f2a5e.png,PNG,RGB,1050,1050,1032553,valid,,0cba9438b42f6223e6fba988ab65bb1a5f091c9822f068f4c398a09b32b1095a,train
80b5a9519aec,2,/content/aptos2019_raw/train_images/80b5a9519aec.png,PNG,RGB,1958,2588,5019308,valid,,c2bc13d068f3cab8f4d2c3425f6843dba4f1716b6301a3fdae44679b82ba43f4,train
80c67efc8101,0,/content/aptos2019_raw/train_images/80c67efc8101.png,PNG,RGB,1050,1050,943058,valid,,1742b6c2111ecf982ca5110539a7fc3c83d350b66541dd148156a1743a856c4f,test
80ca40196225,3,/content/aptos2019_raw/train_images/80ca40196225.png,PNG,RGB,1958,2588,4369906,valid,,7f12f164fd0f72efa3b7ce513520418557e38d20a3c7f290921cc695ac65ea06,train
80d24897669f,1,/content/aptos2019_raw/train_images/80d24897669f.png,PNG,RGB,1736,2416,1884614,valid,,84f0bacc3c6989e359edee5399a490129ffb0c6657d91443e92d2a73a8575242,train
80dbeb0fdc75,0,/content/aptos2019_raw/train_images/80dbeb0fdc75.png,PNG,RGB,1050,1050,1013544,valid,,9640856828b4e671b348255d72b20165758c60c2f44974db796ad8d2036b4a63,train
80e6e425f966,0,/content/aptos2019_raw/train_images/80e6e425f966.png,PNG,RGB,1050,1050,913689,valid,,bb7d9a78d2bb381f0652584e37e09935411f905acec6dc5f9166bb3539e4ff89,train
80e7cc0a0649,3,/content/aptos2019_raw/train_images/80e7cc0a0649.png,PNG,RGB,1958,2588,4311619,valid,,bed083f431e26bb3f4fa6855dbb311850ea077c42254ac204178b42c2ac8b254,validation
80ed04a84a16,0,/content/aptos2019_raw/train_images/80ed04a84a16.png,PNG,RGB,1536,2048,1660477,valid,,ab83baf63f4596005d1047f953d678676645d86b354411236755bdff85d513ea,train
80f6b30ece8c,0,/content/aptos2019_raw/train_images/80f6b30ece8c.png,PNG,RGB,1536,2048,1849328,valid,,0b9966e4324955440112d77f5462ec2453253e88044ae2d6f0930635b617e0ab,train
80feb1f7ca5e,2,/content/aptos2019_raw/train_images/80feb1f7ca5e.png,PNG,RGB,2136,3216,6156817,valid,,efa8ad8fd282529da2320aa07f1feb63323382987438630662b68f1e07d4c818,train
810d3779abd9,3,/content/aptos2019_raw/train_images/810d3779abd9.png,PNG,RGB,480,640,346877,valid,,11898be8fcc88b5d78a34e47ec9e4c16f465035aeb599a2e45215cd8ad349167,train
810ed108f5b7,0,/content/aptos2019_raw/train_images/810ed108f5b7.png,PNG,RGB,1536,2048,1924919,valid,,209b8309df322ee009df9686cbd82279d481053da0574c58b6475e34e1b80fbb,train
8114d6a160df,1,/content/aptos2019_raw/train_images/8114d6a160df.png,PNG,RGB,2848,4288,4977348,valid,,650a934ed83aa2b6cf69a26d11c2b4f3fe6dc947479975eadfb8272ae2610a3f,train
812d5adafaf2,2,/content/aptos2019_raw/train_images/812d5adafaf2.png,PNG,RGB,1736,2416,2449287,valid,,717bcbdb4e1b81efbc252e4d2a04b9385b456f92be3a24dd61aa20fd592e3704,validation
81371b0c01ad,0,/content/aptos2019_raw/train_images/81371b0c01ad.png,PNG,RGB,614,819,318522,valid,,95eef61fb51b7e89bdc56f6a9a7d17b9f6b2cf4eb27b7de26904cd8f25d10e51,train
81704925f759,0,/content/aptos2019_raw/train_images/81704925f759.png,PNG,RGB,1536,2048,1944758,valid,,99ab999c811bd0853e4206c8cda089b164c3d4120ee16e2b5e9c24acd1240ad1,train
8185ce1cdcef,0,/content/aptos2019_raw/train_images/8185ce1cdcef.png,PNG,RGB,1050,1050,1004901,valid,,d7374b8a1a8e6e35155163839b48622a268bb154330d4ab623d4f1229ca483c0,test
81914ceb4e74,0,/content/aptos2019_raw/train_images/81914ceb4e74.png,PNG,RGB,1050,1050,973441,valid,,76a2aa47ed78cc0efbb2a1217dbf0721fb3d70feec842a457124b57ad24860aa,train
8191ae701985,0,/content/aptos2019_raw/train_images/8191ae701985.png,PNG,RGB,1958,2588,5123295,valid,,997bb2271f6545c092b9af128a87e56585be2cefa82e66e89ff686ed1732e07d,train
81b0a2651c45,2,/content/aptos2019_raw/train_images/81b0a2651c45.png,PNG,RGB,1424,2144,2632244,valid,,5739eed29f57a77f872a595cc9efd2c74d45507e18bce56bccb3a86fa2f1ee49,train
81bc03e2ff2b,2,/content/aptos2019_raw/train_images/81bc03e2ff2b.png,PNG,RGB,2136,3216,2798007,valid,,eb6201401ae1b56a8b22952b9cb3f42a4139a215b86cb38c3b9441c71fca21dc,train
81d79d53ed7b,0,/content/aptos2019_raw/train_images/81d79d53ed7b.png,PNG,RGB,1958,2588,5393652,valid,,29e30413d26dfb1f5cca1f96d787978b664829c7ff21638c0916e8953e0f0d13,train
8201cab8322d,3,/content/aptos2019_raw/train_images/8201cab8322d.png,PNG,RGB,480,640,412913,valid,,b6f89ace8c3fa2bae74d586d2fd8ebca9939bf338f31ee2389e496f415ccf8c4,validation
82088c6734e6,0,/content/aptos2019_raw/train_images/82088c6734e6.png,PNG,RGB,1050,1050,1030643,valid,,aa19ceee0e1dae3244fa9f5e4945216c6d67ec4b0fe532c74f2acdb20a99e193,train
821789e9053f,1,/content/aptos2019_raw/train_images/821789e9053f.png,PNG,RGB,1050,1050,972805,valid,,e65859691a11142f26272e8885b511115035fa67e553f77645d9f2c958e8700b,train
8241e43408a8,0,/content/aptos2019_raw/train_images/8241e43408a8.png,PNG,RGB,1050,1050,1050581,valid,,cee1cc1daef0727498a8c19c890fea7749ac4e360264d949d272f8f95760a4d1,train
8273fdb4405e,1,/content/aptos2019_raw/train_images/8273fdb4405e.png,PNG,RGB,1736,2416,2128878,valid,,9b182c84b6ade87d1e0c33e62aa9156533d6f4962e88d79053ae8c8c6603d1b4,validation
82910bba4753,2,/content/aptos2019_raw/train_images/82910bba4753.png,PNG,RGB,1958,2588,4110851,valid,,e409d68a64ed9850d0c8cab0b66266b4e7e207c3ca8703c240ad024c0e0decad,train
82ac8463fadd,1,/content/aptos2019_raw/train_images/82ac8463fadd.png,PNG,RGB,1050,1050,1030811,valid,,ef22d070d4a94dcf3203b175ad323e58d0770f5975f59cbd2c7cc3184be78df5,test
82bb8a01935f,4,/content/aptos2019_raw/train_images/82bb8a01935f.png,PNG,RGB,2848,4288,4664931,valid,,556908f7022b30424048b0861aadb62c420159e629ff5c37e208405348eb8e44,train
82d364726a58,0,/content/aptos2019_raw/train_images/82d364726a58.png,PNG,RGB,1958,2588,5439499,valid,,43df485b3f965aa4d94ee70fe2e30ca603437d4afcd79e5acac5aaa46ac8f80e,train
82deb07a6618,2,/content/aptos2019_raw/train_images/82deb07a6618.png,PNG,RGB,2136,3216,2778174,valid,,9b8579c84332868a801f6e6215be7ea507d3b74f4378a191762ce9d3b5168cfe,train
82e5bc01f8a4,0,/content/aptos2019_raw/train_images/82e5bc01f8a4.png,PNG,RGB,1050,1050,1005672,valid,,16ca39f647c5ba9a029cfacabc95c4d3b78165b8bf49c80226303099a03397f7,train
82f2784ead76,2,/content/aptos2019_raw/train_images/82f2784ead76.png,PNG,RGB,2136,3216,3178106,valid,,fda42cc0102df646d1acd2ab829eee1fa696379beefcf3cf87f7c42de974e702,train
83038ca49b6d,0,/content/aptos2019_raw/train_images/83038ca49b6d.png,PNG,RGB,1050,1050,1033133,valid,,7e48deb21fd2b78a1b50f39994e47f7837797d461300cb97ca87a2cbd86e3e4e,train
830e297965a1,0,/content/aptos2019_raw/train_images/830e297965a1.png,PNG,RGB,1536,2048,1930455,valid,,e65f9447cd69d31fd09157ca5fe17f26d84ba5a8d5275f7b11ca634dd27f3324,train
8329e80c10ac,0,/content/aptos2019_raw/train_images/8329e80c10ac.png,PNG,RGB,1050,1050,1161675,valid,,9e2f13faabf60a06151a4bb9ee326913aa4c133ae352f8cc622770913ec1ffdf,validation
8344c783da65,0,/content/aptos2019_raw/train_images/8344c783da65.png,PNG,RGB,1050,1050,947742,valid,,0fbfd3a8b08a46bdcba614517d211fc3668610a72221379554d2779e802c696e,train
83517eaeccb9,0,/content/aptos2019_raw/train_images/83517eaeccb9.png,PNG,RGB,1050,1050,1031600,valid,,73fa1ac41d455a74a3e46898d1cb94bf6f466238f5899d600e279874dc5c9bdc,test
835b9f6e12ba,0,/content/aptos2019_raw/train_images/835b9f6e12ba.png,PNG,RGB,1050,1050,805041,valid,,9e64591b592ceff2ba5441cabdc4c5ab15ea04e2a51ce2c0c743390a9b988270,train
837acf120946,0,/content/aptos2019_raw/train_images/837acf120946.png,PNG,RGB,614,819,358757,valid,,94900e1829132669b9ddbde4128645eb1fa4e3187b3232581a91fd97872a4964,train
838b3e4d0bb4,0,/content/aptos2019_raw/train_images/838b3e4d0bb4.png,PNG,RGB,1958,2588,5684092,valid,,f8586b076b691ad348141cc7ef0d613fb1fca17c37cd564bbcc33dfc8ada16ef,train
838c87c63422,4,/content/aptos2019_raw/train_images/838c87c63422.png,PNG,RGB,1736,2416,2003677,valid,,1fd759d1965a2784cc23e6845a01fc5aa2dcb778bcd91a5942377a20926493ab,test
83a63c4a3e4a,0,/content/aptos2019_raw/train_images/83a63c4a3e4a.png,PNG,RGB,1050,1050,1028391,valid,,e46edb4f5a76cc1e9f239b08b6b9707fa808d0d6afb21848ed23ec90b032234f,validation
83b61051737f,2,/content/aptos2019_raw/train_images/83b61051737f.png,PNG,RGB,2136,3216,2975962,valid,,07cef1401789b90e4c8b1d7781e1d0c6c184d1e0c55aec45033c0fde5cc27a20,validation
83d6e40c869f,2,/content/aptos2019_raw/train_images/83d6e40c869f.png,PNG,RGB,1226,1844,769570,valid,,063115a5894a0b428f9f980aedcae6d9edd6528ae6579a1c9d4087aab5924348,train
83d81ba5959c,0,/content/aptos2019_raw/train_images/83d81ba5959c.png,PNG,RGB,1536,2048,1942566,valid,,c6caf1967b651f10437195f7fa946351b7864ae8a44ca42bec24f7e2ccbc8246,train
83df53d58f28,0,/content/aptos2019_raw/train_images/83df53d58f28.png,PNG,RGB,1050,1050,945714,valid,,ec717faca8cef5e663ce227ac02b76936c6106c2cff061359864d24e204f159e,train
83e529e95b0e,1,/content/aptos2019_raw/train_images/83e529e95b0e.png,PNG,RGB,1736,2416,2162807,valid,,7539d3ff11886ef1bf40689b17a34463b65d3e10797669e581fb23b18f3177f4,validation
83fda7c0500b,0,/content/aptos2019_raw/train_images/83fda7c0500b.png,PNG,RGB,1958,2588,5640476,valid,,b8f37cdb232b161c3426cd05c46ac7116a4ad10e5e24244c650bd023cf3fff14,train
840527bc6628,2,/content/aptos2019_raw/train_images/840527bc6628.png,PNG,RGB,2136,3216,2328394,valid,,eda0e315fa5eb4bd1b5e39aa3ec6f49770b5101464077478c6a624b1a20542de,validation
840a06a9c690,0,/content/aptos2019_raw/train_images/840a06a9c690.png,PNG,RGB,1050,1050,1011928,valid,,9c06235fc57a4d33d5cdaa990aa0704be88ef577fb57113c40839377f0aad61c,train
8421107255ae,2,/content/aptos2019_raw/train_images/8421107255ae.png,PNG,RGB,2136,3216,2554606,valid,,58169c0fd9cabc13d2e27bb837f285fbd6201408d3ff7a6f3ebb480c3555d4e3,train
842d697884f6,2,/content/aptos2019_raw/train_images/842d697884f6.png,PNG,RGB,1050,1050,941687,valid,,2b24020143bba4f9761c4a808a7f2500eb7a1d7501a71f4fff0491fa3e56ed28,test
8433a032b96c,0,/content/aptos2019_raw/train_images/8433a032b96c.png,PNG,RGB,1536,2048,1937497,valid,,e49842efdc29d258a176d7ec90c0b2a60a56af2bcec382050d9ada4cf06b024b,train
8448af27ba07,0,/content/aptos2019_raw/train_images/8448af27ba07.png,PNG,RGB,1050,1050,1110781,valid,,5bcbeb3f7c973d14138a9c44d08125632da22ffdbc18359126596464a4f138e2,train
847b04287c9c,0,/content/aptos2019_raw/train_images/847b04287c9c.png,PNG,RGB,1050,1050,985003,valid,,e0635d977713a8000270b835d483129cbb9097d418b8ca42e65f3476c9990e86,test
848e66b9e199,0,/content/aptos2019_raw/train_images/848e66b9e199.png,PNG,RGB,1958,2588,5451381,valid,,a5a682725ddc54b007edfd7d530327767230a1d87d5f3aaee4ae7923a3627918,validation
849a91e9ab28,1,/content/aptos2019_raw/train_images/849a91e9ab28.png,PNG,RGB,1736,2416,2312547,valid,,5e4cf42cf4d86f537dc4c672be9a17d5c8fbda09e93f621e5f48f00a82938bc4,validation
84a72e15b23c,1,/content/aptos2019_raw/train_images/84a72e15b23c.png,PNG,RGB,1736,2416,2107849,valid,,02a397ed3dcbba95d5f511aa0a8d54376573c5cfd490f3b53a949e9b6cfee601,validation
84b472c49cfa,0,/content/aptos2019_raw/train_images/84b472c49cfa.png,PNG,RGB,614,819,318777,valid,,c3aa343e9f6f9028880e63ecfb5420e27749401cf72700f09ef717c37e68afc4,train
84b4da14bc23,0,/content/aptos2019_raw/train_images/84b4da14bc23.png,PNG,RGB,1050,1050,825315,valid,,c084a2c1127562e9ec5095f08cac491582d414d01ea50a01967ca85756b7866e,train
84b79243e430,0,/content/aptos2019_raw/train_images/84b79243e430.png,PNG,RGB,1050,1050,996486,valid,,ac38b62e68f4568b002bdd4402582773531d258cc4212a3eb2c45d090322cfd6,train
84b88e8d3bca,0,/content/aptos2019_raw/train_images/84b88e8d3bca.png,PNG,RGB,614,819,357306,valid,,963fa1e8e2840c98f3edd1ac6cec9f28da764be07e5b0941b839b08c00ed03c6,train
84c663f39632,4,/content/aptos2019_raw/train_images/84c663f39632.png,PNG,RGB,2588,3388,7009934,valid,,928000ef5545a0332a585740151e20cfa96b54ab8abd76c3b7903db1a4529aaa,test
84e8c62165b5,2,/content/aptos2019_raw/train_images/84e8c62165b5.png,PNG,RGB,2136,3216,2559176,valid,,2c20473c4f676895f5e528524a41c32cc7dafb370b906a8d39605d5c794a4060,test
851e40a21f81,0,/content/aptos2019_raw/train_images/851e40a21f81.png,PNG,RGB,1050,1050,944591,valid,,1a66d13ed989d9c305d562b092434df30fae0e4c67ba039ce7099dc0af1b4291,train
8543a801dce0,2,/content/aptos2019_raw/train_images/8543a801dce0.png,PNG,RGB,2588,3388,3793768,valid,,a58107784da5e92adf2a9c1d1e85a18334f42a0f6d506aec250f855ea1e7c7c2,train
855f0a5442b6,2,/content/aptos2019_raw/train_images/855f0a5442b6.png,PNG,RGB,2588,3388,4075445,valid,,a21f0d27657ca2f4a37e1a1e40c7e5f2d7b3387a5a75c52be098f806cc31f82d,train
8564b7aa3c1a,0,/content/aptos2019_raw/train_images/8564b7aa3c1a.png,PNG,RGB,1050,1050,956364,valid,,534f85acd3860078f3f6498974facac2abb4e4620a4db76a5e75eb85fec6a5ac,train
857002ed4e49,2,/content/aptos2019_raw/train_images/857002ed4e49.png,PNG,RGB,2136,3216,2328394,valid,,eda0e315fa5eb4bd1b5e39aa3ec6f49770b5101464077478c6a624b1a20542de,validation
857230f64a2e,4,/content/aptos2019_raw/train_images/857230f64a2e.png,PNG,RGB,1226,1844,952071,valid,,638afcadaabae69d39f5ba5ec2a87be58acb239b47d3e1b78b975961657e1d08,train
8596a24a14bd,4,/content/aptos2019_raw/train_images/8596a24a14bd.png,PNG,RGB,1736,2416,2447466,valid,,b1da95feb2509adc9358b26c3ceea9334c11c9e67904af15e7e10b0b5d761031,validation
85cbb84ac8e0,4,/content/aptos2019_raw/train_images/85cbb84ac8e0.png,PNG,RGB,1736,2416,2263449,valid,,47ab8755653108f44164447a781503e22cbabc271bca05b1f9d4f5f74c82eedb,train
85cc6d636898,2,/content/aptos2019_raw/train_images/85cc6d636898.png,PNG,RGB,1736,2416,2227145,valid,,db2e7240754cc3c4e8a98a38bab3daf8babaf99ba30409921b841065fa26c0b6,train
85f99e7e4052,0,/content/aptos2019_raw/train_images/85f99e7e4052.png,PNG,RGB,1958,2588,5365718,valid,,c7f2351d3c0885c5fd35728b81a8dddee39074548cc6c4a1086efef36b954f64,train
85fce24084da,2,/content/aptos2019_raw/train_images/85fce24084da.png,PNG,RGB,2136,3216,2105145,valid,,a8c0bc59086ffcd4d71861548dfb17caeb56e62a6dbc2c9cfcb275d69d9aed2e,train
86410aa13b3e,0,/content/aptos2019_raw/train_images/86410aa13b3e.png,PNG,RGB,1050,1050,933773,valid,,2a75d310aabb33a22826456428431d3d9161f1a849a00b9c68b6ef2a2eb45596,train
8650d32f4a9e,0,/content/aptos2019_raw/train_images/8650d32f4a9e.png,PNG,RGB,614,819,307012,valid,,7bf7e76b028cc1449fedff91443131c291fed1971b6234c26f5adcb06f55d82b,validation
8660e1864665,0,/content/aptos2019_raw/train_images/8660e1864665.png,PNG,RGB,1050,1050,1032695,valid,,23ddc6f459d21ce613b725598e35ace329c6deb5d3425059a615b4b1d56bd974,train
86722fcd802c,2,/content/aptos2019_raw/train_images/86722fcd802c.png,PNG,RGB,1736,2416,2603983,valid,,f17b01383ebb6bd6e50593b59123784bd45a330b41aaa5dc3e9cc4b0b2e357be,train
8676427e4625,1,/content/aptos2019_raw/train_images/8676427e4625.png,PNG,RGB,1958,2588,4009197,valid,,2059a32ffc758833b2ae5703aebb10569292e536460072e11bfcf9f0bef10ad8,validation
8688f3d0fcaf,3,/content/aptos2019_raw/train_images/8688f3d0fcaf.png,PNG,RGB,1050,1050,931685,valid,,90d244af3ff6db806515d6c655778d418cc0732df93795be11bd24b12069d703,train
8693ab1fd2be,0,/content/aptos2019_raw/train_images/8693ab1fd2be.png,PNG,RGB,614,819,346584,valid,,d200cc15376014f9f4f83cae51b758a82e5a5f5aaf7e2c400f59ee2506a2b2cc,test
869bbd3170cc,2,/content/aptos2019_raw/train_images/869bbd3170cc.png,PNG,RGB,2136,3216,2905871,valid,,39f9e2aa4062ed0f41e173f06ef80771dfa560b859930fbd01bcc0c2475ef98d,train
86b3a7929bec,2,/content/aptos2019_raw/train_images/86b3a7929bec.png,PNG,RGB,1000,1504,1367147,valid,,0551014558f68803bb0bac7869ccf2d534eb1e339fb2cb4a679fca7fe37fc26f,train
86baef833ae0,2,/content/aptos2019_raw/train_images/86baef833ae0.png,PNG,RGB,2136,3216,6323715,valid,,0695f93624dda5dca657381e3a55486539c7bab4f35c17bad745d1419b8e906f,validation
86d58f850a0c,0,/content/aptos2019_raw/train_images/86d58f850a0c.png,PNG,RGB,614,819,403451,valid,,5d5225d55ecc9979970710ac540fb7e2416ba641fc7f7e8ccc83f002293a5b21,train
86d6808f0609,3,/content/aptos2019_raw/train_images/86d6808f0609.png,PNG,RGB,1736,2416,2130360,valid,,441388a9e06720f3a5f36fbaa8b4779766ed6bc8c9c917336a8c1880a90bc094,validation
86e7f98f73f1,2,/content/aptos2019_raw/train_images/86e7f98f73f1.png,PNG,RGB,2136,3216,2483896,valid,,94f344937be14ca3b038010a440d60eb5f8b43c9b03acb39eafcb1fafb0e0d2c,train
86fbac86ed3e,2,/content/aptos2019_raw/train_images/86fbac86ed3e.png,PNG,RGB,1736,2416,2218895,valid,,8f046280945c1111510cae41b29c9a5644d733655c53bebf37d16640a14e59c0,train
870f433e8f37,0,/content/aptos2019_raw/train_images/870f433e8f37.png,PNG,RGB,1050,1050,920379,valid,,5595600b98aadcbbbd0d9186d6e64d9d4e85cd927e76372d3e94aea1e8755d6b,train
870fbe6eaa68,0,/content/aptos2019_raw/train_images/870fbe6eaa68.png,PNG,RGB,1050,1050,914811,valid,,61104991bf64638412256003e1165c638806529939d299cc93ad6d343409c7aa,train
8714d17bb6da,1,/content/aptos2019_raw/train_images/8714d17bb6da.png,PNG,RGB,1226,1844,796712,valid,,45d436a1ba23cd0c2f9b9d56307915a2f7f5b314b30bd58aa0d1bea640e016c6,train
87295c5fa1cc,0,/content/aptos2019_raw/train_images/87295c5fa1cc.png,PNG,RGB,1050,1050,1021189,valid,,8d05e10ab5f20184b87a1a2d19d5ca7a0af7de2b371d2386841d01187abf6787,train
873dcc0b468f,4,/content/aptos2019_raw/train_images/873dcc0b468f.png,PNG,RGB,1736,2416,2288093,valid,,6dfb0a2dc715dcc20e552614eb364c35e528e10900ec1438c1cfdc190815fc15,train
873fe0404d6e,2,/content/aptos2019_raw/train_images/873fe0404d6e.png,PNG,RGB,2848,4288,4874320,valid,,c22f026005f0a8190061b8bfea04022c555fb95e879c57bd140de8d799756e47,train
874f8c1929f6,0,/content/aptos2019_raw/train_images/874f8c1929f6.png,PNG,RGB,1050,1050,944112,valid,,5b840e725ebfc4ff70ff22e09242d7bb3e89474d60d89124bbec97beb4ac311e,validation
875a2fc5fe23,4,/content/aptos2019_raw/train_images/875a2fc5fe23.png,PNG,RGB,1944,2896,1932515,valid,,448fbe0f1b5f7b1a758a9cf5b370868302bf8bcec81190a938653229d85ec133,validation
875d2ffcbf47,0,/content/aptos2019_raw/train_images/875d2ffcbf47.png,PNG,RGB,1050,1050,1026795,valid,,41422e1ee0f417365b0f51ec6b89ad576427830d6e695f4814400e317889a1ac,train
876deb29f000,0,/content/aptos2019_raw/train_images/876deb29f000.png,PNG,RGB,1536,2048,1636315,valid,,44343ad12306ccdbc8a0b485e7f88589143f443e17a70be52d9be0d2a47eefdc,train
876e1dd12d38,2,/content/aptos2019_raw/train_images/876e1dd12d38.png,PNG,RGB,2136,3216,3232500,valid,,3b06a7d377d910a655f63e36dba7596054620c1e14998bf55d9255111ab0a87f,train
87774aafe068,4,/content/aptos2019_raw/train_images/87774aafe068.png,PNG,RGB,1736,2416,2294843,valid,,9111d65600610baa574950cd0104c9ecd3939a18e6059a02fca41b29d3a5dba2,test
8785b71238d8,4,/content/aptos2019_raw/train_images/8785b71238d8.png,PNG,RGB,1958,2588,5200075,valid,,377a13321cb348f4068111e1df097cb579fc6478566fd75e859d6b39d3a0e2cb,train
878a3a097436,2,/content/aptos2019_raw/train_images/878a3a097436.png,PNG,RGB,2136,3216,6156817,valid,,efa8ad8fd282529da2320aa07f1feb63323382987438630662b68f1e07d4c818,train
878e356c8fc9,0,/content/aptos2019_raw/train_images/878e356c8fc9.png,PNG,RGB,1050,1050,1063313,valid,,3c4287b5797d9ac75028e2f8e1fac1e804d61eb218bccf5308ed196a250f552a,train
879744b9dc65,2,/content/aptos2019_raw/train_images/879744b9dc65.png,PNG,RGB,2136,3216,3482322,valid,,80270ac9d98fb043f532603f2c29eccff8e3eebd54a3342920aa740d4de75a5c,test
87a9f4d20f07,0,/content/aptos2019_raw/train_images/87a9f4d20f07.png,PNG,RGB,1050,1050,950644,valid,,430f7de7c26b50afb1761ceef556e32f2b9aa6c1f1749dbe41a33d2a9ca00237,validation
87b1938994b5,2,/content/aptos2019_raw/train_images/87b1938994b5.png,PNG,RGB,2136,3216,2736079,valid,,564c1a6010b2c31b22f4523ac7ade4d0d2e43075e0a72edd4e5f49cae4afc14c,validation
87b671c6d4c5,0,/content/aptos2019_raw/train_images/87b671c6d4c5.png,PNG,RGB,1050,1050,814203,valid,,71744ae3c1f093262679149cf315fbebc51dd6523048188b3d203b1a6761a3e0,test
87d46b1cc4e9,0,/content/aptos2019_raw/train_images/87d46b1cc4e9.png,PNG,RGB,1536,2048,1808682,valid,,e12703999738878223988d292c7c978a35037dd5a1f5dd4d77d4f605d0edda1f,validation
880edb2cdb69,0,/content/aptos2019_raw/train_images/880edb2cdb69.png,PNG,RGB,1050,1050,999366,valid,,9440c1633cf9a6c26b151d771ec15a6e32f147327110d7ad3598024962bd0dc0,validation
881ec6186e68,0,/content/aptos2019_raw/train_images/881ec6186e68.png,PNG,RGB,1050,1050,1087492,valid,,20485188bd9d9fbf2bcdb51e926204184de09820957e105d13924847bea694b8,validation
882a71de424e,2,/content/aptos2019_raw/train_images/882a71de424e.png,PNG,RGB,1736,2416,1706013,valid,,d6609da7898438dedbce4b90ef34d83adec5965bb0601ec31141c326808ed048,train
883c6a184f16,0,/content/aptos2019_raw/train_images/883c6a184f16.png,PNG,RGB,1050,1050,974135,valid,,2cb4c6742b645970a22e8d007f8e2b12265de41dce4f0053d207e4eeaf8ec946,train
883ddb650967,0,/content/aptos2019_raw/train_images/883ddb650967.png,PNG,RGB,1050,1050,943172,valid,,8e14a3288e2c4e2f3c4f0681bac6473fad239b894d94a80824cfa8890738522d,train
8846b09384a4,0,/content/aptos2019_raw/train_images/8846b09384a4.png,PNG,RGB,1958,2588,5248745,valid,,a3226d6cea906a3fb4e7af3cd0cf9ceba6249cfb8d4620f8206eed579d20036e,validation
885fa5fc5da8,0,/content/aptos2019_raw/train_images/885fa5fc5da8.png,PNG,RGB,1050,1050,935542,valid,,ebee884d7748e27ea5dcd9431c08d1697cffa5eb39766cfa21eb56403d0fb92e,train
8860c7b11530,2,/content/aptos2019_raw/train_images/8860c7b11530.png,PNG,RGB,2136,3216,2613167,valid,,800e99ed5579b3e0f0bd97b3ebdb9d74bed6a144d0d8c9f0c79d95b422da812a,train
8871e6a26596,2,/content/aptos2019_raw/train_images/8871e6a26596.png,PNG,RGB,2136,3216,3032570,valid,,b6d2ee7c6e53732fe2bf123ce97f9347aacfbe2574cb0fd8e839924ee405c48c,train
887c26fc0e1f,4,/content/aptos2019_raw/train_images/887c26fc0e1f.png,PNG,RGB,2136,3216,3466485,valid,,94b86eb14820c217519f66ee909d79c5276aa02e97419bada952c5253803bbff,train
88e4399d207c,0,/content/aptos2019_raw/train_images/88e4399d207c.png,PNG,RGB,1050,1050,1035365,valid,,2c55a15d4f82c3e5377984f3ed929730b2fe097724cd336b4eddc77356e81221,train
88e5051f65bd,0,/content/aptos2019_raw/train_images/88e5051f65bd.png,PNG,RGB,1536,2048,1975274,valid,,6a7fa9e8ec028b5c4b6261c1c904847d618f6a2238460e54ccaebfc69959bf00,test
8906c9ed54a2,0,/content/aptos2019_raw/train_images/8906c9ed54a2.png,PNG,RGB,1536,2048,1931065,valid,,952d982408718d9e76f0a5140ddfc9dd90e22b95c3af521387870b61d797ee6d,validation
891329021e12,0,/content/aptos2019_raw/train_images/891329021e12.png,PNG,RGB,1050,1050,1013749,valid,,1780a13b4ce61166ffa8967c259b66eff58d04c30f4923c933737c3840e9c0b0,train
891392c9683c,2,/content/aptos2019_raw/train_images/891392c9683c.png,PNG,RGB,1958,2588,5047131,valid,,76e083a52b20bc626ba2f23e3c5360a0233cf49bf76c62cef2cd3354644897ff,train
894a37fc3738,0,/content/aptos2019_raw/train_images/894a37fc3738.png,PNG,RGB,1536,2048,1676029,valid,,b191149beb93c0bcc69e0a1e97579a4c7bedc9b075dcc6eb566b970dee60cc4b,train
8958a4d17b7e,3,/content/aptos2019_raw/train_images/8958a4d17b7e.png,PNG,RGB,1736,2416,2654893,valid,,b22a05dbdefab82d2de2eaa6f36da2cf0bd404e9e4f4135c69f3a95489c63cf5,train
895fe2bfc5b6,0,/content/aptos2019_raw/train_images/895fe2bfc5b6.png,PNG,RGB,1536,2048,1904116,valid,,3c316024043abb21d1a28c20525c7f1962e957c8f79e56c41a19b0e1f28823f6,train
896ad584a841,0,/content/aptos2019_raw/train_images/896ad584a841.png,PNG,RGB,1050,1050,905012,valid,,d475e829949c9c24d9d141537e8edab9b1040a0efbe4df85c007fd204069946f,test
898f0bc8acfa,0,/content/aptos2019_raw/train_images/898f0bc8acfa.png,PNG,RGB,1536,2048,1945281,valid,,73b2d3e716439eebabe756174abdbfa5ef79c7c6443224b62b73c78655e7992f,train
89b044cbaf85,2,/content/aptos2019_raw/train_images/89b044cbaf85.png,PNG,RGB,1736,2416,2745173,valid,,38f784fe8146bde0a1945cbb32098f830aa27cb60af22c99b69ee0f12413c83c,test
89b725411cee,2,/content/aptos2019_raw/train_images/89b725411cee.png,PNG,RGB,1736,2416,2195063,valid,,d23a5c222e9133c8f31f15a3c2cfeb984843af58e4d2fe7ce7fc122c0ebce3d4,test
89d2a7403a06,2,/content/aptos2019_raw/train_images/89d2a7403a06.png,PNG,RGB,1958,2588,5234599,valid,,824d0fb2fdc330fc1e2740d81fba4f49dcc8bdac91284bce08c240caac3a2e5e,train
89d9c071a56f,1,/content/aptos2019_raw/train_images/89d9c071a56f.png,PNG,RGB,1736,2416,1997982,valid,,9b27df47804310490b61e502b8e5cf93aac9baea7e0e92b79b9c2c2ce4690e73,train
89ed6a0dd53f,1,/content/aptos2019_raw/train_images/89ed6a0dd53f.png,PNG,RGB,1736,2416,2340848,valid,,9f307f4cb05f51d9ed070deb33f8c368ea5700845b21d663db211e1cadf44f07,train
89ee1fa16f90,2,/content/aptos2019_raw/train_images/89ee1fa16f90.png,PNG,RGB,1736,2416,1914412,valid,,bc25b97993d7ff5eb5937271d9b4d0e716069686eb96207ec6ee7aa8885b8ed8,train
89fc080f7e83,2,/content/aptos2019_raw/train_images/89fc080f7e83.png,PNG,RGB,2136,3216,2813780,valid,,d62d2b635c08deb55c318972d3ff46db1599bd3679e21e5bd8b1d8f60016f5a0,test
8a01daa423f7,1,/content/aptos2019_raw/train_images/8a01daa423f7.png,PNG,RGB,1736,2416,2484597,valid,,8ef90a45f76ee404f00027759b2c295709c4cd8bdbe2bd0cfe81c6bb6d4528f2,train
8a234d68b27e,3,/content/aptos2019_raw/train_images/8a234d68b27e.png,PNG,RGB,1958,2588,3928725,valid,,58afc200dd346bba01ab0129a20fe2b55185d6030f3440c39abeff33b222977c,train
8a25a080f28f,1,/content/aptos2019_raw/train_images/8a25a080f28f.png,PNG,RGB,1226,1844,999593,valid,,2205265b284e5e082c30faab4f00c4217da0a1bc5a4a9d61a0592cca0dfec81f,train
8a3eb86ae4bd,0,/content/aptos2019_raw/train_images/8a3eb86ae4bd.png,PNG,RGB,1536,2048,1898895,valid,,a1f4aa50f336f8ebfb490b9dcb4461f0af556883cdb941ffb5783933eb28a584,validation
8a482c024fc2,0,/content/aptos2019_raw/train_images/8a482c024fc2.png,PNG,RGB,1050,1050,915836,valid,,8e458de72e4239f39982c69379be429b510d13e36f9d35f4c82eb65e69897352,validation
8a67f1efa315,2,/content/aptos2019_raw/train_images/8a67f1efa315.png,PNG,RGB,1736,2416,2136702,valid,,d3631bf7e89255857afd6775700d448284616b0ddf5edf538177d73230c4d80f,train
8a759f94613a,2,/content/aptos2019_raw/train_images/8a759f94613a.png,PNG,RGB,1000,1504,1376699,valid,,fd91d8006b1dfd1718953b0e1aa05be58b8cc7a9d91673c69b1c91412dc3a555,train
8a7765e785fb,0,/content/aptos2019_raw/train_images/8a7765e785fb.png,PNG,RGB,1536,2048,1924915,valid,,06337e33a416c0a945652694278a9d76ba80e11276c3c0133fc71f696a15a24b,validation
8a81f62320d6,0,/content/aptos2019_raw/train_images/8a81f62320d6.png,PNG,RGB,1050,1050,1025937,valid,,ef39fb81652781e0658e190e8ed696561757f4f4df154e476325335e3ea7017a,validation
8a87dd2a784e,0,/content/aptos2019_raw/train_images/8a87dd2a784e.png,PNG,RGB,614,819,276708,valid,,71308192ff09fa81faed53f40966a0a0d2c038d38722b7d64d5f194faa71102b,validation
8a8a251770cd,0,/content/aptos2019_raw/train_images/8a8a251770cd.png,PNG,RGB,1050,1050,1034382,valid,,3a5d98b88fece7883d5d5f115b005e2ad93f35f68afa1cb06088b028816f9284,train
8a9bef2fbd4e,3,/content/aptos2019_raw/train_images/8a9bef2fbd4e.png,PNG,RGB,1736,2416,2062745,valid,,26d17e2ca3ddb1298699994f4679e496581dec2a5df5eef1180229fb12ebf6c0,test
8aa3c4681542,0,/content/aptos2019_raw/train_images/8aa3c4681542.png,PNG,RGB,1050,1050,969345,valid,,27f7ef6d81aeaa73e3b53687ee0269eb0e63a17357a6b70a599f94605ad2debb,train
8aab201c0691,2,/content/aptos2019_raw/train_images/8aab201c0691.png,PNG,RGB,1226,1844,891842,valid,,8b4d62eb9e0b608b58a778e90e910777a0861e8c1b5212632e3141518a644759,validation
8ab3faa3701f,0,/content/aptos2019_raw/train_images/8ab3faa3701f.png,PNG,RGB,1536,2048,1941336,valid,,a05c2a46712b089237230232d7d815cfcd8e44fb69f93d7b8617c74d45b2794a,train
8ab8d9b3ce3f,2,/content/aptos2019_raw/train_images/8ab8d9b3ce3f.png,PNG,RGB,2136,3216,3505054,valid,,102bd74935216770ceb214c1d8848086bae6f04ef416f980f29b2cbc450bc3b7,train
8ac0c44bbf24,4,/content/aptos2019_raw/train_images/8ac0c44bbf24.png,PNG,RGB,1736,2416,2547255,valid,,28b8f91fdf10604694583f26f2843f61c538ed8945022002a9683e2e20d30850,train
8acdf12f412a,0,/content/aptos2019_raw/train_images/8acdf12f412a.png,PNG,RGB,1050,1050,1050186,valid,,c600681da262fc89ada4e438d19791624d2194780dcc53a9dbaa8cfeca055e4b,train
8acffaf1f4b9,2,/content/aptos2019_raw/train_images/8acffaf1f4b9.png,PNG,RGB,1000,1504,1463845,valid,,5258943b738008c984db9c5c93aeb8c8ff40ff725a657510edc03a0d47913817,train
8ae049175db6,4,/content/aptos2019_raw/train_images/8ae049175db6.png,PNG,RGB,1958,2588,5042694,valid,,5c71ce3cde62224c67ae1efe993ce4449b2cd0c90f23b27fbdedbbada206b4be,train
8af50c9d0a86,0,/content/aptos2019_raw/train_images/8af50c9d0a86.png,PNG,RGB,1117,1476,2160207,valid,,ee65000954928de747a798a159b62c9cb64e458025b8029a1dc3ffb7509800ee,train
8af6a4e5396f,4,/content/aptos2019_raw/train_images/8af6a4e5396f.png,PNG,RGB,1736,2416,1889208,valid,,284bc26a8cd402d7487ddfc9eaae67dbf48265342f63dd391c5d0ce69b38b786,train
8b079e79035f,0,/content/aptos2019_raw/train_images/8b079e79035f.png,PNG,RGB,1050,1050,753816,valid,,b48d911b2dc0f43c047894892cd9cec35915415f43e95127d9ba619c01570d05,train
8b26d3cd61e8,2,/content/aptos2019_raw/train_images/8b26d3cd61e8.png,PNG,RGB,1424,2144,2712831,valid,,b973c0bc70e3c35bbf957b6d060a3c591f3420a01c73a6e6887311f9f99ab6ae,train
8b568d47a1fd,0,/content/aptos2019_raw/train_images/8b568d47a1fd.png,PNG,RGB,1050,1050,985274,valid,,45f7829a60dc3e9c9bdc15fd9b25522426c8f420f4e817c229b7b3bcd73c9ada,validation
8b58f9a338e8,0,/content/aptos2019_raw/train_images/8b58f9a338e8.png,PNG,RGB,614,819,286752,valid,,82f0dd4320b5364600869627be18e30342c524cf1032dadc3ca61ea0a08bd092,train
8b76c3c5cb3e,3,/content/aptos2019_raw/train_images/8b76c3c5cb3e.png,PNG,RGB,1958,2588,5469287,valid,,2921c15fef7e98fababaa65a37268804748f5ad796372a9fd9482d0d59d26b94,train
8b8fe3fc8950,0,/content/aptos2019_raw/train_images/8b8fe3fc8950.png,PNG,RGB,614,819,368603,valid,,8d8395d7d67bc47a80e04ec1f6770db36449ceed4bb10fcd1abe5f408c9d5f7a,train
8bad12d70368,4,/content/aptos2019_raw/train_images/8bad12d70368.png,PNG,RGB,1958,2588,5377668,valid,,15bc8eee8143bdfe24a5313801419bb982660512343eca0ac1e91507831a01f9,train
8bbd7835e9aa,1,/content/aptos2019_raw/train_images/8bbd7835e9aa.png,PNG,RGB,1736,2416,2401672,valid,,fd3cf616f2a05525ee334b22d08195c1ec076199399e277087917301484622e1,train
8bc6716c2238,1,/content/aptos2019_raw/train_images/8bc6716c2238.png,PNG,RGB,1958,2588,5215668,valid,,49983fdd37df10437f4f6c6a93b6e5fb40b0bb08de01f821951b1033ed062a2c,train
8bdb891661a8,2,/content/aptos2019_raw/train_images/8bdb891661a8.png,PNG,RGB,1958,2588,5329648,valid,,fbc2cf91377eb051fc28f57edcab2a7adaeedad237a2bf20d11db73287e7cf1f,train
8be6629a6039,0,/content/aptos2019_raw/train_images/8be6629a6039.png,PNG,RGB,1958,2588,3780719,valid,,140eeae823f89fffe3facf77bbe0b65db4f78d8fed93a9a8ef255c38208035a0,train
8bed09514c3b,4,/content/aptos2019_raw/train_images/8bed09514c3b.png,PNG,RGB,1736,2416,1860463,valid,,9dab898f3c9b73a231810e595e6bace57c37b632f557350ae9b1c9d6a0af15a0,test
8bf05909e1e1,0,/content/aptos2019_raw/train_images/8bf05909e1e1.png,PNG,RGB,1050,1050,1050592,valid,,10f20553cd13a681829778faec9b345e6e1c9068cbb798a25060357a67a6847e,train
8bf2d925dc0c,0,/content/aptos2019_raw/train_images/8bf2d925dc0c.png,PNG,RGB,1050,1050,955596,valid,,774e406c1648c53fc546284801a123e80c6c5f798b28ef8385e32ce0c7bc073a,train
8c0d05233238,3,/content/aptos2019_raw/train_images/8c0d05233238.png,PNG,RGB,1958,2588,5025388,valid,,917546f3ff09af86bf7268a5d137b2283d5f5df54d1a87839ee58aeff976c812,train
8c29a76fa08c,0,/content/aptos2019_raw/train_images/8c29a76fa08c.png,PNG,RGB,1050,1050,986143,valid,,b410f8d4b2f717b9a20cde5d11018c33c1ff29a36f71acf191b8f2784e3bbf7f,test
8c2f0f04e1ed,1,/content/aptos2019_raw/train_images/8c2f0f04e1ed.png,PNG,RGB,1736,2416,2358716,valid,,fb80dee4eedca793e1b1089cc8c6d9d900bd518c2d9d18038f2d55f1c5087d2a,test
8c4ceddeb1c6,0,/content/aptos2019_raw/train_images/8c4ceddeb1c6.png,PNG,RGB,1536,2048,1754443,valid,,eccc46097a370a242d9910a1ca9228bd2075231476e07f74a644657cbc098e23,train
8c7c26c52a6c,4,/content/aptos2019_raw/train_images/8c7c26c52a6c.png,PNG,RGB,1736,2416,2281666,valid,,bfe80092a6a32d5e47f3a9398a9b4a0ec155d5c3918cc3dc68cec168d0958d7a,train
8c84e96d9b01,0,/content/aptos2019_raw/train_images/8c84e96d9b01.png,PNG,RGB,614,819,415921,valid,,4049769f0b58f639f0feb970b456a8b0b5e3f18a82c6fe4c78134dbdd7ba1653,train
8c87bd748996,2,/content/aptos2019_raw/train_images/8c87bd748996.png,PNG,RGB,2136,3216,3645300,valid,,4aeae26ce4a7e8d570a132d71f28dc06078838b7e0cbc44d8853f03a3c2e3891,train
8cb6b5b2f19c,2,/content/aptos2019_raw/train_images/8cb6b5b2f19c.png,PNG,RGB,2136,3216,3477807,valid,,67097724dbb18fcc09724562ab7356de95d73ffd0f0929a9990ebcf481d958f6,train
8ceff4c4c860,0,/content/aptos2019_raw/train_images/8ceff4c4c860.png,PNG,RGB,1050,1050,965299,valid,,26d0991ab349300d834f6d61bd0e549ed9e0744dc112ab51292cb82c899d62f1,train
8d13c46e7d75,0,/content/aptos2019_raw/train_images/8d13c46e7d75.png,PNG,RGB,1050,1050,897032,valid,,e47d160306db1a8a3ad01204e2cf5854832a6adb782b241772bf78464486f1cc,validation
8d3d67661620,2,/content/aptos2019_raw/train_images/8d3d67661620.png,PNG,RGB,1736,2416,2104780,valid,,df5833fc7bbb0a8544e9e5ff608627b5a2c04c513cf308c7e4f7af177fc0672e,train
8d4d14a4ab07,0,/content/aptos2019_raw/train_images/8d4d14a4ab07.png,PNG,RGB,1050,1050,959273,valid,,3d72b93049e2854b84fe5cf7a59aed911010af9bc41605f95f4040588cc4f563,train
8d4ff745a409,0,/content/aptos2019_raw/train_images/8d4ff745a409.png,PNG,RGB,1050,1050,979766,valid,,1effe0f2cddc63308d1f256dfe32d54ded8260363c1f2d9da7e2303b0914307c,train
8d62ba9cb22a,2,/content/aptos2019_raw/train_images/8d62ba9cb22a.png,PNG,RGB,1958,2588,2393677,valid,,70cfc67e4c670e56c39cd9581ee0e160768c3d687985c32a4409496da9162dad,test
8d7bb0649a02,2,/content/aptos2019_raw/train_images/8d7bb0649a02.png,PNG,RGB,1424,2144,2832308,valid,,a266dfbd4d1bdd7d0f62422319dcfe0a2498c25dfa70dde607122d1524634279,train
8d8aca52c07b,4,/content/aptos2019_raw/train_images/8d8aca52c07b.png,PNG,RGB,1958,2588,5936724,valid,,a9e838fd2207c9df0564ecba618136b4057a8692c0336f6a435c7ff104f8f60e,test
8d9516ea3587,0,/content/aptos2019_raw/train_images/8d9516ea3587.png,PNG,RGB,1050,1050,1028311,valid,,2715fe4f0f29b93c2118f9a2635be31f342dab05a9d1b11c85f6b7254a1385be,train
8dafa62f9322,0,/content/aptos2019_raw/train_images/8dafa62f9322.png,PNG,RGB,1050,1050,984640,valid,,9bd52ac7788a2552701e5053c06a1d53aa158bf585b57ed9c3df9b3389f43b15,train
8db2ce991101,4,/content/aptos2019_raw/train_images/8db2ce991101.png,PNG,RGB,1958,2588,5125157,valid,,3161a99462680b9679e50b0d30e398251f7eea37ac2369dd03adaac0755fe59c,train
8dba09a4e5ed,2,/content/aptos2019_raw/train_images/8dba09a4e5ed.png,PNG,RGB,2588,3388,7004757,valid,,9adecdd8804c5c7c441b612cf1bbca54f899b36fa0fe2909359e4e1e99dd23c6,train
8dc22e65c06f,1,/content/aptos2019_raw/train_images/8dc22e65c06f.png,PNG,RGB,1958,2588,5034670,valid,,16d4312db8ed470f8a1e6fd985b94b8abbf0c088f379338af5ee1b7baf97de44,train
8dfa629ca74e,2,/content/aptos2019_raw/train_images/8dfa629ca74e.png,PNG,RGB,1050,1050,871266,valid,,127663104c7d14c45b359a929d343b31bc793e5948e6152b59b794524d94aba9,train
8dfff47b06b7,2,/content/aptos2019_raw/train_images/8dfff47b06b7.png,PNG,RGB,2136,3216,2726454,valid,,505dbdf9531eac8857cacdcdb31091d11317e614519973b9b8ccd1b0c8c64cd0,train
8e20b8fac7c3,2,/content/aptos2019_raw/train_images/8e20b8fac7c3.png,PNG,RGB,2136,3216,2665786,valid,,ffeabd515b620d78429b3d0781595f7c3fcb24d77e895f244ae88598744b4fee,validation
8e2a3978c244,0,/content/aptos2019_raw/train_images/8e2a3978c244.png,PNG,RGB,1050,1050,1004147,valid,,2c647cf21716929a258ae42c85d422079e6fbd62f0ee9ce167817b45bcc2f385,test
8e3b79e1f1f7,2,/content/aptos2019_raw/train_images/8e3b79e1f1f7.png,PNG,RGB,1958,2588,5230811,valid,,bb33dbdf2700655858bc1fb1745f14cdcec25874ae9f1fb097e84a9d078fa583,train
8e4a354e3da2,0,/content/aptos2019_raw/train_images/8e4a354e3da2.png,PNG,RGB,1536,2048,1944213,valid,,b3456646b57ccdab685d1d6cf86946c9bff66a5be8dd3b19d15823f018dd680f,train
8e63fc4ab532,2,/content/aptos2019_raw/train_images/8e63fc4ab532.png,PNG,RGB,2136,3216,3142629,valid,,f763cd5aed157b0c228641575e33de1028ce8fd199bfbaad3cf1e7de2e002346,train
8e67f2d7e0ee,0,/content/aptos2019_raw/train_images/8e67f2d7e0ee.png,PNG,RGB,1050,1050,1039346,valid,,487d3a87184754468eed0036e9d2d6221c6e4c9710f1991a56de5437b1861186,train
8e6df9eedcd8,0,/content/aptos2019_raw/train_images/8e6df9eedcd8.png,PNG,RGB,1958,2588,5842988,valid,,fe006ac111e1476fc91d1cd851c76fad6481a4d09f097ed4a86cee07f91b1034,train
8e76054f0831,0,/content/aptos2019_raw/train_images/8e76054f0831.png,PNG,RGB,1050,1050,956294,valid,,56991f4970381e4a1bc1011c1c58c2102a25fd29d0149feb15fe0b0b370fc065,train
8e7981855125,0,/content/aptos2019_raw/train_images/8e7981855125.png,PNG,RGB,1958,2588,5235320,valid,,1851549faeb11e045c6d3b7e6ee8aa50994ed52958950d05106ccdda622bcf37,train
8ead17dfb6a6,0,/content/aptos2019_raw/train_images/8ead17dfb6a6.png,PNG,RGB,1536,2048,1873470,valid,,cc7ccb00f850631e6ff24ac766041127db81506ff1a39901787a2df6b4051130,validation
8ead8f37423c,0,/content/aptos2019_raw/train_images/8ead8f37423c.png,PNG,RGB,1050,1050,867811,valid,,86101da68b0db77e9611b316ba8a5b37cd99474a795f38c8c4361ad561b16543,train
8eb3337a54e9,2,/content/aptos2019_raw/train_images/8eb3337a54e9.png,PNG,RGB,2136,3216,1969450,valid,,4f44397e2ace3b3eff7e0e9035ac94ed3290dbc0c2666742d784ba6dccb6483f,test
8ed586c43023,0,/content/aptos2019_raw/train_images/8ed586c43023.png,PNG,RGB,1050,1050,1006683,valid,,d1986f7d04d0880df1478ffddbfb19cb8c7d5c4d28a7b9a69744fb32084e3903,train
8ee50c26fc13,0,/content/aptos2019_raw/train_images/8ee50c26fc13.png,PNG,RGB,614,819,312387,valid,,d85359514466b239ff745816322d71343f81c1db7f0b89489b8e34e6a92bbb04,train
8eeac97f02f0,4,/content/aptos2019_raw/train_images/8eeac97f02f0.png,PNG,RGB,2848,4288,5453770,valid,,8b76f8da17d2e454c695581eee1972642113aad04da399a0daaa24908041a7f3,train
8f06ca4642bd,0,/content/aptos2019_raw/train_images/8f06ca4642bd.png,PNG,RGB,614,819,286731,valid,,7c7d5c22cf11499d9f58120d288d502384adff8c33f55ecd324bba04af3b4854,train
8f10e41a2f02,0,/content/aptos2019_raw/train_images/8f10e41a2f02.png,PNG,RGB,1050,1050,906844,valid,,90123ab9ee462bcc27acac215b7aabf023d07ac97ad8ec71320140029c0f557b,train
8f14bca04b47,0,/content/aptos2019_raw/train_images/8f14bca04b47.png,PNG,RGB,1536,2048,1920281,valid,,a7e9b4c2d6dc8b3a5d50af91eabe23be7327c8ae35f51cd7971d1c0094b7a6ec,train
8f1e7433a95d,2,/content/aptos2019_raw/train_images/8f1e7433a95d.png,PNG,RGB,2588,3388,7143987,valid,,a7f29c84893f0b2fb91aeb0e9cc9e447ce53b09cacf6d264edc41f1b10e3c5f1,train
8f2996b8d855,1,/content/aptos2019_raw/train_images/8f2996b8d855.png,PNG,RGB,1736,2416,2409361,valid,,e51951c1ba9a3360c1ab07886c92d521bbb52e33cee1fb57283bf541b4dd11e4,train
8f318a978844,4,/content/aptos2019_raw/train_images/8f318a978844.png,PNG,RGB,1226,1844,715652,valid,,a225102beafe150b000f9ddb2bd479c834ba488d40b5789e836822f6ca903900,validation
8f9819752ca0,0,/content/aptos2019_raw/train_images/8f9819752ca0.png,PNG,RGB,1050,1050,1043257,valid,,cbc577f85e105c754cd62eca8d14c3761d834eb3fbad424235ad9cc6f95fc1f0,test
8fbb2ca39911,0,/content/aptos2019_raw/train_images/8fbb2ca39911.png,PNG,RGB,1050,1050,1019706,valid,,7aafeee2da4f1a588216c8a714ed110081bb782349835dc5e75ff0dd2c1728bc,test
8fc09fecd22f,1,/content/aptos2019_raw/train_images/8fc09fecd22f.png,PNG,RGB,1736,2416,2188865,valid,,9e8869c9f41bcf84080d64737889df46a9a0bb8539521fe31655dea7f5602c86,test
8fd7ad26e691,4,/content/aptos2019_raw/train_images/8fd7ad26e691.png,PNG,RGB,2136,3216,3314327,valid,,09a910d74619ea4fd2e769ad307dd260c16ff413c746fa7dd940ef9dbbe19c59,train
8ff2733f6aef,2,/content/aptos2019_raw/train_images/8ff2733f6aef.png,PNG,RGB,2588,3388,6848170,valid,,87076a6646c59017c845446ad0f24d1e18403f87990ce8f8065be8feccfc6d6a,train
8ff863f8874f,1,/content/aptos2019_raw/train_images/8ff863f8874f.png,PNG,RGB,1958,2588,2344261,valid,,8d21eb4b27e9c8ce3184af74ce8aa5d18149e0e8992661980b3fc30c547652fb,validation
8ffa608170d3,0,/content/aptos2019_raw/train_images/8ffa608170d3.png,PNG,RGB,614,819,361853,valid,,01c4caa1300b4a4c98f6f8f7d63a571a4e7fa7986e5c04c2d1ddadf63b56f589,test
901a3552fe26,0,/content/aptos2019_raw/train_images/901a3552fe26.png,PNG,RGB,1050,1050,1069448,valid,,f7d815c3fd8a5066c2d23fc147c8c3b6d864c897660dcde88a80756727eef361,train
902dc5a91a3f,0,/content/aptos2019_raw/train_images/902dc5a91a3f.png,PNG,RGB,1050,1050,1044102,valid,,78b76016a455a74a93697f02e4e436f6cc3e32f8048d54d2031b3c28fc8a4847,train
9033f1493da1,2,/content/aptos2019_raw/train_images/9033f1493da1.png,PNG,RGB,2136,3216,2006410,valid,,bf515989729b625ba541cf4ad0edbb400ddfb63790b82ed9dde544127bfca0bb,train
9039cbfcbb2f,0,/content/aptos2019_raw/train_images/9039cbfcbb2f.png,PNG,RGB,614,819,322610,valid,,64a50fbf82b92b1d7d3560954e8d9fb75ef52fccf98da68cf6ca6a75fc565d0a,train
9041eb43456e,2,/content/aptos2019_raw/train_images/9041eb43456e.png,PNG,RGB,2136,3216,2497428,valid,,0404efb16f4538a651a71f4ad3fb93765ba1b033a5df018bf6a849e917131bcd,validation
904b03ad5594,0,/content/aptos2019_raw/train_images/904b03ad5594.png,PNG,RGB,1958,2588,4942075,valid,,bed3e961d703bc5d24c6c1eb32ef0a10d24177cbc0da4afa3e658e69e326a309,validation
905cc86bf100,4,/content/aptos2019_raw/train_images/905cc86bf100.png,PNG,RGB,2136,3216,2855416,valid,,07c8f6e23e8342c35cbeb2872a3b1792e2b86c7eaafc51b743feaebe7aceefe2,validation
906d02fb822d,0,/content/aptos2019_raw/train_images/906d02fb822d.png,PNG,RGB,1736,2416,2538220,valid,,54f567222bb7779235a09245a17626d03356deedc9e2878e2290f04eeec48276,train
907aaff827e5,2,/content/aptos2019_raw/train_images/907aaff827e5.png,PNG,RGB,2136,3216,3459703,valid,,a6e945ccbd6357a9f71f947520e7aa6437df281b50d0abb0e54c881dfbce667d,validation
9095d43fb132,0,/content/aptos2019_raw/train_images/9095d43fb132.png,PNG,RGB,1958,2588,5485586,valid,,f41eb510eac1efbebcf752a175300eb2200f085389b37e0cc4ba485bae3e8677,train
90960ddf4d14,0,/content/aptos2019_raw/train_images/90960ddf4d14.png,PNG,RGB,1536,2048,1995692,valid,,0df244660a8e345095a790c856f14ecbfb4cfeec1b06e675ea3057e0d9f4349d,train
90a786abe58e,0,/content/aptos2019_raw/train_images/90a786abe58e.png,PNG,RGB,1050,1050,1056213,valid,,e39e120220b2d1d026d0363abe53969d3ccf89e48b9670150aa09029b223aa27,train
90a9a41eec6d,0,/content/aptos2019_raw/train_images/90a9a41eec6d.png,PNG,RGB,614,819,330475,valid,,d52d634c53779c7af66456a81589e533f41273ab2c22c3d7a993c2fb4afac20b,test
90b8bf342032,3,/content/aptos2019_raw/train_images/90b8bf342032.png,PNG,RGB,1736,2416,2640150,valid,,4bc991c322548b7201dcf6bf09faeee2079f9a4c446157c13368c67cb92ec57b,validation
90bde2ff8953,0,/content/aptos2019_raw/train_images/90bde2ff8953.png,PNG,RGB,1050,1050,954582,valid,,75564b41eb96742b5cbb601c7f00246c53da8c4da854cf3258067c9cdb41880f,train
90c982cc2d96,1,/content/aptos2019_raw/train_images/90c982cc2d96.png,PNG,RGB,1736,2416,2232881,valid,,8f6887824006c226377852b8f58362afc6157b4db190c762f40369fdfe7f828f,test
910bfd38e2f5,3,/content/aptos2019_raw/train_images/910bfd38e2f5.png,PNG,RGB,2136,3216,2620432,valid,,66a93cfc33e1300ca72135c0ca25cec68fff26113bf3cbfb1bf37e0d90ed24e2,train
9122b31414d3,0,/content/aptos2019_raw/train_images/9122b31414d3.png,PNG,RGB,1050,1050,1013040,valid,,a1f998a9ab1b99d65dcd030f114ab023322ac7b58cd87d6473ef504bea88d981,train
912fbe06407e,0,/content/aptos2019_raw/train_images/912fbe06407e.png,PNG,RGB,1050,1050,1024170,valid,,04824419032a7c98b7bff71787c9d5c12a311cc048a613f59fd660c548be5c86,validation
913490237ad4,3,/content/aptos2019_raw/train_images/913490237ad4.png,PNG,RGB,1958,2588,5774826,valid,,bd6d8aed8bdf2cce983b921b8086e5b0fe1c904676c239524c6ec2955bbacfb1,train
913b1890ed1e,2,/content/aptos2019_raw/train_images/913b1890ed1e.png,PNG,RGB,2136,3216,2665534,valid,,fe92241572485566b732fb0d40516b5d76ae507ca9424b8847c6e72a0274ac11,validation
916915f01e17,0,/content/aptos2019_raw/train_images/916915f01e17.png,PNG,RGB,1050,1050,985742,valid,,4049dc0371c3fe532afc3d006b22e5921fabbb534a48a8d0ba3f7aeb312c9161,test
916ec976ff30,3,/content/aptos2019_raw/train_images/916ec976ff30.png,PNG,RGB,1736,2416,2445256,valid,,7bb36cb3d35b616517b52dc145a7f0fb55b55f05f659153c35a58765aa285eec,train
917f76f360b6,2,/content/aptos2019_raw/train_images/917f76f360b6.png,PNG,RGB,1958,2588,5172464,valid,,684fd7167c33f85c87ed93864bf8de3a9a4a19274314d1db2fd20672e9076209,train
91a88d3b0358,2,/content/aptos2019_raw/train_images/91a88d3b0358.png,PNG,RGB,1736,2416,2228063,valid,,6a7ca537c0f2f8d7697235aa983233cf5fc4a337f26ae25e81271306e41d6463,train
91b6ebaa3678,3,/content/aptos2019_raw/train_images/91b6ebaa3678.png,PNG,RGB,2136,3216,5827610,valid,,78bc4b0b1d420e7dd09b915689b959e81d3a483610724ecf038c6f1f4bd48b33,train
91b7a4179ecf,0,/content/aptos2019_raw/train_images/91b7a4179ecf.png,PNG,RGB,614,819,346845,valid,,6b3746255fadcc66056b05ab633ba97d160fc4aa0a62752ded664e672c5a06bc,test
91cbe1c775ef,2,/content/aptos2019_raw/train_images/91cbe1c775ef.png,PNG,RGB,1424,2144,2747144,valid,,cc6321d2f353b40936c72646f4924bcfd3594a92c070c17709d62c6608273107,test
91cf56d3d1af,3,/content/aptos2019_raw/train_images/91cf56d3d1af.png,PNG,RGB,1736,2416,2349715,valid,,70fddc64cbb71219f0be584cf7d655f412c189bd271bff058a7fd472db191e8d,train
91e2c2890c9f,2,/content/aptos2019_raw/train_images/91e2c2890c9f.png,PNG,RGB,1958,2588,5209049,valid,,d90c4062b6d29b4f4de18c56bdfc97759b83a6e225c8c76e3ce23232c7bacc1a,train
91e82fe4e434,0,/content/aptos2019_raw/train_images/91e82fe4e434.png,PNG,RGB,1050,1050,927085,valid,,17f58bdfc6cffcfa5747fcf741cc1889eb62eee8337aa7c9dc8e203baf68dcd0,train
91e8af9ceee9,2,/content/aptos2019_raw/train_images/91e8af9ceee9.png,PNG,RGB,2136,3216,2468566,valid,,518960767618a195f7137d1cac278cfb2d73e7d3a78a1d7a7c1d006f51aff477,train
91f3c4c1e72b,0,/content/aptos2019_raw/train_images/91f3c4c1e72b.png,PNG,RGB,1958,2588,5791926,valid,,95af9124f28de2ceced3eb8447a0b742e68cde915e491e4fda81476336d2b0f5,train
921433215353,2,/content/aptos2019_raw/train_images/921433215353.png,PNG,RGB,2136,3216,2067308,valid,,1b0354c3751c35e900844771f11c24d1a54bee9b0c1ec1bf26283de1d0379ecf,validation
922586d86cd8,0,/content/aptos2019_raw/train_images/922586d86cd8.png,PNG,RGB,1050,1050,1028028,valid,,01afadfb66f2ff22dc9af169598d87f99ada8e95f0b468e8a9b7085745ac79e1,test
9232dc06cfdc,0,/content/aptos2019_raw/train_images/9232dc06cfdc.png,PNG,RGB,1050,1050,1060049,valid,,cf6df608795aa204c3a0ca72bd96d96db7284459eb17b71c8e6e0d5a005d3a3a,train
92587e494d51,0,/content/aptos2019_raw/train_images/92587e494d51.png,PNG,RGB,1536,2048,1903800,valid,,96396ae608d8db4dc691e3c3540f5f42f692532484416fa9bc4387bd35962d79,train
9274e75dc4d5,0,/content/aptos2019_raw/train_images/9274e75dc4d5.png,PNG,RGB,1050,1050,977382,valid,,e6c3c44322c0e86455eb49cba9d829c648857a0c9abb52e472d71265c0579491,train
9287e57326d0,0,/content/aptos2019_raw/train_images/9287e57326d0.png,PNG,RGB,1536,2048,1895602,valid,,96b9be933c842d5f1822f7a4949643bc16ad4ecf20bb4b62675137642dbcd1d0,train
92889b863ae6,0,/content/aptos2019_raw/train_images/92889b863ae6.png,PNG,RGB,1958,2588,5606887,valid,,864f37d1d283b44546725a4f1a85f732e50f6e60f4f711083f6d44867459f1dc,train
929cd3867815,2,/content/aptos2019_raw/train_images/929cd3867815.png,PNG,RGB,1958,2588,5426347,valid,,dee64d2bac3ad1453399a0aef44ee35432af91b92e6c63b485e947b9325200cb,validation
92b0d27fc0ec,2,/content/aptos2019_raw/train_images/92b0d27fc0ec.png,PNG,RGB,2136,3216,6066237,valid,,2aa828f9b70444858aa15441b2ee6296ae0ecf7b4819ab8796d15363f25978fd,train
92d8a7c8e718,2,/content/aptos2019_raw/train_images/92d8a7c8e718.png,PNG,RGB,1958,2588,3534539,valid,,aa331a00e889320616a53ac8a045a440c6983035d714f48a7c555c3e8c97253f,test
92d9e9f08709,1,/content/aptos2019_raw/train_images/92d9e9f08709.png,PNG,RGB,1944,2896,2203992,valid,,cd53f50a292b8f1c3f703225c81cd691d96fde1069d1d3678dd8beaa05b9a3ab,train
92e3d608fd3c,0,/content/aptos2019_raw/train_images/92e3d608fd3c.png,PNG,RGB,1050,1050,1069758,valid,,087bce4e0ceb3d30b4f7b2672d22d4d552e47d0775069253fafb430b937e51cf,train
92f313287a29,2,/content/aptos2019_raw/train_images/92f313287a29.png,PNG,RGB,1736,2416,2153944,valid,,90b62131669b410d4eac9daca29c5ab8de5ff1bbd1b0fd2d5712ce34f84cc9a6,train
92fcf50b3562,0,/content/aptos2019_raw/train_images/92fcf50b3562.png,PNG,RGB,1536,2048,1891782,valid,,c2702412e99af425665c94c3b3b19aa18070d944a05df8374ac7b0a2e3338eaa,train
930fee99213a,0,/content/aptos2019_raw/train_images/930fee99213a.png,PNG,RGB,1050,1050,1057581,valid,,21bce5e8647ffbc9f3d5d6309219a4f4c708958906c13660600d9270d450cbd2,train
932181b93b2f,2,/content/aptos2019_raw/train_images/932181b93b2f.png,PNG,RGB,1736,2416,2242993,valid,,3edf3f73f73ba33ec78030db21c6da0cb612eda54dc7ad0422848b780a4b54bb,train
934104859e68,0,/content/aptos2019_raw/train_images/934104859e68.png,PNG,RGB,1050,1050,959683,valid,,7f55b6cb420ef3360a0bdff0db648fd59ec6ffe27b4b73da4c80368bd1fc96c5,train
93421787f520,0,/content/aptos2019_raw/train_images/93421787f520.png,PNG,RGB,1050,1050,1074275,valid,,798633193e1aa6dcdeb2b0872717d8f3423f1e2ef32138b8c46070240ca24188,train
936299166bea,0,/content/aptos2019_raw/train_images/936299166bea.png,PNG,RGB,614,819,301976,valid,,b8a3bfb61c73257a7547aa3fcc0d8847b8fecaf71ce14c49853a59ab2c1fd9b2,train
937bc1b924b1,0,/content/aptos2019_raw/train_images/937bc1b924b1.png,PNG,RGB,1050,1050,1093186,valid,,0683b69d1cc30fce8211aaf1c3c5504d52ecbb9b8b9d9e852a9a76729d218829,train
93802d1e3c41,0,/content/aptos2019_raw/train_images/93802d1e3c41.png,PNG,RGB,1050,1050,981372,valid,,ec65893e1ce36ee622801f7ea3feb2bb4ed9bd3742aca4f67cf557823c157de6,train
93a1b984de84,0,/content/aptos2019_raw/train_images/93a1b984de84.png,PNG,RGB,1050,1050,1000302,valid,,2709fb28ec34a03d64c4afac60a021166e3b81a1c427490472612951f2fe3c49,test
93be637084a2,1,/content/aptos2019_raw/train_images/93be637084a2.png,PNG,RGB,1736,2416,2423731,valid,,06ad0b37c2b1b0bceb28644e5cbff5a4ad518d791adf6623ea43abf931419d04,validation
93d6d20a5ee3,0,/content/aptos2019_raw/train_images/93d6d20a5ee3.png,PNG,RGB,1050,1050,1019634,valid,,3c25daab36e9d1aad389f2b534e6a4a276c941e26a09fd0afa5572803387c5e0,train
94076a9fb9b5,0,/content/aptos2019_raw/train_images/94076a9fb9b5.png,PNG,RGB,1050,1050,959548,valid,,ed3e4ce3899e0e7f7733aefba1a0e453f9bfe3442b69416d0148a63d74910bdf,train
94111ed3d276,1,/content/aptos2019_raw/train_images/94111ed3d276.png,PNG,RGB,1226,1844,766994,valid,,4e3d493ca54d32cd8deec61927396b6bdc086c4443269a7063016f883fa67890,test
94145d1f42cf,0,/content/aptos2019_raw/train_images/94145d1f42cf.png,PNG,RGB,1536,2048,1909155,valid,,8d23b69cae1594963f6dc88f3c62be36b8db5dbd82e68d3ec76466da3bcd8b08,train
941d874c8afb,0,/content/aptos2019_raw/train_images/941d874c8afb.png,PNG,RGB,1050,1050,1050296,valid,,e5315563aad37665906dcef5d41756b1371f601b58dba8d14dc56e007d4f5b53,validation
942f544c4e15,0,/content/aptos2019_raw/train_images/942f544c4e15.png,PNG,RGB,1050,1050,1031625,valid,,ade7e9d7267bd5e5094bfe24c3d06d50868ebb9f807c58aa7e2564d3ae32c8af,train
94372043d55b,1,/content/aptos2019_raw/train_images/94372043d55b.png,PNG,RGB,1736,2416,2309771,valid,,a406f4b23fca0aa51aeb74eb843abb1ef5d1c57ceb6c2e0c279e2852e2ceb187,train
944a233fbf8e,1,/content/aptos2019_raw/train_images/944a233fbf8e.png,PNG,RGB,1736,2416,2335017,valid,,36825ddfea718f4f1e6d544cb03e1143b47652e703242f4e257c5a371499fe3d,test
946545473380,0,/content/aptos2019_raw/train_images/946545473380.png,PNG,RGB,1050,1050,996741,valid,,ab11b1b93a9a6234e27eef04a5eebbe2929739228ca692bdc655d9fdb7d899b9,train
949710bead24,0,/content/aptos2019_raw/train_images/949710bead24.png,PNG,RGB,1050,1050,987413,valid,,90aeec475fe588eecdd7536d6a988255dc111a12fa1b786f16c353a0cf89474a,test
94a67ec0714f,2,/content/aptos2019_raw/train_images/94a67ec0714f.png,PNG,RGB,1736,2416,2163975,valid,,0ceefa48e7eef66d775a19e707d0fc8f3651f47727e283b2bf96303ad3874ab7,validation
94b1d8ad35ec,1,/content/aptos2019_raw/train_images/94b1d8ad35ec.png,PNG,RGB,1000,1504,1290907,valid,,82a3cef7fe1d3b781e05567e44721d2820ae2e5d4d7d46dc1bd1e227819fbcda,train
94b9ccc73bb9,0,/content/aptos2019_raw/train_images/94b9ccc73bb9.png,PNG,RGB,614,819,302018,valid,,cee884cf02d2cc8716c782cf18759c0f201ae3519f78cdfc3ba8cae9dbfede44,train
94dcb491143f,2,/content/aptos2019_raw/train_images/94dcb491143f.png,PNG,RGB,2588,3388,3262329,valid,,e0498a3b4564089ec1b648df883f92da3a7de85f72a666f9a3c3065a1ff7bf35,validation
94ef1d14597f,4,/content/aptos2019_raw/train_images/94ef1d14597f.png,PNG,RGB,2588,3388,7271549,valid,,2c9b796ba364c5493fed57fa9396edf185d00c43e711ffb1153feb2f48b51597,train
94f9ecf4b8d2,0,/content/aptos2019_raw/train_images/94f9ecf4b8d2.png,PNG,RGB,614,819,369009,valid,,c15b5a72f6e4d5671aa86a883b6e55be278d9c6dab5228d5b801d5659fcb0eb2,train
9519a590985d,0,/content/aptos2019_raw/train_images/9519a590985d.png,PNG,RGB,1050,1050,964396,valid,,6058e9c2fda9a182eb6c637b191a01b7b7c18230f204ca54baa3a8207279b080,train
956765d5f46d,0,/content/aptos2019_raw/train_images/956765d5f46d.png,PNG,RGB,614,819,442204,valid,,e9af0913411787988b144d2b0a24b1071263c163e9798791e9b330630c231c3c,validation
9568eb7e9c08,2,/content/aptos2019_raw/train_images/9568eb7e9c08.png,PNG,RGB,1958,2588,5048370,valid,,62140ecddd2e2f5e1c8f3d781fd886c3fc935509b3083ca5cf9e87df0b4009e9,validation
958c1fa044ba,0,/content/aptos2019_raw/train_images/958c1fa044ba.png,PNG,RGB,1050,1050,980268,valid,,8727bdf002ed55549eccd723837761c432cebff6418fff589730ce9d9601b9ea,train
959bb2d01091,0,/content/aptos2019_raw/train_images/959bb2d01091.png,PNG,RGB,614,819,320907,valid,,8673dffa1428611286ebff8576723ffb265d5358bc860ac581df3426509c71b0,test
959dc602febc,2,/content/aptos2019_raw/train_images/959dc602febc.png,PNG,RGB,2136,3216,2277649,valid,,6cacfa99e1555ee9597b0c44685a000883b2281fc6590276dc41c3fa84ee87db,train
95a4cc805c7b,1,/content/aptos2019_raw/train_images/95a4cc805c7b.png,PNG,RGB,1958,2588,5172036,valid,,7548407f0e23ebf1ed91c308ade0debfd5bb44b1ffef37d49bedcdc0b170c2ad,train
95e732e043a1,4,/content/aptos2019_raw/train_images/95e732e043a1.png,PNG,RGB,1000,1504,1260065,valid,,4fb0e2d2133173e5bf3eb7b2da901c1f009ca6aa47f1609ee229db5b78fdc021,train
962c0fc85e13,0,/content/aptos2019_raw/train_images/962c0fc85e13.png,PNG,RGB,1536,2048,1946516,valid,,618025780c9280ff07c951c5bb30ebca338e24d6191577eacb4662b8007b398e,train
962cf85e4f6d,2,/content/aptos2019_raw/train_images/962cf85e4f6d.png,PNG,RGB,1736,2416,2248668,valid,,a1465bb7b322b80b18c38973c2482eba779da285935e25e1445291911bb70a74,train
966c07831334,0,/content/aptos2019_raw/train_images/966c07831334.png,PNG,RGB,1050,1050,1072987,valid,,e97de7d39eb6934d9a12c8b154270510a20413d11bb962ca949583a9612d5e91,test
96793edb1003,0,/content/aptos2019_raw/train_images/96793edb1003.png,PNG,RGB,614,819,426469,valid,,6493ac420df52ac75412aacd218e29a0fbb84d96a400645519e42e2df41038a1,train
9688c6ef5dc5,0,/content/aptos2019_raw/train_images/9688c6ef5dc5.png,PNG,RGB,1050,1050,954611,valid,,032d03f30cf6dbe03a7a28f18178ae63be4fb541cce6fa360015a75cb44a5b5e,validation
969f92a390db,0,/content/aptos2019_raw/train_images/969f92a390db.png,PNG,RGB,1050,1050,1010644,valid,,fec18831ebab943b8f5242ab52172a19fd98dabc637a4c3760b57192f59e5088,train
96a9706b8534,1,/content/aptos2019_raw/train_images/96a9706b8534.png,PNG,RGB,2588,3388,7257981,valid,,e16ac6391f5a16a7ef3abfa5cb4b443c6d84926c42f9597bd8b98478fa8be334,train
96b5474ae604,0,/content/aptos2019_raw/train_images/96b5474ae604.png,PNG,RGB,1050,1050,941587,valid,,d5b8692862d70366fd1de51105836958d2419c6afa82317dfe7fb46ab6affc81,train
96c3e3db68bc,2,/content/aptos2019_raw/train_images/96c3e3db68bc.png,PNG,RGB,2588,3388,7049673,valid,,35e3675cb295ec84684b26ba9dad24701c10fc3834573688ddb308f19da5a26a,train
96c699221180,0,/content/aptos2019_raw/train_images/96c699221180.png,PNG,RGB,1050,1050,1040501,valid,,c0c12a6f5a9a5643808d3cc76004e1656fce13ee396eb91ac887968e07df4999,train
96ce10a1dbd7,0,/content/aptos2019_raw/train_images/96ce10a1dbd7.png,PNG,RGB,1050,1050,1027660,valid,,cb68de0fa02029b31ffe327ebb15d01637adb3bf6b64990f767f7759ea90f720,test
96d48b073f18,2,/content/aptos2019_raw/train_images/96d48b073f18.png,PNG,RGB,1226,1844,827007,valid,,33ce94f6384dec30efe1dc1c654e2b68a4f3b97308b3e73bd3719bb34a2f5a08,train
96ea316ed0ab,0,/content/aptos2019_raw/train_images/96ea316ed0ab.png,PNG,RGB,614,819,307803,valid,,612e80389bef15a41a68ab130f87be3e735bef193671b9284c1977a2c7331a3a,train
971bb98ab935,0,/content/aptos2019_raw/train_images/971bb98ab935.png,PNG,RGB,614,819,338643,valid,,9811830c20cb32bfcd6a030b88482050f2b65bd7e22830818d21f3b3957b4601,train
973b0facfa9b,0,/content/aptos2019_raw/train_images/973b0facfa9b.png,PNG,RGB,1050,1050,1071952,valid,,3ab452674dc59a463beecce149ff632b3a51be2c312569acc368d5b5eed3b040,validation
974c7d7b9c64,0,/content/aptos2019_raw/train_images/974c7d7b9c64.png,PNG,RGB,1050,1050,949057,valid,,339841e77571d9fe32f1e57b31d0739d7c9fc9e6895c169477cbd2801a78ac96,train
975252e325e3,2,/content/aptos2019_raw/train_images/975252e325e3.png,PNG,RGB,2588,3388,7338118,valid,,d7829f74e5a64621ebcde658852a8cd46e7ff7756e81748b7dfb22e217110547,train
976082127e2a,0,/content/aptos2019_raw/train_images/976082127e2a.png,PNG,RGB,1050,1050,929740,valid,,7af9cfe1570c8d743d8a16716495c8d55dcd8a6e430ca271598af4829c3c60d5,validation
977e1ca77653,1,/content/aptos2019_raw/train_images/977e1ca77653.png,PNG,RGB,1736,2416,2054574,valid,,3aa90c27149dbe67270697456f4c528b03f16a547c617aaf46ca80c86e3a1849,train
9782c0489eca,1,/content/aptos2019_raw/train_images/9782c0489eca.png,PNG,RGB,1736,2416,2191845,valid,,deb9ebbdc15bf020a7eecda9659fd4d322801c31693a25bf574846bf91587a87,train
9785805af1b8,2,/content/aptos2019_raw/train_images/9785805af1b8.png,PNG,RGB,480,640,353310,valid,,49f7021886c5c601f512871ed4e040be381ceb78d83874ee33491d738ee7474d,train
97a235367f9d,0,/content/aptos2019_raw/train_images/97a235367f9d.png,PNG,RGB,614,819,357932,valid,,604f58350fc3d9386f9e72630d63ae95e649e4b100f6308aed279ae3e29d0039,train
97a5ad7548b7,2,/content/aptos2019_raw/train_images/97a5ad7548b7.png,PNG,RGB,2588,3388,3507284,valid,,2866785e738ca131c0f10ad9cbcb0bcb81f213bfa7692d25530aed9c5d884992,train
97bf61736b86,2,/content/aptos2019_raw/train_images/97bf61736b86.png,PNG,RGB,2136,3216,2333921,valid,,e35748b538d5081c563a9855f0916941e11a9a91a8231f18c451fde891eb3d12,validation
97c6cb55866d,0,/content/aptos2019_raw/train_images/97c6cb55866d.png,PNG,RGB,1958,2588,5576293,valid,,9649b468185db7dc1005ce94f19e0cf7b929b801aa49cab3860817291c819744,test
97d02a9b94f7,0,/content/aptos2019_raw/train_images/97d02a9b94f7.png,PNG,RGB,1050,1050,1038974,valid,,986affcc5e1d49bdf47eda48bbc5e3a550c5cd59d57114e04e042e6134b1540d,train
97da093947e8,4,/content/aptos2019_raw/train_images/97da093947e8.png,PNG,RGB,2136,3216,2948547,valid,,82fe50fe97b0d79a11de03399e67395743ffa2b4fc1c9cfa011b1ef24cd7c8b0,train
97f290d31813,0,/content/aptos2019_raw/train_images/97f290d31813.png,PNG,RGB,1958,2588,5514151,valid,,db7ab3388207c8df3c90925e3bba87b43255216bb63b3aa591725e48a90fbefe,train
97fdee242fea,0,/content/aptos2019_raw/train_images/97fdee242fea.png,PNG,RGB,614,819,391668,valid,,dcd6fee1252388d48cf66ce4237b108919e576fcf75bb4cb91eb224091fbb191,validation
98104c8c67eb,2,/content/aptos2019_raw/train_images/98104c8c67eb.png,PNG,RGB,1736,2416,2191514,valid,,efefb063aa1ab428deccb90cb9afd82690e70adbb3b5a70b1fa43c575ca3322c,train
98277aeb96a7,0,/content/aptos2019_raw/train_images/98277aeb96a7.png,PNG,RGB,1536,2048,1966890,valid,,817659158815af963ed706f8464cf31cf92d0182d9e995a3ea303e54ad36400f,test
9837048b85dc,2,/content/aptos2019_raw/train_images/9837048b85dc.png,PNG,RGB,1000,1504,1486651,valid,,19c51297e10b724b63a1240dc9f5b6460bcbbd95fb2a2b56cba8c88dd15e3e37,validation
983c98354e9c,0,/content/aptos2019_raw/train_images/983c98354e9c.png,PNG,RGB,1050,1050,883149,valid,,582b7794ccc0c2826ef50d0090410c7186ae7c87bf0b3a2c7948585c6aa153c0,train
98441214557f,0,/content/aptos2019_raw/train_images/98441214557f.png,PNG,RGB,1050,1050,936890,valid,,10e551eb209c6cd1e03b24442159fe2f82b61c04842fcc057c41f7537576ae9f,train
9858cc2ae073,0,/content/aptos2019_raw/train_images/9858cc2ae073.png,PNG,RGB,1536,2048,1948052,valid,,9e13c321b30af4e30b44461be7a4bd221ca51eaffdf813bcb3ad3013cfe7329e,train
9859e2a6cc24,4,/content/aptos2019_raw/train_images/9859e2a6cc24.png,PNG,RGB,1050,1050,940058,valid,,45b81074299a2e149c2b2d22b86f730cf18213acf32be0c1737d084ffbbff9f7,train
9870ce41cac4,0,/content/aptos2019_raw/train_images/9870ce41cac4.png,PNG,RGB,1536,2048,1757262,valid,,691f62938575710cff493e3d5cbc81f1fb817aca50b4c926a5c8563b790ea07b,train
9878db94d9f3,3,/content/aptos2019_raw/train_images/9878db94d9f3.png,PNG,RGB,1944,2896,2786375,valid,,940d574ce13e0f07365d2bf20ef27c4334a64af9f5d7fa72818758d86d359c0c,train
98d41bce73a8,0,/content/aptos2019_raw/train_images/98d41bce73a8.png,PNG,RGB,1536,2048,1840245,valid,,03bacf512e437f20db12557cdc45a646b31f3d97ab74aa803dfc587dd8389000,train
98e44127872f,0,/content/aptos2019_raw/train_images/98e44127872f.png,PNG,RGB,1050,1050,867619,valid,,2cbf512e12c0918c7fbf4dd55f4a585cb0243b2b880fc95fa2984591b60e587f,train
98e8adcf085c,2,/content/aptos2019_raw/train_images/98e8adcf085c.png,PNG,RGB,2136,3216,5357270,valid,,1c860b3ea75b295af9119d1810ea1fea1bfbf1d16ed42d40fd787568faf26ab7,train
98f48850ebce,2,/content/aptos2019_raw/train_images/98f48850ebce.png,PNG,RGB,2588,3388,7474651,valid,,1664055ed8a39a3efdc3be31074354cc1b9eff235a3e4f27060609b4f7ea9d96,train
98fbe56dcc2c,1,/content/aptos2019_raw/train_images/98fbe56dcc2c.png,PNG,RGB,1736,2416,2300158,valid,,da8c94a5ad1755bc94bc6d729750fad8434292da5125ac1f00ea8208f77a2c66,train
9904939ab83d,2,/content/aptos2019_raw/train_images/9904939ab83d.png,PNG,RGB,2588,3388,3681866,valid,,11f3620fe475e39e7e63ab97eba4570e8a3993da22f2927db0c4f4fc71dcd76d,test
9910c827e2fe,0,/content/aptos2019_raw/train_images/9910c827e2fe.png,PNG,RGB,1050,1050,921471,valid,,665fb5f7edbd3e4034fa3bccfbba09fd9cc478fd689c5c87c2b782d4917fd7d6,train
99132193eaa0,1,/content/aptos2019_raw/train_images/99132193eaa0.png,PNG,RGB,1736,2416,2216091,valid,,94d3c319397aeba88ba06b248f502305881f881a7b353142ec20c4010f86cc84,train
991a0b7a8c87,0,/content/aptos2019_raw/train_images/991a0b7a8c87.png,PNG,RGB,614,819,311007,valid,,0969091a022b0de4466e8a2c3d9d152bc7a5f555093f5e303a4a34fa7aed7971,train
99240ee00485,0,/content/aptos2019_raw/train_images/99240ee00485.png,PNG,RGB,1050,1050,968675,valid,,2b9806155279eb7b7f986385bf2477bc9e7f54c6a36d3dea3772e5c6be138a73,validation
992599744a23,0,/content/aptos2019_raw/train_images/992599744a23.png,PNG,RGB,1958,2588,5414922,valid,,ceb5ca5921aaefb44fca540b2cf6045d52b49d8283052b2de123b5c0effa0e5f,train
992b9a07b25f,0,/content/aptos2019_raw/train_images/992b9a07b25f.png,PNG,RGB,1958,2588,5123395,valid,,f9dcff5734380baaef8cf6ab984934961190cc56f828a0a925afe9bec3febd86,validation
996f57c86ba5,3,/content/aptos2019_raw/train_images/996f57c86ba5.png,PNG,RGB,1424,2144,2830051,valid,,10a5d0666d9b0d529c7424a1f4907549f837a5add8978e8cfaf5a510565d3a48,train
996f9bba4ef0,0,/content/aptos2019_raw/train_images/996f9bba4ef0.png,PNG,RGB,1050,1050,989302,valid,,b358fcb793974b8c640e6c95ab17bde7ccab139fa1e4a02df08f5c7e40118bcb,test
9985375d709f,0,/content/aptos2019_raw/train_images/9985375d709f.png,PNG,RGB,1050,1050,1041242,valid,,6057f3d4add8ade24ad0effe0e56503310e69a2739bd3297c0bb1f19ce43df60,train
999115d9386b,2,/content/aptos2019_raw/train_images/999115d9386b.png,PNG,RGB,2136,3216,3289431,valid,,3c3560acf6bafaa84b59d24f90f376497559cda54971fa7315b0fa0a4c3a30c8,validation
999ad827ed35,0,/content/aptos2019_raw/train_images/999ad827ed35.png,PNG,RGB,1050,1050,965677,valid,,3df5a33ad4a26444013bb27be1412c9851ba49b9ead20c92e09b7e5a6534ea05,train
99c626e58464,0,/content/aptos2019_raw/train_images/99c626e58464.png,PNG,RGB,1536,2048,1925303,valid,,e3aae0db1c80d74457313c4c7f353135ec7f7ada02971fa4d9fbe9404b758620,test
99c6a123ed6a,0,/content/aptos2019_raw/train_images/99c6a123ed6a.png,PNG,RGB,1050,1050,863873,valid,,38fd87fd5043566e38b4c2a6e84aab472a7c05ecf312fd57fdd46b259e6a0797,train
99e8bf998285,2,/content/aptos2019_raw/train_images/99e8bf998285.png,PNG,RGB,2136,3216,1686493,valid,,48c0d1a34aeab5d57b08bb09ba2483600dd1941249a7b5bf3d4a401633c8f114,test
99ecdb41d5e7,1,/content/aptos2019_raw/train_images/99ecdb41d5e7.png,PNG,RGB,2588,3388,7159262,valid,,66f5e4e8df18318945f492ab5f4a9530875ba235cebee26a0d490f9fff0cebe7,validation
9a1029536d78,0,/content/aptos2019_raw/train_images/9a1029536d78.png,PNG,RGB,1050,1050,1041783,valid,,28bfd62881e96464a025960a7f0619cd91b4b533ec6eea4ebc77b2a16d70bad4,train
9a159d4674cd,0,/content/aptos2019_raw/train_images/9a159d4674cd.png,PNG,RGB,614,819,326796,valid,,2658cb711897a059f51f3246c050601c07f31c22635845e0ba23ee153cf283d3,train
9a28d4e8aef0,2,/content/aptos2019_raw/train_images/9a28d4e8aef0.png,PNG,RGB,2136,3216,3040435,valid,,d6bebc34862271c78442331422766aa9d0a6d428dcedb1d28ae2b88cf5067073,train
9a3109657ac1,1,/content/aptos2019_raw/train_images/9a3109657ac1.png,PNG,RGB,1736,2416,2019870,valid,,23513fa529ac1d4986d5d13ec09457f454eed4f8ba6993e2402fa76a09961d73,train
9a326446c431,0,/content/aptos2019_raw/train_images/9a326446c431.png,PNG,RGB,1958,2588,5281351,valid,,aff794a05b04013b320b453978313988bad1eb45ded9350e4e14f95a8757efe9,train
9a496b1e20f9,4,/content/aptos2019_raw/train_images/9a496b1e20f9.png,PNG,RGB,1958,2588,5036254,valid,,537ca047e7da122fa6f7fd2e0cacd3c444f69a7111fdfdc882fcfcda05262d22,train
9a4f370d341b,2,/content/aptos2019_raw/train_images/9a4f370d341b.png,PNG,RGB,1736,2416,2129760,valid,,b9bd3a14fc6643ccc1aad0adf76e0ee07f35c7984e12240ee2e8620b2571e6c5,train
9a56cfb980ec,0,/content/aptos2019_raw/train_images/9a56cfb980ec.png,PNG,RGB,1536,2048,1929235,valid,,351fac68a08afb5822e6dbc739f4c25c4af6c27da2ff8ed2ee95b70f7422cd65,train
9a78c6a7b1c2,2,/content/aptos2019_raw/train_images/9a78c6a7b1c2.png,PNG,RGB,1736,2416,2341313,valid,,5c70579441ed609e8f2bde5ebf10f39d6ffadb1f754bf322ca5353ff187f4bd9,test
9a7bd084395e,2,/content/aptos2019_raw/train_images/9a7bd084395e.png,PNG,RGB,1958,2588,5324765,valid,,814a20ec953f3bfcdb7a770bfb5858caa7b97c27b5da07d51668143ccf8b71a5,validation
9a94e0316ee3,3,/content/aptos2019_raw/train_images/9a94e0316ee3.png,PNG,RGB,1736,2416,2040954,valid,,007dbe9d1c6cf6ef7678018e54c26ea300c54f0b69744e66b17c82d52be4e001,train
9a9b21215c55,2,/content/aptos2019_raw/train_images/9a9b21215c55.png,PNG,RGB,1958,2588,4944679,valid,,2a0ac1f090da7c9ec1ad9bd1de18855c06d8816d5fbf2076b6a92f677a3f7abb,train
9ab18a4a957f,0,/content/aptos2019_raw/train_images/9ab18a4a957f.png,PNG,RGB,1536,2048,1845843,valid,,c0a30ea9be62661452f94320b67fcbfb39c5b5e6bddf839a4b207859490355d0,test
9ac2e3e9fca5,0,/content/aptos2019_raw/train_images/9ac2e3e9fca5.png,PNG,RGB,1050,1050,975066,valid,,cec4aabc636c186c9500dfe9b0fbb6de48e008cd23bf4499b119e9a961b17e07,train
9ac41b9a809e,0,/content/aptos2019_raw/train_images/9ac41b9a809e.png,PNG,RGB,1050,1050,960096,valid,,d304fcb2c67dfc9fc83e9c9360d092aaf9728ede107a77c0e2de968934f84ae3,validation
9ad92f1c1542,2,/content/aptos2019_raw/train_images/9ad92f1c1542.png,PNG,RGB,1736,2416,2381410,valid,,453ad2cb0d81b02c51645ad4e1665a806312ff7b9df1b727a55545a1beef00e1,validation
9ae54843c69a,0,/content/aptos2019_raw/train_images/9ae54843c69a.png,PNG,RGB,1958,2588,5154247,valid,,5539602edf5f4f6ab09161cff31a7247083b67bda15a64cd66059d74ed25d89c,test
9b093fe95d6b,3,/content/aptos2019_raw/train_images/9b093fe95d6b.png,PNG,RGB,1944,2896,2391987,valid,,292fdef3dbd3ffa7a8f67fd1b99adfef0cabd0769983fa4692be2cab979e66dd,test
9b0eb9f41da4,2,/content/aptos2019_raw/train_images/9b0eb9f41da4.png,PNG,RGB,1958,2588,5280997,valid,,be55c716e857832fad412f16cc3644327a58b0f4dd7bbc64fbaf3661cec9f4da,train
9b32e8ef0ca0,2,/content/aptos2019_raw/train_images/9b32e8ef0ca0.png,PNG,RGB,1736,2416,1888625,valid,,4342a073c43143ba29f60bb176efbbf647610ee5eb17135f39e394f81190192e,train
9b418ce42c13,2,/content/aptos2019_raw/train_images/9b418ce42c13.png,PNG,RGB,1000,1504,1486302,valid,,64fa588f36dbd20938d8933f030ea901935b7d345ca86792735af62852223ffd,train
9b4fc15df3c8,0,/content/aptos2019_raw/train_images/9b4fc15df3c8.png,PNG,RGB,614,819,275718,valid,,ad28ac402691859cf39f390f7e5c37baacee5940822defbdccffe0b3a7306779,train
9b57e43b44e7,0,/content/aptos2019_raw/train_images/9b57e43b44e7.png,PNG,RGB,1958,2588,5497685,valid,,183d615b914bc4ca9bf0124269d9a3c67be2aca4dacfd19677a769d5a69ed5fd,train
9b70f84400af,0,/content/aptos2019_raw/train_images/9b70f84400af.png,PNG,RGB,614,819,354692,valid,,d1eecd3f2a48ac48ed3bcaa0f1d03e0f445a476f9fd13247177ae78b3e4e565c,train
9b7b6e4db1d5,2,/content/aptos2019_raw/train_images/9b7b6e4db1d5.png,PNG,RGB,1000,1504,1447585,valid,,716730d15ef9340bdfd931de48c7dc13b3b3954b7de5c6288c07b53107113120,train
9b95d6203406,2,/content/aptos2019_raw/train_images/9b95d6203406.png,PNG,RGB,480,640,353551,valid,,bfed5aeebef2872e4909aac6d9f1230cbd74fde165677c091af1a2256201bdb5,train
9ba469af2980,0,/content/aptos2019_raw/train_images/9ba469af2980.png,PNG,RGB,1958,2588,2308527,valid,,b2eb912920ff9ec7fe476351c12b1ff6ed554b2d7466d6757d430fff67ce4483,train
9bafbbd152d2,3,/content/aptos2019_raw/train_images/9bafbbd152d2.png,PNG,RGB,1958,2588,5200012,valid,,f7702c16e3ed9231ffb96cfe7d1734eb4cbbc9602e331a17aa5bc9bc7bd4c371,train
9bbb6c455913,0,/content/aptos2019_raw/train_images/9bbb6c455913.png,PNG,RGB,1050,1050,908422,valid,,bb19731ff9ca5d833f31cf58557d1c2b89c7aba04448cf9eb83c70a8ed07476f,train
9bd008aab548,0,/content/aptos2019_raw/train_images/9bd008aab548.png,PNG,RGB,1050,1050,1013931,valid,,ede51ba4f178a09d88945da2d540fa046c597dd81f991f7ae1dd1a60672e0260,train
9be0683649ff,0,/content/aptos2019_raw/train_images/9be0683649ff.png,PNG,RGB,1536,2048,1833579,valid,,6c42c4cc0801ccfb74e9a5f559f359ffbc171eb8d74dbf94d67b4dd14e139780,train
9be71d6d7e59,0,/content/aptos2019_raw/train_images/9be71d6d7e59.png,PNG,RGB,1050,1050,994247,valid,,465e3acb6ddaed3840635453148258c70557b8c316eee9c3a18db64e659956fd,train
9c088d2d1559,2,/content/aptos2019_raw/train_images/9c088d2d1559.png,PNG,RGB,1958,2588,2243344,valid,,79a42a8cb6159d72e97f86913eca73b776662b91c73bae447a81243d56753493,validation
9c14ce27cbfc,0,/content/aptos2019_raw/train_images/9c14ce27cbfc.png,PNG,RGB,1536,2048,1740417,valid,,198b88705c507203dbb27b99ef29d88fe878fb35971ff837e5acbec2ccc2ace3,validation
9c514d2d5b3f,0,/content/aptos2019_raw/train_images/9c514d2d5b3f.png,PNG,RGB,1050,1050,998480,valid,,cb2676fb238d8b48d356857e59a5dc979152ad16a1d7239bddfed6548e91c14c,train
9c52b87d01f1,3,/content/aptos2019_raw/train_images/9c52b87d01f1.png,PNG,RGB,1424,2144,2708524,valid,,530a95bc34142b94d8cd0a9ec9085318675f4535081bd2a279c28e78d3b1d051,test
9c5dd3612f0c,2,/content/aptos2019_raw/train_images/9c5dd3612f0c.png,PNG,RGB,1000,1504,1514791,valid,,3703aa4ead58479ac8d6858751690ab021f2c56397cd19eae5e62afd08443481,train
9c6512166557,0,/content/aptos2019_raw/train_images/9c6512166557.png,PNG,RGB,614,819,345100,valid,,831d2ac454b7f82a330cc4cfbcb1bdf6e9c3905cc3d86c2978f013cd543db3f1,train
9c72ed6befa0,4,/content/aptos2019_raw/train_images/9c72ed6befa0.png,PNG,RGB,1958,2588,5119587,valid,,051f0abbeabd3ee4603d22df586892275d105f6e1851b6fd02b5b164babe76ef,train
9c893e16c055,0,/content/aptos2019_raw/train_images/9c893e16c055.png,PNG,RGB,1050,1050,957527,valid,,3c2467994db37ce42d156f8864eea585513d2db3df91fa986ca6b2a1bb3bee2b,train
9cc6b1f9bcbd,4,/content/aptos2019_raw/train_images/9cc6b1f9bcbd.png,PNG,RGB,1958,2588,5600658,valid,,3df72df05d02264b71e3c3bc3078eade17c98393f9bd69b045e9fc785f4f3185,train
9ce46d400cd6,0,/content/aptos2019_raw/train_images/9ce46d400cd6.png,PNG,RGB,1050,1050,892095,valid,,51de6950143756d4729fc9bba793be42d6a47f2a16458e94954cf416627be18c,train
9cedf5c7016b,2,/content/aptos2019_raw/train_images/9cedf5c7016b.png,PNG,RGB,1958,2588,5226298,valid,,093e922a1f01757ba721de8d633fc5d00abbda27229821167eb4fcb0ee255bf4,train
9cf7c1349673,0,/content/aptos2019_raw/train_images/9cf7c1349673.png,PNG,RGB,1050,1050,1055354,valid,,8a51fa18d5453a08d6ea0c60d7c944d3b00d8a15bb1bb08229a56542f68fd99e,train
9d1feed37610,0,/content/aptos2019_raw/train_images/9d1feed37610.png,PNG,RGB,1050,1050,941637,valid,,a61e019cfbb6104775ab5f6f82ee40c54880a06c5a75e466a07975605a4d23e3,train
9d62478042b6,0,/content/aptos2019_raw/train_images/9d62478042b6.png,PNG,RGB,1958,2588,5774165,valid,,2340048e2f5010465a5d5ad33b13bee83923c06f005c40e06911a571cf6ce555,train
9d74428188bb,2,/content/aptos2019_raw/train_images/9d74428188bb.png,PNG,RGB,2588,3388,7148140,valid,,81e9693f518a856b3b61dfd34b0de638ace3b06a6f564cdd67021cdb7d5b0c1a,train
9d75de31f1b8,0,/content/aptos2019_raw/train_images/9d75de31f1b8.png,PNG,RGB,1050,1050,975052,valid,,78765e04b86d14d9fdf5bed867d4dc29a48ef7e9f31a9b44d1c9d8b32647920d,train
9d98a0b585f2,2,/content/aptos2019_raw/train_images/9d98a0b585f2.png,PNG,RGB,1050,1050,1006995,valid,,dd3136a7fcda2cba8744e2a900f34a52469b2e37a38214a5cb053ddc24e1140d,train
9d9bfefa809c,2,/content/aptos2019_raw/train_images/9d9bfefa809c.png,PNG,RGB,2136,3216,2773509,valid,,aa93abdd42667e60363525732dad25fbe7a368ea74034e04d50759d81bfe65e3,train
9da74370835a,2,/content/aptos2019_raw/train_images/9da74370835a.png,PNG,RGB,1736,2416,2431379,valid,,485ca21390d13f1fc38757832a967317a517aa66646ad2e9bc154fa5144f569c,train
9dab2e6ba44b,2,/content/aptos2019_raw/train_images/9dab2e6ba44b.png,PNG,RGB,1958,2588,5376680,valid,,c7e66b91c34f9eb070991e6daa8062e71ff8c5e2700008034ee4d9a86bbc41a6,train
9de9421f17e3,0,/content/aptos2019_raw/train_images/9de9421f17e3.png,PNG,RGB,1050,1050,930660,valid,,0e0a7feffa104dd50fff68187b2a2d0a828e7251a25e68441c1e006f960e562f,train
9df31421cdd2,2,/content/aptos2019_raw/train_images/9df31421cdd2.png,PNG,RGB,1958,2588,5500950,valid,,ccca22421b482613180bc39e5716ee6fdfc317daa998c93106b3dcf37c5479ed,train
9e2058917304,0,/content/aptos2019_raw/train_images/9e2058917304.png,PNG,RGB,1050,1050,932698,valid,,28b0b3b21101824e28093bfe25c9717d3bd67f8860d04a1f8cd011827a46d5f2,validation
9e2a8135f471,0,/content/aptos2019_raw/train_images/9e2a8135f471.png,PNG,RGB,1050,1050,973739,valid,,915118eaefc9b2eb84cb7e38d7eb51fcd3eab9c6acc666fd2884293e9fbcd1e6,train
9e2ba2b979f1,0,/content/aptos2019_raw/train_images/9e2ba2b979f1.png,PNG,RGB,1536,2048,2001912,valid,,29f7b7aaf53c06180c02ae1f5c1926173637bf6a64fce4daf96863b5a9ba76fe,train
9e5737f771c3,0,/content/aptos2019_raw/train_images/9e5737f771c3.png,PNG,RGB,1536,2048,1937998,valid,,c9defd5154f8afffc62b79b52480694e9c64e391aad67860c1c606d2a0de7f75,validation
9e5ec293267c,2,/content/aptos2019_raw/train_images/9e5ec293267c.png,PNG,RGB,2588,3388,3759806,valid,,9807466bde5004e0fd391c1aad4fe629e81cbb1e9eb9233b6753bc66a9231ea5,train
9e7a63b2fc6a,0,/content/aptos2019_raw/train_images/9e7a63b2fc6a.png,PNG,RGB,1958,2588,5653424,valid,,3ffca06908388f26fa689960412b6963a5a09b4cf90a35ae07f2f75cfef20d2e,train
9e99ae6ee7af,0,/content/aptos2019_raw/train_images/9e99ae6ee7af.png,PNG,RGB,1536,2048,1669358,valid,,ff97f0b3aec340c6bf56c677e71d08a71b8935e6f5e85d78ff862603c800a373,train
9eaac43744f5,2,/content/aptos2019_raw/train_images/9eaac43744f5.png,PNG,RGB,2136,3216,2149302,valid,,f60cc97399a6d4c8e7e49bcc64d0f67a7f1254f783573dc650edba7f8595917f,train
9eaf735cf01f,1,/content/aptos2019_raw/train_images/9eaf735cf01f.png,PNG,RGB,1736,2416,1812094,valid,,0e412da99fff5b16e4666a111fa528f9261df3c74b8797594c54e0cea821040d,validation
9ed666e982cd,1,/content/aptos2019_raw/train_images/9ed666e982cd.png,PNG,RGB,1736,2416,2248637,valid,,18bec256e773265ab2abe2752d2f3ef085991249ab3ac5828e6e3254cb89f378,train
9ed6c2b25767,0,/content/aptos2019_raw/train_images/9ed6c2b25767.png,PNG,RGB,614,819,342049,valid,,41ace546b21d83287514b1423c37172e2cb5538edff73fdf96e0b93e4e9b4c50,train
9f1b14dfa14c,0,/content/aptos2019_raw/train_images/9f1b14dfa14c.png,PNG,RGB,614,819,279702,valid,,9521a952f9d0e5a32dec8adfee9c3862c2af61ae18ad18986f6f64600bbf1e9a,train
9f1efb799b7b,2,/content/aptos2019_raw/train_images/9f1efb799b7b.png,PNG,RGB,1000,1504,1306011,valid,,aaafbd50731dde0e8431d1023d877b45921ef222e1f1c365e977ef97f2d31e54,train
9f285b3e57ed,0,/content/aptos2019_raw/train_images/9f285b3e57ed.png,PNG,RGB,1050,1050,928896,valid,,1ca1f7fda5ffa71d6fa723277b4fc416a19de2b65e8055d6e6b986664c55b9da,test
9f37c98b8187,3,/content/aptos2019_raw/train_images/9f37c98b8187.png,PNG,RGB,1958,2588,5389685,valid,,5ae12aebdb76ee0b98d55441ddbd5504d9ca18e8eb2f00e3d0e308524ad44d90,train
9f4132bd6ed6,2,/content/aptos2019_raw/train_images/9f4132bd6ed6.png,PNG,RGB,1000,1504,1447585,valid,,716730d15ef9340bdfd931de48c7dc13b3b3954b7de5c6288c07b53107113120,train
9f436886e056,2,/content/aptos2019_raw/train_images/9f436886e056.png,PNG,RGB,1050,1050,870787,valid,,007c022838477faa058876bfe5c9595cd3ee7f207635a18bd66d8953599d885b,train
9f5a8665cf2e,2,/content/aptos2019_raw/train_images/9f5a8665cf2e.png,PNG,RGB,1736,2416,2224666,valid,,708b39a1a8d1f48da980cb03f6aa3f28c6501417734b23b60512d83194f022bc,train
9f8112c710be,0,/content/aptos2019_raw/train_images/9f8112c710be.png,PNG,RGB,1050,1050,939054,valid,,df9f99f0e8d593dd9a1dcd324c0e2e04be63f8daa212ae8798182826a3f525c7,train
9f935fb38440,0,/content/aptos2019_raw/train_images/9f935fb38440.png,PNG,RGB,614,819,267103,valid,,4469db3a87fb2835e8f014dc66d8f873ec116ee527c0297403e5228d4e8ed114,train
9fa02dfb5553,0,/content/aptos2019_raw/train_images/9fa02dfb5553.png,PNG,RGB,1050,1050,1088025,valid,,c6bbdf2ce53a01a84e1b54c48e2a1733527c04e65e1719018f2d59efaaea124c,train
9faad91b6578,2,/content/aptos2019_raw/train_images/9faad91b6578.png,PNG,RGB,1736,2416,2441766,valid,,72ce6339e2d34f7edd337aae5e66db655ee43acfc871e998b2e391a3bc078705,test
9fab29e69a6b,4,/content/aptos2019_raw/train_images/9fab29e69a6b.png,PNG,RGB,1226,1844,1015097,valid,,cf8143dccd2655f73a71be7299c19211269d3ebf5bb228196094b65dcadf6f53,train
9fefe2b44795,3,/content/aptos2019_raw/train_images/9fefe2b44795.png,PNG,RGB,2588,3388,3890479,valid,,ca987202cbb5f90aba474d4b81b3b41caa6476915934181eac10d530c19461b4,train
a00b4cb250a7,1,/content/aptos2019_raw/train_images/a00b4cb250a7.png,PNG,RGB,1736,2416,2204614,valid,,031837aa3e19f4acf4b6ce75dc6d05fa9a04e71e00b8dc3610f2dd7b97dd4f38,test
a01024054596,1,/content/aptos2019_raw/train_images/a01024054596.png,PNG,RGB,1736,2416,2506169,valid,,d3f980df31277e71268877829d8605d3a074ae52b596dba5791d6d2d854bbe5d,train
a015ce4f51ad,2,/content/aptos2019_raw/train_images/a015ce4f51ad.png,PNG,RGB,2136,3216,2271493,valid,,4bd3c3785f25d1fa51dcf11af9b887ec8acd84324ddbde5668d2a63092a4eaf8,validation
a01c590c444f,2,/content/aptos2019_raw/train_images/a01c590c444f.png,PNG,RGB,1736,2416,2106133,valid,,0429f982ac540e48b94a1f78ae067f08715e445b6ef360c5f9f0630e2d911e4b,validation
a0267206d51e,2,/content/aptos2019_raw/train_images/a0267206d51e.png,PNG,RGB,1736,2416,1940675,valid,,5faaa946c4a957f61f698772ae58b15d526c356f1b927ad65a75f65e06444817,train
a02dfd67a925,0,/content/aptos2019_raw/train_images/a02dfd67a925.png,PNG,RGB,614,819,360686,valid,,220c9964c777f733c2cdd4185c77aaa9af757c11b94d8efcfe8d771bde666404,validation
a0445785e2f7,0,/content/aptos2019_raw/train_images/a0445785e2f7.png,PNG,RGB,1536,2048,1942442,valid,,0182ddeb104bf115ae8e860f2044ea49310c0cca37fc14ab167660aa0a60d2fb,train
a04fb36db784,2,/content/aptos2019_raw/train_images/a04fb36db784.png,PNG,RGB,1736,2416,2341143,valid,,f73abab459474e53d8ee421b4bc649606595a93399a44bcf43808f2cb2ebdb36,test
a06a63d866b2,0,/content/aptos2019_raw/train_images/a06a63d866b2.png,PNG,RGB,1050,1050,767060,valid,,790576682bfbc903dde49250cce8f33cb3736b72952507dc0db4eefd16baa084,validation
a06b353e7bed,0,/content/aptos2019_raw/train_images/a06b353e7bed.png,PNG,RGB,1536,2048,1880750,valid,,d05c726d7f029985b15fe69f2f53690e8593e0454da30a95d51a72e505bc581f,train
a06e41bd2634,2,/content/aptos2019_raw/train_images/a06e41bd2634.png,PNG,RGB,1736,2416,2415730,valid,,697e4b6d2c933404a54e316ff3502a49988dca9ee8041be4ec897d0ac6e82726,train
a06e5ac695ce,0,/content/aptos2019_raw/train_images/a06e5ac695ce.png,PNG,RGB,1536,2048,1907896,valid,,24d50c05949085193d15ec966263f1ee266f0c548c1bc9bb481d8d37f793545d,train
a07d571bf7ba,0,/content/aptos2019_raw/train_images/a07d571bf7ba.png,PNG,RGB,614,819,388176,valid,,dd35b650e81c55e511555686004d2a4bc3cfa819fcd33d6097f85bdb836beb4e,train
a07d9a5045cb,0,/content/aptos2019_raw/train_images/a07d9a5045cb.png,PNG,RGB,1050,1050,996746,valid,,d6a9a2c40366dc18d44746690c3a25b9daf5afc276364793479c92a8962c1b6a,train
a07efb1ecfc0,0,/content/aptos2019_raw/train_images/a07efb1ecfc0.png,PNG,RGB,1536,2048,1971146,valid,,50e85818b53d8b15c715973db2a987446df98609b77a0694396884d6ac5c1d5f,train
a08a0133754a,0,/content/aptos2019_raw/train_images/a08a0133754a.png,PNG,RGB,1050,1050,951982,valid,,86c5ff16f9798d55e562b841b56769cd6ff9e0154c036c449a9b89fce2ec4ff4,train
a0a0cd8af5a6,2,/content/aptos2019_raw/train_images/a0a0cd8af5a6.png,PNG,RGB,1226,1844,779711,valid,,939c77937d24dcf8aaf97050d98a4efe45629a904508a0ca7088475cdeae7aba,train
a0adbe677508,0,/content/aptos2019_raw/train_images/a0adbe677508.png,PNG,RGB,1050,1050,1006443,valid,,c7ec49b5b2460b143d744242613df688d6e528a3a8ee798fac84fb0a60bc4f0f,train
a0b7ad98df57,0,/content/aptos2019_raw/train_images/a0b7ad98df57.png,PNG,RGB,1050,1050,950189,valid,,5e1423f017f39f3d64d6ad56119d200642a0a9cbdaa5b89163772bf52c638709,test
a0cd7bffdaa0,4,/content/aptos2019_raw/train_images/a0cd7bffdaa0.png,PNG,RGB,1050,1050,825962,valid,,43bff5c52d79946d108bbb8cffa5774043c915db980bc6185b45ce440419cc0f,validation
a0d04a19cf40,2,/content/aptos2019_raw/train_images/a0d04a19cf40.png,PNG,RGB,2136,3216,2730460,valid,,8717b75c16b6f87d85634ee25e651f2d16ab6d62fe846fb6ad6e359cc83dfb51,train
a0e635689259,0,/content/aptos2019_raw/train_images/a0e635689259.png,PNG,RGB,614,819,275807,valid,,22551c8ee7248434a5b772e9abdad81d544e4dc3417d8fceaa60512c50c0e35c,train
a0fd94e2ad76,0,/content/aptos2019_raw/train_images/a0fd94e2ad76.png,PNG,RGB,1050,1050,980811,valid,,012c07602e344afb5c226eaa0be2c170ad5f33d529b36b9d7bdb02f527ae1f3c,validation
a11bf2edd470,4,/content/aptos2019_raw/train_images/a11bf2edd470.png,PNG,RGB,1958,2588,5668728,valid,,c3b0bf59436aaada78e2c2dc8a0e63cbf9d338222aad8a26bcdb54a0bcba7f2e,validation
a11c62cb3f86,0,/content/aptos2019_raw/train_images/a11c62cb3f86.png,PNG,RGB,1958,2588,5497428,valid,,79c92173feedf398bde1b8fdbde12cb49407b867a61cd7b1e37877aa26ccb159,train
a125377fb985,2,/content/aptos2019_raw/train_images/a125377fb985.png,PNG,RGB,2136,3216,2271863,valid,,ad13145ec3ba0bc38750bbc63acd3f5a0acfd0041022dd4ad82fffc53958e8ad,validation
a12ca80bb8c7,0,/content/aptos2019_raw/train_images/a12ca80bb8c7.png,PNG,RGB,1536,2048,1902893,valid,,9d2aaf573b760b7d94f70469947b73550ef348960084b780b5273e901893c93f,train
a14bbd9a583e,3,/content/aptos2019_raw/train_images/a14bbd9a583e.png,PNG,RGB,1736,2416,2016931,valid,,f002c0bea221304cbcf9f89a95bffa98f91e7b11fd5a4b4776632f44054a77f4,train
a14fcf84bfe1,3,/content/aptos2019_raw/train_images/a14fcf84bfe1.png,PNG,RGB,2136,3216,3387452,valid,,d51e4b7fab63524d4a9b702e8782364ee16847ad56b0c24aa4d1387bc5d853ca,train
a150ff5dfe07,2,/content/aptos2019_raw/train_images/a150ff5dfe07.png,PNG,RGB,2588,3388,7574524,valid,,d272621f39cb01afba7d50479832e589d19340c20d4b6cb00712131f1c1595bb,train
a15470303941,2,/content/aptos2019_raw/train_images/a15470303941.png,PNG,RGB,1736,2416,2254170,valid,,8fc9261e387cfd49bfce97681af4b1fd521596811ee58fca29d4197edd0a0d08,validation
a15590a7d774,2,/content/aptos2019_raw/train_images/a15590a7d774.png,PNG,RGB,2588,3388,7377108,valid,,ca4e4a564e851629edcf130f499a8db24610700af6ddeeb72cbd748ec7f281ea,validation
a15652b22ab8,2,/content/aptos2019_raw/train_images/a15652b22ab8.png,PNG,RGB,1736,2416,1888625,valid,,4342a073c43143ba29f60bb176efbbf647610ee5eb17135f39e394f81190192e,train
a1822dd8d05d,0,/content/aptos2019_raw/train_images/a1822dd8d05d.png,PNG,RGB,1050,1050,914198,valid,,4b8ad1f90853e6ebcda7807c1dae5e5c3977c370efc1fb7e92dddfbd0ce6b54e,train
a182b5b191de,4,/content/aptos2019_raw/train_images/a182b5b191de.png,PNG,RGB,2136,3216,2358342,valid,,aaa8c67bc14890dc144779a47cc5e8c0f65c5db916457c6e35f40bf7b5044fd6,train
a1872f9c0cba,0,/content/aptos2019_raw/train_images/a1872f9c0cba.png,PNG,RGB,1536,2048,1920850,valid,,41835d57cb49181b0998732a7a05c1912f399a67f0d584a5fb7ecd1afe6fd589,train
a188c60b93fb,0,/content/aptos2019_raw/train_images/a188c60b93fb.png,PNG,RGB,1958,2588,5937607,valid,,2fec24fff0de1e48d7ac76db6b490f2d86134ee96168cb1e5a919195b570a4d4,test
a19507501b40,2,/content/aptos2019_raw/train_images/a19507501b40.png,PNG,RGB,2136,3216,5798238,valid,,84882108f91f919662ba4c91140e1f9d1ac3fac191f7cb6300804df2d4bad470,train
a19ecd0a706e,1,/content/aptos2019_raw/train_images/a19ecd0a706e.png,PNG,RGB,1736,2416,1878961,valid,,470b25418925b431049d1179d247a7aec09a84988701e51c20e813b49be69bcd,train
a1b28bcbce00,0,/content/aptos2019_raw/train_images/a1b28bcbce00.png,PNG,RGB,614,819,329309,valid,,698f98e3f30014e6b3ef0092acac3ae83ec4a0c88fea25430269d71459ba96d9,train
a1e236fbc863,0,/content/aptos2019_raw/train_images/a1e236fbc863.png,PNG,RGB,614,819,339102,valid,,0c9fedd10caada04aa30ff42da3d556f25c95e56fb55d3f16a71d705f069b8e5,train
a1eb88562239,0,/content/aptos2019_raw/train_images/a1eb88562239.png,PNG,RGB,1050,1050,828103,valid,,49ef3163297214a0665fe55f0d109262c823e37487a63cb9776ed88ec24f2cc1,train
a1edf0e66592,0,/content/aptos2019_raw/train_images/a1edf0e66592.png,PNG,RGB,1050,1050,1033372,valid,,565b88a7c954908ac3abb8428559e2d8215ce15021947feba27c2683990e2bbc,train
a1faeb4d5f10,0,/content/aptos2019_raw/train_images/a1faeb4d5f10.png,PNG,RGB,1050,1050,1060103,valid,,29f1427d56ebbeed6bcd59c133e01ff2d73d86ba9997523b62f4cd102a4364a2,validation
a2163f0c2af5,0,/content/aptos2019_raw/train_images/a2163f0c2af5.png,PNG,RGB,1050,1050,944915,valid,,38d3daaeb46f366c15939f85fe9faf7e253b20c10d99821986b34eb3a3b89465,train
a21b37719f9b,2,/content/aptos2019_raw/train_images/a21b37719f9b.png,PNG,RGB,1736,2416,2092461,valid,,578b037d48b4defee374f1f2677cfef3b2dd4f5f6c87a552df034683ac376fe3,test
a247961a5cd9,0,/content/aptos2019_raw/train_images/a247961a5cd9.png,PNG,RGB,1050,1050,1105008,valid,,3685fc2fbd27ab7b35691b86dabaecb90c247dfd04f0e0a08a5e4d204f3dba69,train
a2696f444ecb,1,/content/aptos2019_raw/train_images/a2696f444ecb.png,PNG,RGB,1736,2416,2171252,valid,,78c69007690b2dfbd89a9ac92596d72dfbb4ee955146e5b2d3f9ebfffed34fc3,train
a26f50218b84,0,/content/aptos2019_raw/train_images/a26f50218b84.png,PNG,RGB,614,819,335147,valid,,84dfaa9ab62c061e576c423ef60a9306f89d75ca4c0db664e3a0ba57a86031a0,train
a2811f512c1c,0,/content/aptos2019_raw/train_images/a2811f512c1c.png,PNG,RGB,1050,1050,971433,valid,,5fcabe0f579d8d34c2efa968ab463d247dffba78f4cdcb54adbef415d05babd1,train
a28bfb772f50,1,/content/aptos2019_raw/train_images/a28bfb772f50.png,PNG,RGB,1226,1844,790032,valid,,6b6797509ffa8dce6533cbf9e58279669540d1a4f4de5f6169b4ee4b6e25db38,train
a2ad3da4c7d6,2,/content/aptos2019_raw/train_images/a2ad3da4c7d6.png,PNG,RGB,1736,2416,2007486,valid,,0740fda133aebb921b63bb42bbfe6b0d43ead2325ddaeaee5053721bebd17adb,train
a2b97d98f130,0,/content/aptos2019_raw/train_images/a2b97d98f130.png,PNG,RGB,1958,2588,5275064,valid,,f2e8d6255a9a3749a655c500e55906446e5c293dbe25b33b1864757b90611b19,test
a2b995b81692,0,/content/aptos2019_raw/train_images/a2b995b81692.png,PNG,RGB,1050,1050,847824,valid,,cc03d4de8bce25d88af009c2757403458c837f7073e1f950b2da70cb8c349ef2,train
a2d349f567a6,2,/content/aptos2019_raw/train_images/a2d349f567a6.png,PNG,RGB,1050,1050,935976,valid,,a4d1ef86a043d44e8de37e0b06086c6f894d17ab08d1e31c3f547fac80aab940,validation
a2ddabee14e9,4,/content/aptos2019_raw/train_images/a2ddabee14e9.png,PNG,RGB,1736,2416,2123235,valid,,0b55a045cda2ebe55beff8577884f564406b88c0bd7e8652c5ead2a1b678e7dd,train
a2dff8dbc9f8,0,/content/aptos2019_raw/train_images/a2dff8dbc9f8.png,PNG,RGB,1536,2048,1907909,valid,,d8d2aaba337ab4b1fd4d3bd748f7a0d2bea5625df21fa20238b8bf8b63b06930,train
a30a143a53a3,0,/content/aptos2019_raw/train_images/a30a143a53a3.png,PNG,RGB,1050,1050,1067654,valid,,2aa0a7a351753384ee8eadba41390eeb64524fd8267f1a02bda8419387f0f990,train
a3132c8828e4,0,/content/aptos2019_raw/train_images/a3132c8828e4.png,PNG,RGB,1536,2048,1919209,valid,,67ecb5228d4217d71256ae0aac1750004e258a35da1fa3700fa4e48a15b3927a,test
a32886cb31ab,1,/content/aptos2019_raw/train_images/a32886cb31ab.png,PNG,RGB,1736,2416,2224110,valid,,ba9c63a8285437329728413b02677c8540fc289e2b7985f8983ff4cdca9e275c,train
a32b5ce3d48a,4,/content/aptos2019_raw/train_images/a32b5ce3d48a.png,PNG,RGB,1736,2416,2004515,valid,,348844834f9eacd3fcb9b89c73be4e6515d71d21eda1914617049f6cdabeba34,validation
a3475dc3ac80,2,/content/aptos2019_raw/train_images/a3475dc3ac80.png,PNG,RGB,1736,2416,2306522,valid,,fdd0b3fddbc0c190bd595ae8fc3abb747c41c681626eb35f14b70bd4e1f9d999,train
a34fc5376669,0,/content/aptos2019_raw/train_images/a34fc5376669.png,PNG,RGB,1050,1050,936599,valid,,e3dd2400104dc7e3044836cd2fc4e25c10484496e0e9e84a63664a06ea9428d9,train
a3706ce27869,2,/content/aptos2019_raw/train_images/a3706ce27869.png,PNG,RGB,1050,1050,1042119,valid,,f9a91ea34c01c80ca0a91e1867a3b9308f66435727264ccc6c607e3947fb3ec3,train
a3802934bad7,2,/content/aptos2019_raw/train_images/a3802934bad7.png,PNG,RGB,480,640,350361,valid,,ace198ca5a0a0c55f074ca9aa4722b2dce0803eccb3ac560e8a37528ac47deb4,train
a384e688e228,0,/content/aptos2019_raw/train_images/a384e688e228.png,PNG,RGB,1050,1050,956374,valid,,c91a581a17e1a94d8b80f28fd78c2cefdc5450a3acfd54fc19f797df18929387,validation
a386ec9aabde,2,/content/aptos2019_raw/train_images/a386ec9aabde.png,PNG,RGB,1736,2416,2010194,valid,,1ee41dfcf54a62855c917e06694f4458fa244623f679745564360ffdc7472409,test
a3957df90a78,2,/content/aptos2019_raw/train_images/a3957df90a78.png,PNG,RGB,2136,3216,2729938,valid,,c6c090b2654f341575ecf1c82e6b2b49a84e2c8452c9922dcec2b3b63b947364,validation
a3ad6c2db6f1,1,/content/aptos2019_raw/train_images/a3ad6c2db6f1.png,PNG,RGB,1736,2416,2113640,valid,,405c2cbf4e1fc7d58ec252920b4bad5ef3e7603757722efd8eb047c945f416e3,train
a3b2e93d058b,2,/content/aptos2019_raw/train_images/a3b2e93d058b.png,PNG,RGB,1424,2144,2781409,valid,,d76366a191625609cb03114a31f02c844110cf8689d0dcc07cb90b3ff8b2b04e,train
a3bd2e034614,0,/content/aptos2019_raw/train_images/a3bd2e034614.png,PNG,RGB,1958,2588,1646367,valid,,89fbd9f5d01912fde680b2aedf70f9ada07726604ec8b3b1e9656a4484cf3356,train
a3d2a0c4cd17,1,/content/aptos2019_raw/train_images/a3d2a0c4cd17.png,PNG,RGB,1736,2416,2405276,valid,,fa173c235fe986ee7f211054a096e4848bb05055433189f8e74c49f415447c16,train
a3fcf42ff56d,4,/content/aptos2019_raw/train_images/a3fcf42ff56d.png,PNG,RGB,2588,3388,7019581,valid,,5a226938a86f4292a8e0bfb64bfe3ff039781e2486a589a8da1bbe6ce48b60d2,train
a4012932e18d,0,/content/aptos2019_raw/train_images/a4012932e18d.png,PNG,RGB,1736,2416,2538220,valid,,54f567222bb7779235a09245a17626d03356deedc9e2878e2290f04eeec48276,train
a419fcb2dfb5,0,/content/aptos2019_raw/train_images/a419fcb2dfb5.png,PNG,RGB,614,819,290555,valid,,82a9e33ce4995f5bb2db05c9083a8abd730e072381ad14d7c771a47a14f01bf3,train
a4359815f152,2,/content/aptos2019_raw/train_images/a4359815f152.png,PNG,RGB,1958,2588,5299957,valid,,9bf5943f3b8389e46a9d2fc3edb861b96c5829d2f68f6bb9e3b5eb91064d3da4,train
a44345b27804,0,/content/aptos2019_raw/train_images/a44345b27804.png,PNG,RGB,1050,1050,919283,valid,,4f7daa6ca2a8ab7cce7785d330492dfe3c553c2f0e12fab8cf2dd1d4e7af4d5c,train
a443c4fd489c,1,/content/aptos2019_raw/train_images/a443c4fd489c.png,PNG,RGB,1050,1050,948707,valid,,06fc282e80a8ed897c8a4fea4b08fe14b226c471ad20f5e0bb7f7cf1f0445b27,validation
a45c30da0c72,0,/content/aptos2019_raw/train_images/a45c30da0c72.png,PNG,RGB,614,819,349676,valid,,27d2d61b5558107d027b310a1dab09dcfcdd7936b25c5a4c679eb3a93c3d78f0,train
a45d77edf8d9,2,/content/aptos2019_raw/train_images/a45d77edf8d9.png,PNG,RGB,2588,3388,7358123,valid,,3dd8006334b1808a7c3f721a3a4846a60f16fb46246d96f0ed2b6fb5a3229e30,train
a47432cd41e7,1,/content/aptos2019_raw/train_images/a47432cd41e7.png,PNG,RGB,1736,2416,1714449,valid,,e6c624e1252a492e41da775d584c950ebbafcd266726dad44bb130d9e538442d,train
a476fd984005,2,/content/aptos2019_raw/train_images/a476fd984005.png,PNG,RGB,2588,3388,3708569,valid,,cd00c5e1fb5fb83136de026d90d937828a532a025bc00c5149c8f61cb284b871,train
a47878630dc2,2,/content/aptos2019_raw/train_images/a47878630dc2.png,PNG,RGB,1958,2588,5023761,valid,,ea7601dff60dfed3f7ff2c8ddbd55cef703eca5657adb525a0a2e5e5ca0b3350,test
a484bdf85b4c,0,/content/aptos2019_raw/train_images/a484bdf85b4c.png,PNG,RGB,1050,1050,979244,valid,,bbb70058f660cb5c7233311d4e3db0bd7f69cad80a4f397ec74c45e9493377de,train
a49b0b4484ea,2,/content/aptos2019_raw/train_images/a49b0b4484ea.png,PNG,RGB,1958,2588,5199182,valid,,5a73e8287ecc187f88607b7e7c9d6d6926872f3ffd90589fb25b15ef8875d30c,train
a4b8de38eac1,3,/content/aptos2019_raw/train_images/a4b8de38eac1.png,PNG,RGB,1944,2896,2103843,valid,,fbfb79620238371ed88cbab056aa3be77db6fc145f4146a0e638845ab1ad75e5,train
a4d41c495666,2,/content/aptos2019_raw/train_images/a4d41c495666.png,PNG,RGB,1958,2588,5330360,valid,,533da30d6b705724dad2c746ff39b9b762793c5294a6a026717432dfbd8c21c4,test
a4d4b69f7404,3,/content/aptos2019_raw/train_images/a4d4b69f7404.png,PNG,RGB,1736,2416,2324617,valid,,a36f54b5acde1a6b1d3c418e7124e103874859af73118e92aaed9c9285d2f503,train
a4ee03ecff60,0,/content/aptos2019_raw/train_images/a4ee03ecff60.png,PNG,RGB,1050,1050,981836,valid,,4cbc065319a2ffae6d0134305a158cc5be4769817cc332424838dc8adb99eba5,train
a505981d1cab,2,/content/aptos2019_raw/train_images/a505981d1cab.png,PNG,RGB,1424,2144,2596370,valid,,3f61901f3401fd1e053072c29f20edfa981ef8997faf5e1f263116810bd48367,validation
a528be013a04,0,/content/aptos2019_raw/train_images/a528be013a04.png,PNG,RGB,1050,1050,1030235,valid,,dee30fbfe54b3c377d8d594dabb7b3fe247ec8bf7c677e6dff060f50ae4cf044,train
a53d6d2472a6,0,/content/aptos2019_raw/train_images/a53d6d2472a6.png,PNG,RGB,1050,1050,1090056,valid,,c12a8051e43d704a5828c46b6e55e597c9a154f9e11e257737901edee994bdab,train
a56230242a95,2,/content/aptos2019_raw/train_images/a56230242a95.png,PNG,RGB,1000,1504,1272159,valid,,37e782c29d7696b30397dd4d9c7bd34d6696f56d7c1e382a1104d576b058564d,train
a56729de89e9,2,/content/aptos2019_raw/train_images/a56729de89e9.png,PNG,RGB,1050,1050,921306,valid,,d9dd3695ab9e1f3b79158bcbafda478cb710c0807f85cea05229df076f8b128b,train
a5a2a7003d60,1,/content/aptos2019_raw/train_images/a5a2a7003d60.png,PNG,RGB,1736,2416,2431219,valid,,9a83a0f785da67c527b2c5177aaaecfa6c332030ea8de40f108ba71674452047,train
a5bb85afc6e8,0,/content/aptos2019_raw/train_images/a5bb85afc6e8.png,PNG,RGB,1050,1050,1044879,valid,,5400b2d5c2781e6a3e9e5e94d9c792d262ce596d3260e3a97932b77c713e0fb5,train
a5c9a8c726b2,4,/content/aptos2019_raw/train_images/a5c9a8c726b2.png,PNG,RGB,1050,1050,1028584,valid,,0becdd026aa5456f517f8068cff823a7962cbed07b5592c386434b5a2a5f9d83,validation
a61723fc38c2,0,/content/aptos2019_raw/train_images/a61723fc38c2.png,PNG,RGB,1050,1050,1039923,valid,,85bb01ebb9b203ca81b6189ce58cac3e024c8911dcc8dd9808a2dfd5e6de7779,train
a627eb8c08c5,0,/content/aptos2019_raw/train_images/a627eb8c08c5.png,PNG,RGB,614,819,314392,valid,,3c51d539d94c92682d3d1285b15d6de86dec8daa45dcd6a78fa36f668738e3c4,train
a62e995f167c,0,/content/aptos2019_raw/train_images/a62e995f167c.png,PNG,RGB,1536,2048,1674244,valid,,18e898ba0f7c44c6d803bf3ee71e6383d52213a004f84321ce162a875cadb9ca,train
a62ea0043aa7,2,/content/aptos2019_raw/train_images/a62ea0043aa7.png,PNG,RGB,1736,2416,2265244,valid,,ec4a4cd0ee5ebd566fb3774878abb7f050d2d80705dd7d9caf3525cfeef36d11,train
a6356a3c5d11,0,/content/aptos2019_raw/train_images/a6356a3c5d11.png,PNG,RGB,1958,2588,5501114,valid,,6ebc2dc86d288084b1a42a55df86de89b3260069e5aabddaf9e3ae571f9982ef,train
a64273801bde,2,/content/aptos2019_raw/train_images/a64273801bde.png,PNG,RGB,1958,2588,5599950,valid,,879ece311b8574290fdd0de73c6d7e940628ae2fd95697abd06241161b4bb5d6,test
a646c084928c,0,/content/aptos2019_raw/train_images/a646c084928c.png,PNG,RGB,1050,1050,889961,valid,,b28d207b5651f9d084ec668a1393f17ddd28c0699da910928c9295e287a46e23,train
a654b25124c3,0,/content/aptos2019_raw/train_images/a654b25124c3.png,PNG,RGB,1050,1050,1004264,valid,,995f7c29d7d32cbf57c7bb0ad07a588597fc93fe293ffbae99eb9d411b9d2c01,validation
a664d2055886,2,/content/aptos2019_raw/train_images/a664d2055886.png,PNG,RGB,1736,2416,2423825,valid,,06abb3ecc94a5e8294904f2163368d97e880eb4f2a006296d48c3bda79ab321a,train
a66c3165876f,2,/content/aptos2019_raw/train_images/a66c3165876f.png,PNG,RGB,1736,2416,2019004,valid,,5f7936fef189cdb2ab04317e0f4e272052cf8cf738e0602bcc0dd448b3d83c50,train
a673193cd5a9,0,/content/aptos2019_raw/train_images/a673193cd5a9.png,PNG,RGB,1050,1050,1012711,valid,,7841d5c2be258e42da4ee3ff5c6e99978c7a19559bdb9156dcd682882a138e3c,validation
a6731dd737af,0,/content/aptos2019_raw/train_images/a6731dd737af.png,PNG,RGB,1050,1050,1086901,valid,,e5c8c902861df949956402c618769ca234875513cf088374c8d032c9bf26b82a,test
a688f20f8895,2,/content/aptos2019_raw/train_images/a688f20f8895.png,PNG,RGB,2136,3216,2098123,valid,,6a345de0b2d59f5c14d320101f824bad3148a3d8f90f21911ab3f7884468f9a7,validation
a6b6d27c1b32,0,/content/aptos2019_raw/train_images/a6b6d27c1b32.png,PNG,RGB,1536,2048,1919284,valid,,99c2ce917acce1efc9da0d36ee1260ee4bc2abfa9aa4113d7b9d755d462fb8ac,test
a6c9e96a10d7,2,/content/aptos2019_raw/train_images/a6c9e96a10d7.png,PNG,RGB,480,640,323052,valid,,a4aa2b04cbfd29babe725beb27e42d839c03845b5dd4a10429478e1cb00b4553,train
a6d45de20e4d,4,/content/aptos2019_raw/train_images/a6d45de20e4d.png,PNG,RGB,2136,3216,3057914,valid,,d852f31e559b942840433a925c79194dc6194f410a08b69231b77615343e9f21,train
a70d0f12a641,0,/content/aptos2019_raw/train_images/a70d0f12a641.png,PNG,RGB,1050,1050,1097509,valid,,d5356a49543bc2253dc62256e78b30dba5d7c2f6319a9ed4b3c412887f60de79,validation
a721efb1e049,2,/content/aptos2019_raw/train_images/a721efb1e049.png,PNG,RGB,2136,3216,2897626,valid,,4c70645e8dc0c5335c19c2596cb2f751d9cb6bb68c8f9e0358812f75287ec840,validation
a73c3d516c59,0,/content/aptos2019_raw/train_images/a73c3d516c59.png,PNG,RGB,614,819,353463,valid,,1272ab2b5d19b155056651c80682ea22a37faa90a6a9de26fcd644aaca93e380,test
a73d012c4c38,0,/content/aptos2019_raw/train_images/a73d012c4c38.png,PNG,RGB,1050,1050,1032159,valid,,7a33bb491efebb8ca7b08eb82e169cdfa5f49a0c19ef4bb128bcb6582d01d724,train
a76132e79688,0,/content/aptos2019_raw/train_images/a76132e79688.png,PNG,RGB,1050,1050,1012172,valid,,56e8be00c08b69a7c907483fcddef8e1eedfe7af3f1e3e646031db2fae844698,train
a763661f98a5,3,/content/aptos2019_raw/train_images/a763661f98a5.png,PNG,RGB,2136,3216,2902192,valid,,217e4d19e2f88ca357510df215f3aa32df850268b82d1c0b5a7ad829bf18c666,train
a7673ac44509,0,/content/aptos2019_raw/train_images/a7673ac44509.png,PNG,RGB,1958,2588,5216083,valid,,1df617d959ee68752f96284103fe02667733b12b644e28f4e9ecc735fde96ffe,train
a76b69e443ce,4,/content/aptos2019_raw/train_images/a76b69e443ce.png,PNG,RGB,1958,2588,5041632,valid,,8d38c25b84280669485ab4f4b9641745fbd60f27f67333ad8b5c038f12b0075e,validation
a77dbec966d4,1,/content/aptos2019_raw/train_images/a77dbec966d4.png,PNG,RGB,1958,2588,4492810,valid,,1695f3a05a5a64634f7a417d7d991ec12a5b64bc66d7def12aeda5fc77f5d389,train
a77eb914b383,0,/content/aptos2019_raw/train_images/a77eb914b383.png,PNG,RGB,614,819,451125,valid,,ad5b50b06df83eec9fdfb25673d726b6e6f9edabe5e7d5fb65287d6e0eae808d,train
a790a3b36390,2,/content/aptos2019_raw/train_images/a790a3b36390.png,PNG,RGB,1736,2416,2218453,valid,,3cb9fb1b10f29b7c1bb6dab32cf5e9330918c77d07be83e3d8ca33c8b9adb8f1,test
a7b03e58a6e1,0,/content/aptos2019_raw/train_images/a7b03e58a6e1.png,PNG,RGB,1050,1050,1076995,valid,,c976e9d73968ef6306eba8aa3bf2cc73c6e3e7eb931e8d18d132799d90d8c502,train
a7b0d0c51731,2,/content/aptos2019_raw/train_images/a7b0d0c51731.png,PNG,RGB,1000,1504,1306382,valid,,4bfb126710f9f1f95975d5579bd02e7a7ded0cadec238c080d0e6ccf35a3ff08,train
a7b7dc8788b9,2,/content/aptos2019_raw/train_images/a7b7dc8788b9.png,PNG,RGB,2136,3216,2901583,valid,,3997d3754e616a6195b340a75baf1848e4ea0746a79361a79bff3faf3063b8e1,train
a7c10ca6c117,0,/content/aptos2019_raw/train_images/a7c10ca6c117.png,PNG,RGB,1050,1050,1011989,valid,,3fd304ff21b7f153baae9c14e1b975c966e64d546dcdce573338d8d1e2de50a4,train
a7ec056502e7,1,/content/aptos2019_raw/train_images/a7ec056502e7.png,PNG,RGB,2848,4288,5249740,valid,,49f031c60d1d52d373258441fbcae89a324d45fa425fea4e07fd7f8ac35ec06e,test
a804cef3e51f,2,/content/aptos2019_raw/train_images/a804cef3e51f.png,PNG,RGB,2136,3216,2656395,valid,,5e5c774408afb9389a2e7825f8a1f572b198cb5145e3169fafd1f72d116050eb,train
a80dab8eddf4,3,/content/aptos2019_raw/train_images/a80dab8eddf4.png,PNG,RGB,1736,2416,2401258,valid,,04ec41d50f9977486cef7572add503a8fc0f1415a16032e4306bdbb2c3e4d16c,train
a81b06f50612,4,/content/aptos2019_raw/train_images/a81b06f50612.png,PNG,RGB,2848,4288,4687860,valid,,9535b8c7e877971e5bedc233a9d7d079946020b415707b7dfabed8868b692f12,train
a821b6ecef33,0,/content/aptos2019_raw/train_images/a821b6ecef33.png,PNG,RGB,614,819,319828,valid,,7e1774268213c02b14cf45c5386545643d2323f6510ee5eb6d00aef67de77350,train
a8263d248523,0,/content/aptos2019_raw/train_images/a8263d248523.png,PNG,RGB,1958,2588,5261097,valid,,8a3f17316a3bd210c57039ce5ef73bd42314b8ba1522d0b96ebd338068d4c15d,test
a82a12ad3fb1,0,/content/aptos2019_raw/train_images/a82a12ad3fb1.png,PNG,RGB,614,819,312651,valid,,e7a10149229d9c13c23f87e35e60acdd419f82b2affddd34308a20e2dc82688f,test
a8582e346df0,1,/content/aptos2019_raw/train_images/a8582e346df0.png,PNG,RGB,1736,2416,1758561,valid,,6fb6e9d33a477471fe4ddc5ce9e92e991ddfb7a58297eecefb017ec1f51e4610,train
a85cda5f725d,0,/content/aptos2019_raw/train_images/a85cda5f725d.png,PNG,RGB,1050,1050,779096,valid,,c935d59c49abbc949af5cfbe16cb5c8671b53e42ea4d0e436746b62b6193dd3e,train
a86128b601a7,0,/content/aptos2019_raw/train_images/a86128b601a7.png,PNG,RGB,1050,1050,1010010,valid,,b4c2f38956ad413febc3ad3dff960b3a82b166701d4085ce55028e3cd0eba321,test
a8652b2de23f,2,/content/aptos2019_raw/train_images/a8652b2de23f.png,PNG,RGB,1736,2416,1870329,valid,,86a74f538d16004ad939c3f2d66b255ae9c6c839672edce65e6f98821231368a,train
a86c6283fd78,2,/content/aptos2019_raw/train_images/a86c6283fd78.png,PNG,RGB,1736,2416,1769424,valid,,4b6075b20e847508701468f91d5c5af508402aef0b573f1c18019dd631c653a2,train
a879c3569552,2,/content/aptos2019_raw/train_images/a879c3569552.png,PNG,RGB,2136,3216,3365016,valid,,1a91a363e43e9300fad6ae646e71de196e03d908dff37d58a01f68a7b70131e8,train
a87f53bc984a,2,/content/aptos2019_raw/train_images/a87f53bc984a.png,PNG,RGB,2136,3216,2759911,valid,,f9a8509396120a5205e423ee3a677d89902392b1915d3a76675701697412131b,test
a88365134c3c,0,/content/aptos2019_raw/train_images/a88365134c3c.png,PNG,RGB,1050,1050,1045877,valid,,abdcf9d3809f822ccc009df8450db2c1572593f558f963b4d98ae756b1e5752e,test
a8854768549f,0,/content/aptos2019_raw/train_images/a8854768549f.png,PNG,RGB,1536,2048,1931320,valid,,1307988b987ce0be700fc6a11236c4270f530ca537905a333fa0c63068df4bb6,train
a88f68b0b114,2,/content/aptos2019_raw/train_images/a88f68b0b114.png,PNG,RGB,2588,3388,7071364,valid,,90d81cec8dee7e48613cf4ff7d0079835dbc6d881421f5e1050d2e0c78266fe7,validation
a8a6588c8eb7,0,/content/aptos2019_raw/train_images/a8a6588c8eb7.png,PNG,RGB,1536,2048,1927612,valid,,6ff4fbcedd575a1129e14673cf3bff59f82396eb25cd53d1b542cbd483b4df03,validation
a8aed92940fb,0,/content/aptos2019_raw/train_images/a8aed92940fb.png,PNG,RGB,614,819,272607,valid,,bda1891ccd0bf065bd468421955616a9235165a9010ac27b7dd4a4e4e8eff697,train
a8b3c0961d42,0,/content/aptos2019_raw/train_images/a8b3c0961d42.png,PNG,RGB,614,819,355398,valid,,1291ee99b69abcb9b03cf86ddd426419043946c6633a10b4cd38bf395ec2dd7a,train
a8b637abd96b,0,/content/aptos2019_raw/train_images/a8b637abd96b.png,PNG,RGB,1736,2416,2233799,valid,,651c66b7bba8723f612f8d6294c384d966069f5d8b8dad77cdf8b6465d01b27f,train
a8c54e2a4b79,1,/content/aptos2019_raw/train_images/a8c54e2a4b79.png,PNG,RGB,2136,3216,2687181,valid,,e68fae4d72cd7feba06b03e7d13729654e8e3b2f84d587ecf7fe2e49fcf69670,train
a8c950a99107,1,/content/aptos2019_raw/train_images/a8c950a99107.png,PNG,RGB,1736,2416,2414681,valid,,09657fdfbe27cf91e786035c112f505e55a5c8420afa5e5f808542ad3fa083f5,validation
a8c9fcdbc0be,0,/content/aptos2019_raw/train_images/a8c9fcdbc0be.png,PNG,RGB,1958,2588,5305859,valid,,20d696f687dc14b0ff387b6adf489ee72450a8bc557be611a999807811fa8a3b,train
a8dea22ef903,0,/content/aptos2019_raw/train_images/a8dea22ef903.png,PNG,RGB,1050,1050,1067009,valid,,dec8731b457b3dca43d5713369a8d9abb709790053c67c5e9419372e9fcd815e,train
a8e08e7fe016,2,/content/aptos2019_raw/train_images/a8e08e7fe016.png,PNG,RGB,1736,2416,2462728,valid,,dca139af2189c818d0ad26e69608ef843242bf819f8a230730eaa2eb698e30e7,train
a8eb35b3bcd2,2,/content/aptos2019_raw/train_images/a8eb35b3bcd2.png,PNG,RGB,1736,2416,2324365,valid,,fbffbb590b590b44e2e5d9d5462dee3e99fd4f03dafb999db4ff1e9bcfa45be4,train
a93f1ea3ff4a,2,/content/aptos2019_raw/train_images/a93f1ea3ff4a.png,PNG,RGB,2136,3216,2971801,valid,,89a315dd5d2ed4f7a644c778e22e752c54255b868a39b2ed4db699f857187c6f,train
a94da3d3b5c0,0,/content/aptos2019_raw/train_images/a94da3d3b5c0.png,PNG,RGB,1536,2048,1967950,valid,,81ee15a3b558fe1a6cff20b421ce8fb286fa7849b6825b242f3af98ee0d8c51b,test
a95858e052d6,1,/content/aptos2019_raw/train_images/a95858e052d6.png,PNG,RGB,2136,3216,2292947,valid,,6ac164c885cb6601049194303cbf6bb2121f321d14c9bebb839ac82846e79e57,train
a95d9d61ddd4,0,/content/aptos2019_raw/train_images/a95d9d61ddd4.png,PNG,RGB,1050,1050,1059291,valid,,d502bbe328c61e03402ffd9deca19699e8a84e2a5e1acd35ccc86fc40ae11389,test
a963ac561580,0,/content/aptos2019_raw/train_images/a963ac561580.png,PNG,RGB,1050,1050,1007824,valid,,9d478eab4c157e0a4eb7c1210738e01925014830a7cb3fec65719d7bf7d59352,test
a96ff96bbae5,0,/content/aptos2019_raw/train_images/a96ff96bbae5.png,PNG,RGB,1050,1050,953888,valid,,0722d2ee7e4165b597e643ab92780324de71a46e9ac3b4c8ce9c976dd2f8e6a8,train
a987aa7aac37,0,/content/aptos2019_raw/train_images/a987aa7aac37.png,PNG,RGB,1050,1050,981844,valid,,d8f88d64ef08d74a21e4b35741a3fc8988a2537e187c0b824aad758d3edc6f97,validation
a9a28c37c8c4,2,/content/aptos2019_raw/train_images/a9a28c37c8c4.png,PNG,RGB,2136,3216,2921992,valid,,ae10f7fb372437fc73cfb878d4bc33c502cd88fe64c94e66ba10f0816d2a39ae,train
a9a3225cf4b5,0,/content/aptos2019_raw/train_images/a9a3225cf4b5.png,PNG,RGB,1050,1050,988593,valid,,4d52fef4682b9af0fc95f99754faece6ae5e24f79f43fa3f3965e1317c92c1ea,train
a9b3177f01c0,0,/content/aptos2019_raw/train_images/a9b3177f01c0.png,PNG,RGB,614,819,286529,valid,,587b59e005738b7f8e4bb2e4de5a9f4e171a1083cf84a108b195a5a7057e0898,train
a9bc2f892cb3,0,/content/aptos2019_raw/train_images/a9bc2f892cb3.png,PNG,RGB,614,819,378410,valid,,feca04c8ff19b62b6d430627bd07ba559644a0c40802d4ada42429ebc474a212,train
a9c7b83caf81,2,/content/aptos2019_raw/train_images/a9c7b83caf81.png,PNG,RGB,1958,2588,3736758,valid,,b7b44fcd6fb79462aecfa0c40d4af5bd83318097d9035e9e83c616de0bc681bc,test
a9d0c900b6a9,2,/content/aptos2019_raw/train_images/a9d0c900b6a9.png,PNG,RGB,1958,2588,5217242,valid,,42185850c53d31bac6b2ba296063439ce780048bc18d452739dae60ea692000d,test
a9dc80cba9a4,0,/content/aptos2019_raw/train_images/a9dc80cba9a4.png,PNG,RGB,1958,2588,5136666,valid,,148255ec2b11184115ed4bd75be2e245fb3126d95ff97fbd0da8937e3fc5282f,train
a9e3d186cd1b,0,/content/aptos2019_raw/train_images/a9e3d186cd1b.png,PNG,RGB,614,819,321461,valid,,f0663ab35e17e42e1b5011fcd8db2c07669a04868f08c3ae8b13bb188c9a7de4,train
aa0afc41ed19,2,/content/aptos2019_raw/train_images/aa0afc41ed19.png,PNG,RGB,1736,2416,2122350,valid,,2cea323d6374acb2a2f472f51933a5e691ccefe10c4847eb9e9fc00c0b14ef66,train
aa10a4b2e709,0,/content/aptos2019_raw/train_images/aa10a4b2e709.png,PNG,RGB,1050,1050,1065845,valid,,7c10c39a25a1e5c830e0468ef9af60dbbfb028a34d27ed436e341ca35c7c7044,train
aa31bc6b8f4d,2,/content/aptos2019_raw/train_images/aa31bc6b8f4d.png,PNG,RGB,2136,3216,2562581,valid,,fdc14465187b91e9232198f2ba658b55e5c511e4b0b269cd824906de8f6d2e11,train
aa4407aab872,0,/content/aptos2019_raw/train_images/aa4407aab872.png,PNG,RGB,1050,1050,1051986,valid,,67718c933cb0786a9941dcb0c616bff380f70a7753648d83433a770fcf331031,train
aa5ce75edcf5,2,/content/aptos2019_raw/train_images/aa5ce75edcf5.png,PNG,RGB,1736,2416,2432497,valid,,f4d3e894a0e6e19a116fcddfcbba7c4054f272b5fe14ca410538888d95a534be,train
aa60813e1a8d,0,/content/aptos2019_raw/train_images/aa60813e1a8d.png,PNG,RGB,1958,2588,5451550,valid,,67bc1d5d4ffd64b8015bb5bf973bd91072dd94634ba11b2bb35344d0a5448443,train
aa6242f9e08c,0,/content/aptos2019_raw/train_images/aa6242f9e08c.png,PNG,RGB,1536,2048,1859988,valid,,58cfa9a124d5f91cf1b39408861058dc00008f81c000a5c290e205880a931374,train
aa6673241154,4,/content/aptos2019_raw/train_images/aa6673241154.png,PNG,RGB,1736,2416,2155280,valid,,9940887a14ba12ef9a94360c3e34c6434de008ecbff606220a2a282f8a7bac01,train
aa841de1ee82,2,/content/aptos2019_raw/train_images/aa841de1ee82.png,PNG,RGB,1958,2588,5585250,valid,,b52ec307618a0f51d472c396bdc1230a9a292fa269a5ae90900faa271eff179a,test
aa8a1e814811,0,/content/aptos2019_raw/train_images/aa8a1e814811.png,PNG,RGB,1050,1050,960550,valid,,9de102856a8100dad7b23271e13e44a559fbd50d386225db683f16231c8fb50a,validation
aa94cc4bfd84,0,/content/aptos2019_raw/train_images/aa94cc4bfd84.png,PNG,RGB,1050,1050,966128,valid,,23a57b361c611088c97430d3250b848c45257a452ccde8ded9ae09405f3e3c4d,test
aa9b8f05f4bf,2,/content/aptos2019_raw/train_images/aa9b8f05f4bf.png,PNG,RGB,1736,2416,2008510,valid,,81f162c0c141b6cf40e9204a74e6005143d8609b2f07e112006c76855f035e63,train
aa9cfe639ef1,2,/content/aptos2019_raw/train_images/aa9cfe639ef1.png,PNG,RGB,2588,3388,4523231,valid,,ba3498d2ff2f6d8e3b860eb15aa8d358525805c3afb44de3dff7b4eecf4a319a,train
aaaadb174012,0,/content/aptos2019_raw/train_images/aaaadb174012.png,PNG,RGB,1050,1050,965962,valid,,428ebe6c6975f87da5ff2f38fc0026da77e186b0fa83719c81db02dcd913f0f1,train
aabd867043cf,0,/content/aptos2019_raw/train_images/aabd867043cf.png,PNG,RGB,1050,1050,930469,valid,,025b1832769a5aa6b29f49d892d78069358763ec7dbfb62d9146e9e78ab0956b,validation
aad0c0ee9268,2,/content/aptos2019_raw/train_images/aad0c0ee9268.png,PNG,RGB,1050,1050,1057038,valid,,ca7cc49a4525b3419b8b0f28cb4de7a0475cb80f678aac9aad877e6152151587,train
aae8f9f3ef8c,3,/content/aptos2019_raw/train_images/aae8f9f3ef8c.png,PNG,RGB,2136,3216,2700780,valid,,b8a57f707f9b107ce5055c6e6a3f44bffb9bc4f479ff4ba1425d6f94d3052c80,validation
aafb0c944f14,0,/content/aptos2019_raw/train_images/aafb0c944f14.png,PNG,RGB,1050,1050,1070596,valid,,663f5a14da7b27b51b99a53a01c0c5730fc101127191867ea75a8a23bbf98574,train
aafe980edd0c,0,/content/aptos2019_raw/train_images/aafe980edd0c.png,PNG,RGB,1050,1050,1058652,valid,,488bf871d680556521311203f0b05a50db09dad85af0c1b6adaaf93a7a72e492,validation
ab03d50bba2f,0,/content/aptos2019_raw/train_images/ab03d50bba2f.png,PNG,RGB,1536,2048,1655963,valid,,1a384e78825d1ce839300d04ca6a5afd95b5278cc3c2d65b0e213d723ed9abc9,train
ab1c20a94f3f,4,/content/aptos2019_raw/train_images/ab1c20a94f3f.png,PNG,RGB,1050,1050,949236,valid,,b59a06eef1fd895a6172c5601457961ff920a4ca7ea231b62609b05363c0b939,test
ab32db41c409,0,/content/aptos2019_raw/train_images/ab32db41c409.png,PNG,RGB,1958,2588,5724175,valid,,3331921cb05936f2fcd32d4db86042f949dff69de05b1f4c221029e45b2d13cf,train
ab3c505b624f,0,/content/aptos2019_raw/train_images/ab3c505b624f.png,PNG,RGB,614,819,289282,valid,,12f97fbf83f227cdff38455847a7a5ce9a1708dcfc73f111d9788912ae036737,train
ab653b8554c0,0,/content/aptos2019_raw/train_images/ab653b8554c0.png,PNG,RGB,1050,1050,976209,valid,,2299e9bae9b32a599ea10f93cf125e4dce55ecff21e81a54799252c1778d3cd9,train
ab686895533e,0,/content/aptos2019_raw/train_images/ab686895533e.png,PNG,RGB,1050,1050,1066799,valid,,ef52d126d3b37cb2337c95ac48c94b21054953ff24b1f87517a56db5c6e3a2b4,test
ab724603ee93,0,/content/aptos2019_raw/train_images/ab724603ee93.png,PNG,RGB,1536,2048,2002226,valid,,5517cfe1484ea9f8a7950e603486cb722096ad8bb0b2f2253aa99558d84daa8d,train
ab78a66dee6a,0,/content/aptos2019_raw/train_images/ab78a66dee6a.png,PNG,RGB,1050,1050,933699,valid,,42e444d6674cf4c570c477da59caace3f84347c5b7db7b197ccaf4f4d0836ae4,train
ab7991df166b,0,/content/aptos2019_raw/train_images/ab7991df166b.png,PNG,RGB,614,819,349067,valid,,ac9b45e4cf8463a0d1d377540b391c8a86e00ab3481d84ee48f6acdacbf31d3d,test
ab88081e5654,0,/content/aptos2019_raw/train_images/ab88081e5654.png,PNG,RGB,1536,2048,1652841,valid,,46554b5cdb53ca13851367fd8e59ce9ff2bf6c0b41a43c164c7d4216a0f7b653,test
aba3063c5413,3,/content/aptos2019_raw/train_images/aba3063c5413.png,PNG,RGB,1736,2416,2070006,valid,,6128e163e8c3491fbd470eab95e577adcb9c2e2c677410efc75a247664c9e2ea,validation
ababe19ed448,1,/content/aptos2019_raw/train_images/ababe19ed448.png,PNG,RGB,1958,2588,4604660,valid,,cef37d0551ba411880e1e45dd4d3fd66a7755d1da5e40b01876ce182bf5e250e,train
abbb8791785e,0,/content/aptos2019_raw/train_images/abbb8791785e.png,PNG,RGB,1050,1050,1028723,valid,,b4028c49233d2a2c2d7562bd80f96cb268567cc5602a4825870db3751dfa9557,train
abdb365cacbc,1,/content/aptos2019_raw/train_images/abdb365cacbc.png,PNG,RGB,1736,2416,1957537,valid,,b5a3b390c45d1e11f6ce1c987c51c1bd73fdaa06b690faafd9af15c88dd38cb9,train
abe940882578,0,/content/aptos2019_raw/train_images/abe940882578.png,PNG,RGB,1050,1050,917276,valid,,28b69fb8d388990fcb52efca8c23cf0ba3bb08094a6c059dab37d7d255f60a32,train
abf09c44d5f4,2,/content/aptos2019_raw/train_images/abf09c44d5f4.png,PNG,RGB,2136,3216,3146735,valid,,47e3298385bcd649ff30a488e869337f1d75be821a36693107a88140b460da8e,test
abf0f56c6f12,2,/content/aptos2019_raw/train_images/abf0f56c6f12.png,PNG,RGB,2136,3216,2033581,valid,,2781abdedd9cabaeef647d1cf44521b28210135e3d488e78fc2ce572c670e9e0,train
ac0a48ccbf70,0,/content/aptos2019_raw/train_images/ac0a48ccbf70.png,PNG,RGB,614,819,360955,valid,,7f3761ea8b25b25a6fca233a593515061a9f5751498cffead89ee9e325c7b07f,train
ac1667fac512,0,/content/aptos2019_raw/train_images/ac1667fac512.png,PNG,RGB,1050,1050,931952,valid,,d5e41f90e76629cdfad39008167e1c759ba75f659037d9b651f17fe8d43cc848,train
ac17cc18a994,0,/content/aptos2019_raw/train_images/ac17cc18a994.png,PNG,RGB,1050,1050,959343,valid,,86bf0f8a534530bcd594d49f8251825e34da93b330991687aa651a310f0e8dc1,validation
ac2c814949f9,2,/content/aptos2019_raw/train_images/ac2c814949f9.png,PNG,RGB,2136,3216,2649198,valid,,a3705cf926667653019406862d0c10e2fca9e3501dd0a146c34f7d4adddbb1ce,train
ac5b5dddf91b,2,/content/aptos2019_raw/train_images/ac5b5dddf91b.png,PNG,RGB,1736,2416,2135497,valid,,6c432c749b0cc2321aebf7e281a739d61dc96c5375c8dba2aa17fa3f0092e71e,train
ac720570dd0f,2,/content/aptos2019_raw/train_images/ac720570dd0f.png,PNG,RGB,1958,2588,5028531,valid,,c4afdb9fef0baa4150112e9d549c5726b9a3084ed28ebd1192c114404d6c4139,test
ac81fc200162,0,/content/aptos2019_raw/train_images/ac81fc200162.png,PNG,RGB,1958,2588,5374330,valid,,73408659b56a5cb34d2fca099979be877adb5e44b579ae69a5680148a7b16638,train
aca88f566228,2,/content/aptos2019_raw/train_images/aca88f566228.png,PNG,RGB,2136,3216,5656638,valid,,77b20d392381534e9fe3ab128260be2db4fbc097e70a096be06aa15e6dbf6eb8,train
acc9f29538c4,2,/content/aptos2019_raw/train_images/acc9f29538c4.png,PNG,RGB,2136,3216,2754629,valid,,67db3296c7d8a399474124b187b38baa245e42999a69d8b6eaf7c99bbc7b1ad1,train
ace2281f00c4,0,/content/aptos2019_raw/train_images/ace2281f00c4.png,PNG,RGB,1536,2048,1940176,valid,,c98d153a6ef9d33677258f326c371afc21751339d62fd5f16999148965ca0241,validation
ace287a5c991,0,/content/aptos2019_raw/train_images/ace287a5c991.png,PNG,RGB,614,819,423253,valid,,ba9e5f97aada474d52186e570970f160d87e91610ff06992cad9afd69a33b638,test
acf976efd7ce,0,/content/aptos2019_raw/train_images/acf976efd7ce.png,PNG,RGB,1050,1050,1031364,valid,,2b03f39b9df9bbae8fe3c4907f87515c414819e5189476f8b66cd4b27e3100a7,train
ad029ba7fa8b,0,/content/aptos2019_raw/train_images/ad029ba7fa8b.png,PNG,RGB,614,819,287608,valid,,6e3793eaa4c34db20a5f7582129a579142b0dd5a738eee90dbe2db818d0d327b,test
ad12cde115ab,0,/content/aptos2019_raw/train_images/ad12cde115ab.png,PNG,RGB,1536,2048,1982788,valid,,9b840001a488927cfc2540db493e8c72161466db8ab8cb5f8440c7a1e50e04f8,train
ad1aa75d5630,0,/content/aptos2019_raw/train_images/ad1aa75d5630.png,PNG,RGB,1536,2048,1912138,valid,,6e2679eb78108bb49d76039f35d4a2deb91016945d881b41f2b03f52d0d3e89e,train
ad1f7445b1a8,1,/content/aptos2019_raw/train_images/ad1f7445b1a8.png,PNG,RGB,1736,2416,2431198,valid,,9e662d5fb5e188c090b4f11e1604026e1690bb2cb0001f50b7c015e093576532,train
ad20080452de,0,/content/aptos2019_raw/train_images/ad20080452de.png,PNG,RGB,1050,1050,891007,valid,,3e86bb7cd12fa69bc2d90be85697204ae1f6aa915b70c59bc46ea7c698eaf397,train
ad2f0b9d059c,3,/content/aptos2019_raw/train_images/ad2f0b9d059c.png,PNG,RGB,480,640,343427,valid,,f0941a31f028ebbbeedbdc6b4b2ce8bc0eed7d8a7ffb06d0973221b16f308952,train
ad312ca98202,0,/content/aptos2019_raw/train_images/ad312ca98202.png,PNG,RGB,1050,1050,1019160,valid,,7ac557f9d3479eefec759d911b06c210b975ec921796a43351917b09dd7c0d32,train
ad3fc5076852,1,/content/aptos2019_raw/train_images/ad3fc5076852.png,PNG,RGB,1736,2416,2158394,valid,,bfa3147685d2e13d68443216636be64dcf49a8a9ecb3f61ab17d0d8dbbbc7d62,train
ad570b850a4f,2,/content/aptos2019_raw/train_images/ad570b850a4f.png,PNG,RGB,1958,2588,5236730,valid,,06f11055ac60e1a4d0b6f08e985e1e47ec9612f32a377037f78c1f3c3e1b16c2,train
ad6b07d5c338,0,/content/aptos2019_raw/train_images/ad6b07d5c338.png,PNG,RGB,1536,2048,1941956,valid,,295e9fe153a1b9a05575762621b693ee6e811151971c67933138ca21920066d9,train
ad93d88c87ea,0,/content/aptos2019_raw/train_images/ad93d88c87ea.png,PNG,RGB,1050,1050,1055518,valid,,7a4f0a2ee175696287445853c016bdf0a02705600dcc9ff4cf68ce3ce6dafbbe,train
ad944bd56bb6,0,/content/aptos2019_raw/train_images/ad944bd56bb6.png,PNG,RGB,1536,2048,1917011,valid,,194313333b232e11c2fc832882d4c147846ff40bc52747ff9f65fe56dd78ae4c,train
adb56cecafaf,3,/content/aptos2019_raw/train_images/adb56cecafaf.png,PNG,RGB,1736,2416,2313440,valid,,97ab1b6ce3bdb067a47f2dd529b5cafb658bceb632d73a9b3fbb2cd3cbde0545,train
add1d681d712,2,/content/aptos2019_raw/train_images/add1d681d712.png,PNG,RGB,480,640,343352,valid,,f2e1da6572c7ab87fdfe6a00ec7867083ed39abb3bc779b54199f69388f63e53,test
addf66a50f42,0,/content/aptos2019_raw/train_images/addf66a50f42.png,PNG,RGB,1050,1050,912604,valid,,1bcd2c4bef30cd95a41aeee6167140773dbb1fb27656074be7051a4ac8f4ca19,train
ae1344610ebe,2,/content/aptos2019_raw/train_images/ae1344610ebe.png,PNG,RGB,1226,1844,1051502,valid,,a30c66e4155bc993488dcd7332fc7516ef0a9e30dc567d22aba91d8c53e54a36,train
ae20112e7a1e,0,/content/aptos2019_raw/train_images/ae20112e7a1e.png,PNG,RGB,614,819,373403,valid,,d7b1c816841296983ffc6dcfdade3f11cf5f92fa99ab05a947b731ebd2fde377,train
ae2c3f6312ef,0,/content/aptos2019_raw/train_images/ae2c3f6312ef.png,PNG,RGB,1050,1050,1006801,valid,,e60d83864d92a44e326be364e7a700664af9e5e87a645ee4dc75d4a8fd8f144e,train
ae2e888905ba,0,/content/aptos2019_raw/train_images/ae2e888905ba.png,PNG,RGB,1536,2048,1905997,valid,,4d8dc11c868fd3c773a3bd9991a082bdd24142cbf1fdd2c0cec546e8aa3f7c38,train
ae49cc60f251,0,/content/aptos2019_raw/train_images/ae49cc60f251.png,PNG,RGB,1050,1050,1001445,valid,,7d0c3a3097e9a8854cc173d3e93a742e76301af824aeedfdee91dfc7dfbfd978,train
ae57c8630249,0,/content/aptos2019_raw/train_images/ae57c8630249.png,PNG,RGB,1050,1050,1062060,valid,,d97261e32d10ea4ddfd37d835b96f42471a93725d06e513c0920dd9fb2183bea,train
ae58ccb5905e,0,/content/aptos2019_raw/train_images/ae58ccb5905e.png,PNG,RGB,1050,1050,1011384,valid,,7971e451b80f0338a922832fabeda082adafceb3905f762e1406be04a2bd569c,train
ae5d31979f19,0,/content/aptos2019_raw/train_images/ae5d31979f19.png,PNG,RGB,1736,2416,2361448,valid,,e60dcf580db071a99cec852200964093952a6b7a38d367694ff0468eb5964f2d,train
ae61e19fb766,0,/content/aptos2019_raw/train_images/ae61e19fb766.png,PNG,RGB,1536,2048,1888876,valid,,446c6526d98a2bf8a17e280ff8d2f3cdffd59dd232e2cbd09069f8dd8bf3f8ee,train
ae8424cdb029,2,/content/aptos2019_raw/train_images/ae8424cdb029.png,PNG,RGB,1958,2588,5360923,valid,,5b98e5a23a9d4d1dce7afab61fe28cac1041c60ca93fd1de9dbf4866f11fb32b,train
ae8472f8d310,1,/content/aptos2019_raw/train_images/ae8472f8d310.png,PNG,RGB,1736,2416,2160642,valid,,f1241df22d86560a57a81c60c793e9ac81402d1214db963f29f24c97cb92b7d3,train
ae94ce412de9,0,/content/aptos2019_raw/train_images/ae94ce412de9.png,PNG,RGB,1958,2588,5539309,valid,,13af0e026699b3dacea9a8716f0aa7916295d864fb7fd5defcd578ef76ae3ff7,train
ae975c43bd8b,0,/content/aptos2019_raw/train_images/ae975c43bd8b.png,PNG,RGB,1050,1050,945418,valid,,8b257ac1e7bcd3c3800709c748d0b77521e9c8648ff8f438514b5b28227d3455,test
aea59ebec445,3,/content/aptos2019_raw/train_images/aea59ebec445.png,PNG,RGB,2136,3216,2304277,valid,,57277bf73a2d1f66c8098d033246261a01c54613f952e8190512054d8eb94782,train
aeab0a63bcaf,0,/content/aptos2019_raw/train_images/aeab0a63bcaf.png,PNG,RGB,1536,2048,1894284,valid,,893d196263a789e451c8f3e68547436a90301ed29bd80c67221cc462ec7da314,train
aeb6f4fd2eed,0,/content/aptos2019_raw/train_images/aeb6f4fd2eed.png,PNG,RGB,1536,2048,1878971,valid,,9b599956ede16a9890a18c3028e01402587a48b9dc28fd46f4ff06181a940f7c,validation
aebe87a423c8,0,/content/aptos2019_raw/train_images/aebe87a423c8.png,PNG,RGB,614,819,274861,valid,,2fc74c1459a22bb7807f1d25d47fcc066bfc24fbb8984913ee45975073890a58,train
aec51513cf45,0,/content/aptos2019_raw/train_images/aec51513cf45.png,PNG,RGB,614,819,306124,valid,,ec49cd0ee31bc930d2505fea777c113f20de8286118b6751478390d77a548a1b,test
aeccef0bdc26,0,/content/aptos2019_raw/train_images/aeccef0bdc26.png,PNG,RGB,1050,1050,1013988,valid,,152ada8fc5e7183f46117ba95526ed1cb9348d310a182d880d4f85259fd6fc38,validation
aed4e743c230,2,/content/aptos2019_raw/train_images/aed4e743c230.png,PNG,RGB,1736,2416,2302549,valid,,a73f9d6277c088ffc5ebd950d39494577a2f3991ee180e8405f74c9633eec36c,test
aeed1f251ceb,4,/content/aptos2019_raw/train_images/aeed1f251ceb.png,PNG,RGB,2136,3216,6269673,valid,,c00a21ec45f9e8cec7b81c2d49f651bd39cd96fdc349f596ae8ae9e25dcc2628,test
aef9016557ca,2,/content/aptos2019_raw/train_images/aef9016557ca.png,PNG,RGB,480,640,276027,valid,,adf19ce0def8cc986a21b75366a00bb08702c4472b927f089d3409f0e7a8c2c8,train
af133a85ea0c,1,/content/aptos2019_raw/train_images/af133a85ea0c.png,PNG,RGB,1736,2416,2103589,valid,,a1846b2a745129d26f192bf9c8c49e7b6d016f8bde2b9b0ddc18227a3c0726c7,train
af345c68e836,0,/content/aptos2019_raw/train_images/af345c68e836.png,PNG,RGB,1050,1050,988197,valid,,0c3a5b4d76ce49b1401223deb9bf03818a9bcfecb50f3adf6b18049c0aab5816,train
af3b0115aad1,3,/content/aptos2019_raw/train_images/af3b0115aad1.png,PNG,RGB,1736,2416,2281291,valid,,950bc21bb61d4020214ce5017cd4c216f20a5e685ca2bd0ee622af74938142bb,train
af5a0bc4e1fa,0,/content/aptos2019_raw/train_images/af5a0bc4e1fa.png,PNG,RGB,614,819,397111,valid,,e94ca30270a24f6bf057035b051e413f7009101740fc0c7363dc1653c5356be7,validation
af6166d57f13,0,/content/aptos2019_raw/train_images/af6166d57f13.png,PNG,RGB,1536,2048,1697154,valid,,b326f9976fffa118c0c3c7640cd41864571337f42f3d1c1f82e6b285f49d4fd0,test
af6a1508cd95,0,/content/aptos2019_raw/train_images/af6a1508cd95.png,PNG,RGB,1958,2588,5525105,valid,,de10f7e3e1fd9045a4716333f3efd0bc436ba57d8a3f9d75885add2bd3d013a0,train
af7a36454670,0,/content/aptos2019_raw/train_images/af7a36454670.png,PNG,RGB,1050,1050,959134,valid,,aa8aa3872b76309b413d8b44f1b25e49b071b25315056c91b45eec35179f3d6b,test
af828dab3ffc,2,/content/aptos2019_raw/train_images/af828dab3ffc.png,PNG,RGB,2136,3216,2192716,valid,,10bff4a6db7dec7ce6180cc24853fc8ac2c54881b5e4e319e15a47685600c333,train
af831c158744,2,/content/aptos2019_raw/train_images/af831c158744.png,PNG,RGB,2136,3216,3189216,valid,,3babda2e0b5e8b7ea38c908ba13787a64ce2ef968574d13d3d0dbc2eaa8a456b,train
af87d48ffe01,0,/content/aptos2019_raw/train_images/af87d48ffe01.png,PNG,RGB,1536,2048,1932169,valid,,62ca2f8bd88294231e10cc9da7fcb2d85be235fea3f89b1830e9d4eb93d6e9ca,validation
af8aa32beee4,2,/content/aptos2019_raw/train_images/af8aa32beee4.png,PNG,RGB,1736,2416,2354554,valid,,ca790e922cecfdd2e4827a4e3eb8254cf42849d64b5b2c5707f4f3aaa914c189,validation
afc345cc9145,0,/content/aptos2019_raw/train_images/afc345cc9145.png,PNG,RGB,1958,2588,5479258,valid,,c3f2a23cb89289ece87d4b3c0596cc2adcf4da253ea4d837566a7ddf06ee7563,train
afc744fad65e,0,/content/aptos2019_raw/train_images/afc744fad65e.png,PNG,RGB,1050,1050,996396,valid,,85adb3954f676bbedac6a92ad1d19313ee2e7dd775bf3d498cc18e01407ca9bd,train
b019a49787c1,3,/content/aptos2019_raw/train_images/b019a49787c1.png,PNG,RGB,1944,2896,2431292,valid,,14e091bc815c0629cf89bccfeea87ab0f2ab2e7c3ad1a010ce80c90ba726d8f5,train
b033ab4fb723,2,/content/aptos2019_raw/train_images/b033ab4fb723.png,PNG,RGB,1226,1844,1066156,valid,,b6ae3d5a1fd27b88f78c5789f146d225727eab3a8217bb5203c73e1528947852,train
b05922e7abd3,0,/content/aptos2019_raw/train_images/b05922e7abd3.png,PNG,RGB,1050,1050,919554,valid,,34ab678efefe47ffd1e2dbacdfa728f99abd17dcb215705ebfbda00130842daa,train
b0619ca93a5f,0,/content/aptos2019_raw/train_images/b0619ca93a5f.png,PNG,RGB,1050,1050,954033,valid,,3b78d90e3cdfe30a901db87b6745356a7263d0edfe4f8a2f421282f559884ad5,validation
b06dabab4f09,2,/content/aptos2019_raw/train_images/b06dabab4f09.png,PNG,RGB,1000,1504,1395162,valid,,a9a3b398b16fc934bc67adcf607dcc2754974e2cd859f6ccc18c1eeff893148a,train
b07bc463b718,1,/content/aptos2019_raw/train_images/b07bc463b718.png,PNG,RGB,1958,2588,3613931,valid,,494fffa198d2a5339295b88dd5c24dbb4fb90f05c8298c21a50d5046420e69b4,train
b085caa513a8,0,/content/aptos2019_raw/train_images/b085caa513a8.png,PNG,RGB,614,819,300050,valid,,e338fbb2289bcd1079def0dcdaf3a860cd4ee050440364b0eb15c7d8796956c1,train
b086c7cd3868,0,/content/aptos2019_raw/train_images/b086c7cd3868.png,PNG,RGB,1050,1050,991580,valid,,33fe1b7f3269e4e8cd6e023d46b0856feddd785691bcf712c8b3864fd9e2a764,validation
b09101adb478,0,/content/aptos2019_raw/train_images/b09101adb478.png,PNG,RGB,1050,1050,1058334,valid,,bf21a8c2060ddea0de5f1be03db119d776fc30c31db18fc9fe8d5071242925b2,train
b0acd3593310,0,/content/aptos2019_raw/train_images/b0acd3593310.png,PNG,RGB,1958,2588,5636407,valid,,e4b6a494e94608f87dff22a8d4bec3aa06d717ca763a0accf8c742112984d043,train
b0b3b16fc305,0,/content/aptos2019_raw/train_images/b0b3b16fc305.png,PNG,RGB,1050,1050,1086238,valid,,07047e0e3d0643a2bd710bca0ab24aa267da5da4d8a31a7dca6820d03e14c2ac,validation
b0c9a492e068,0,/content/aptos2019_raw/train_images/b0c9a492e068.png,PNG,RGB,1958,2588,5148542,valid,,eab489ab5ba037eb12f63d4139ada306103701977b2de7c89c8713ad9588ce3c,train
b0cc9f8d06e4,2,/content/aptos2019_raw/train_images/b0cc9f8d06e4.png,PNG,RGB,2588,3388,3578174,valid,,0a9a10439f435482f7672a13d029918d76d11c33c4028ff436baf7a33d624008,test
b0d35981708b,2,/content/aptos2019_raw/train_images/b0d35981708b.png,PNG,RGB,2136,3216,2786286,valid,,a9c1874a33dbb2e69c9766efc9ac03bfdea04bd581834e1d715069748e571ce1,train
b0d6417bad3e,2,/content/aptos2019_raw/train_images/b0d6417bad3e.png,PNG,RGB,1736,2416,2091838,valid,,b025f2fdcfab231275c590eb6cd3d01caa509559bb3683eb3dcadfef19d414a4,train
b0eeae01b8ab,2,/content/aptos2019_raw/train_images/b0eeae01b8ab.png,PNG,RGB,480,640,309902,valid,,fdcb9c7021616ba6eeaef99d8d83c40c451ddbdd9c1b493acb712a97bd1b4f03,train
b0f0fa677d5f,0,/content/aptos2019_raw/train_images/b0f0fa677d5f.png,PNG,RGB,1050,1050,1072942,valid,,b37a6e881bd6011fbf9739c319514d00c39bac6065e76dd1dcb9dfc545388979,train
b0f8613305a3,0,/content/aptos2019_raw/train_images/b0f8613305a3.png,PNG,RGB,1736,2416,2384829,valid,,ebdd2a217d7af96f063407e354c7f66e262ac6bd980b2441a19eb967b4870d71,train
b10fca20c885,0,/content/aptos2019_raw/train_images/b10fca20c885.png,PNG,RGB,1050,1050,932558,valid,,d8e1c10c48d9a80e7ad7b601d4ca0969ac01607f9c623634b8804cc3be2cfefb,validation
b1197f2cc9b3,1,/content/aptos2019_raw/train_images/b1197f2cc9b3.png,PNG,RGB,1736,2416,2042571,valid,,8a85ca7e913fbddcdc85bf66234e86a2901f8b823b79304b68850f670af844dc,train
b11dcdcbc8c8,0,/content/aptos2019_raw/train_images/b11dcdcbc8c8.png,PNG,RGB,1958,2588,5534944,valid,,70608a202e0f76c2aa09fb467b6fcb43fb5a35df3cf71cdb5151ffb3f5972eb0,train
b13d72ceea26,2,/content/aptos2019_raw/train_images/b13d72ceea26.png,PNG,RGB,1000,1504,1275292,valid,,f0b3f8a7683d696befead8695f37dd1b4a08de5e3f734918b831805f011c0399,train
b16dd4483ca5,0,/content/aptos2019_raw/train_images/b16dd4483ca5.png,PNG,RGB,1536,2048,1915706,valid,,ab51b5537e1c913fcc5e945dbd04b69dd2c2f7a70093bf96b21aea15fddbd812,train
b17f0b81dab3,1,/content/aptos2019_raw/train_images/b17f0b81dab3.png,PNG,RGB,1736,2416,2190556,valid,,7d638f1727eb3e2961b552c4ae7e06397b8037858255361812ec81853270c0ed,test
b191ba0a2b12,3,/content/aptos2019_raw/train_images/b191ba0a2b12.png,PNG,RGB,1958,2588,4967251,valid,,ef386ce98b2fc009ecf3faec2f3d4e3d9fb445dce7f1cf4d2cedafb86ce2d960,train
b1b3e7d0a5f3,4,/content/aptos2019_raw/train_images/b1b3e7d0a5f3.png,PNG,RGB,1736,2416,2245898,valid,,92bdfc8555b9032c2637bcad64a6d4ae997b956b51a8f3ad7a23d84dd181f9b8,train
b1c6f0997e27,0,/content/aptos2019_raw/train_images/b1c6f0997e27.png,PNG,RGB,1050,1050,866315,valid,,3c438b723457c7a05a29fb241666ef40533aec245e74f2ace5b392dff3c641c6,train
b1f4122fd36a,2,/content/aptos2019_raw/train_images/b1f4122fd36a.png,PNG,RGB,1736,2416,1737663,valid,,84d1038465eae49d0bd7a2bea880ebb83bb266251c040af589119e1a1f73ed60,train
b200c23b299b,0,/content/aptos2019_raw/train_images/b200c23b299b.png,PNG,RGB,1050,1050,1069215,valid,,065ab2925a711ab562981d03e103cd4fc45f5592b077941761417039257ccc6e,train
b21abe5d9722,0,/content/aptos2019_raw/train_images/b21abe5d9722.png,PNG,RGB,614,819,305022,valid,,f0e6a547b1f42f707541a8d26f0e60a4a14509efe0771ee2233a98f320ddc9ff,validation
b22354b5f94b,1,/content/aptos2019_raw/train_images/b22354b5f94b.png,PNG,RGB,1736,2416,2255562,valid,,76c71a1c3adae05add230fd6c506bb88505f4faf665196f7456b1c416f721702,train
b22cc1bf0b8a,0,/content/aptos2019_raw/train_images/b22cc1bf0b8a.png,PNG,RGB,1050,1050,1066836,valid,,3c64ceda2db8d71ae8a5b166de183c3e38597866b0fcb84c1d3c28880c633f6f,train
b2748ac28fc1,2,/content/aptos2019_raw/train_images/b2748ac28fc1.png,PNG,RGB,2848,4288,5455195,valid,,686260afd7d660c24a326cc21a5e7d8ca6cac7cca692960bcc8097a39667973e,train
b294927b14b0,0,/content/aptos2019_raw/train_images/b294927b14b0.png,PNG,RGB,1050,1050,998797,valid,,7973a3fa15ff5519e7698ea5bbb13738eaa83266b8d695f40406e5759281d1cc,train
b2aaa81cc8f0,2,/content/aptos2019_raw/train_images/b2aaa81cc8f0.png,PNG,RGB,1000,1504,712468,valid,,748477bb553c37b277ff8e60e3af04f875beff74bda7a8f3344a3d1065a7bdf0,train
b2b79b37d314,0,/content/aptos2019_raw/train_images/b2b79b37d314.png,PNG,RGB,1050,1050,932759,valid,,5bb4129af6680077960c30cd8625be1f5fcb93808c6f8c466bb0739ef718bab7,test
b2b7ccd34cbd,0,/content/aptos2019_raw/train_images/b2b7ccd34cbd.png,PNG,RGB,1050,1050,877445,valid,,c5c74641629267ea13489c55553cfeb190146047ed9c2e479d62cec2ac526d4b,train
b2ffa3e18559,3,/content/aptos2019_raw/train_images/b2ffa3e18559.png,PNG,RGB,1736,2416,2507310,valid,,c95d68c8567c91cca01553b3b26bde67d54c0c1a352df3c8ac3eeb0dca3e68d4,test
b310bd564329,3,/content/aptos2019_raw/train_images/b310bd564329.png,PNG,RGB,1736,2416,2220277,valid,,f662f9d48cc49f498330ef4e62172ab5657c0b5048ce528aaa2aa08d1a9dcc15,train
b351ae99413a,0,/content/aptos2019_raw/train_images/b351ae99413a.png,PNG,RGB,1050,1050,1033687,valid,,662db015d93c7bb6871f74151530a21ca6c22394313a704e2e14df2fcf9f6120,train
b35cad8fe2d7,0,/content/aptos2019_raw/train_images/b35cad8fe2d7.png,PNG,RGB,1958,2588,5568144,valid,,581635551f0f3a1b608d70db140fc3e8b05db13a54dd965107092bd0ff52d38a,validation
b376def52ccc,2,/content/aptos2019_raw/train_images/b376def52ccc.png,PNG,RGB,1000,1504,1249925,valid,,82bf9f182d55586d62d8cf43693ff432a68d3f0b6aac5de665fc35f974f0d453,train
b37aae3c8fe1,4,/content/aptos2019_raw/train_images/b37aae3c8fe1.png,PNG,RGB,1736,2416,2174047,valid,,056e2df375dea37d888154011129354d7e752b8859c0c92482fb1328460a0b8b,test
b3819a805dca,4,/content/aptos2019_raw/train_images/b3819a805dca.png,PNG,RGB,1958,2588,5507871,valid,,e3112c71e17e1d28e25b4e9c2953c3e4d8244f8c97bd4351dbe58ed8fe7ce397,train
b3a994760537,0,/content/aptos2019_raw/train_images/b3a994760537.png,PNG,RGB,1050,1050,1029301,valid,,b3f76f27189349fbde50a1a1d8fbe6161a2ecc3307d394104d402a0de2212176,validation
b3c0c3330278,2,/content/aptos2019_raw/train_images/b3c0c3330278.png,PNG,RGB,2136,3216,2341172,valid,,49a776b666b9ac524f5ae79a44e2154073beb86d7c2c6d1501557d7d9d05c1cb,train
b3d12069e1c5,2,/content/aptos2019_raw/train_images/b3d12069e1c5.png,PNG,RGB,1958,2588,5302047,valid,,6eda9ff3baf6de96463d6440030678c025078355d7fd7db43ab142f52eefa7f7,train
b3d135bd3bb5,3,/content/aptos2019_raw/train_images/b3d135bd3bb5.png,PNG,RGB,1736,2416,2486683,valid,,9ab3ef9fdc5fc7fdae30c25e581a298a78eff359684d2fb8dbab2c12c8954d92,validation
b3f31c371e59,0,/content/aptos2019_raw/train_images/b3f31c371e59.png,PNG,RGB,1050,1050,982938,valid,,afc4ed15ce09a0bd2f81ab1ce9d5d324367340db7c5a51c3c9c03fb075af41a4,test
b402b18d99a5,2,/content/aptos2019_raw/train_images/b402b18d99a5.png,PNG,RGB,1736,2416,1775283,valid,,a8218a905afdcba344f1be03ed0983f097f976a206f4daf5aa6822fd3d6eef98,validation
b402daa0864c,2,/content/aptos2019_raw/train_images/b402daa0864c.png,PNG,RGB,2136,3216,2484989,valid,,cc7dfe797b032fb1445b085a761e97d1c3ffc3a5d32cc9d7271e0e4e3fac0921,validation
b43440c6ebe4,0,/content/aptos2019_raw/train_images/b43440c6ebe4.png,PNG,RGB,1958,2588,5340948,valid,,15b31c8a0b66be68ba8c1a49fa7ae32bf9e5322f4451247e60d9ffddac7348a8,validation
b460ca9fa26f,0,/content/aptos2019_raw/train_images/b460ca9fa26f.png,PNG,RGB,1050,1050,905309,valid,,a439250e1122c859fc113d44a0a18d17a544bd07eb61ec9928ceb5391f86b2c7,train
b468ebf5cb11,2,/content/aptos2019_raw/train_images/b468ebf5cb11.png,PNG,RGB,2136,3216,2746351,valid,,76127f994a13c83389beb671ffdc8e5987a065b85210d1d22226d96762e422c8,train
b46b09a45f39,0,/content/aptos2019_raw/train_images/b46b09a45f39.png,PNG,RGB,1050,1050,1025378,valid,,85503564cd60ebc88bb3d98c6a844156e37d02cacbe9e4f8a8a0d956fdc084aa,test
b498b84d383f,2,/content/aptos2019_raw/train_images/b498b84d383f.png,PNG,RGB,2588,3388,7278159,valid,,5356b4fcad242181436bb1bf1daba0f0adc8ae190f51c838083b55c470d354e1,train
b49b2fac2514,4,/content/aptos2019_raw/train_images/b49b2fac2514.png,PNG,RGB,2588,3388,7120931,valid,,10afe4114429d1eb901c64afc1a23f15b521ce5f9a4deb80e83bc2b0455e549b,train
b4b04d81acbb,0,/content/aptos2019_raw/train_images/b4b04d81acbb.png,PNG,RGB,1050,1050,940191,valid,,985c2c82e582215c5d796448ccaacaf4b530bc9cfd151ccec7ee46f75fd70481,train
b4e15102cd7a,0,/content/aptos2019_raw/train_images/b4e15102cd7a.png,PNG,RGB,1958,2588,5196552,valid,,40763878d971390b21c07080a9f48dd1194e963511748f5c4449b7fbc3b0945a,train
b4f41b5bf0ef,1,/content/aptos2019_raw/train_images/b4f41b5bf0ef.png,PNG,RGB,1736,2416,2083061,valid,,a9fd755e4bb7aa02e34461469b2dc68c846c105cea0b1070356c67f1ad9e162a,validation
b50b30aa6e6c,1,/content/aptos2019_raw/train_images/b50b30aa6e6c.png,PNG,RGB,2136,3216,2521777,valid,,a712d028ba9a0d1f37381c678d5a25a31b3b29dd68b6f1bdda4c58fb1c3f994d,test
b5204c0decc7,0,/content/aptos2019_raw/train_images/b5204c0decc7.png,PNG,RGB,1050,1050,972672,valid,,0c73a41eaefc06d99e07bc5f6b68b4c9e294a2b23548d3d783873b5bbbc7e8ad,train
b532dedd928c,0,/content/aptos2019_raw/train_images/b532dedd928c.png,PNG,RGB,1536,2048,1921515,valid,,03ce3d4c9aa1d04b49804cdcca7fbb16003020a146f828ef4ec1ed20fddfdcbb,train
b549af91bd30,0,/content/aptos2019_raw/train_images/b549af91bd30.png,PNG,RGB,1050,1050,1005991,valid,,1ee43b3cf1d0d903cdf0aabd7fa3aecb729b3560174f57aecf5c48d2b80d1b09,test
b553e7909535,0,/content/aptos2019_raw/train_images/b553e7909535.png,PNG,RGB,1050,1050,963699,valid,,485243527f8568721e127155ea2d50bbf546ad6fd14a4f6fd528245ceee91dd5,train
b55d2ddb3e75,4,/content/aptos2019_raw/train_images/b55d2ddb3e75.png,PNG,RGB,2136,3216,2468972,valid,,f6d27693178b46e500d745d9503e458c01efaa0d4404c303fb8c47be6ae014b6,train
b56340f472d2,1,/content/aptos2019_raw/train_images/b56340f472d2.png,PNG,RGB,1736,2416,2119971,valid,,4eeab5622237ee8913c1b7bbe9b3f57b226251020f9bdd7b3511f0e4309eebd9,train
b574d229ec4c,2,/content/aptos2019_raw/train_images/b574d229ec4c.png,PNG,RGB,2136,3216,2463996,valid,,48889a64816e302aa5760c662694cee32efd2f31ad3180d9bcd046e19d5b174f,train
b576c5269ad1,1,/content/aptos2019_raw/train_images/b576c5269ad1.png,PNG,RGB,1736,2416,2027545,valid,,b4447e9c1f9c14049c96c255d245d6fc626345a127d92165eda197a60cc31e81,train
b5834ee64541,3,/content/aptos2019_raw/train_images/b5834ee64541.png,PNG,RGB,1736,2416,1923632,valid,,09c8acc4d19197c5db00d76b5fc3a6fdd4a201bb88d7318d2a71407ccf0297b6,train
b598bc9753c2,0,/content/aptos2019_raw/train_images/b598bc9753c2.png,PNG,RGB,1050,1050,979383,valid,,6671e3b61a64e61c835891c3a4a4023ebe1b6f94f550596a2eadfb18aea2415d,train
b5a3ca5c0a80,0,/content/aptos2019_raw/train_images/b5a3ca5c0a80.png,PNG,RGB,1050,1050,1055022,valid,,f23f10080dc381b82501d5faf88a00c596044c511e065b5cd0c0b198a79f222b,train
b5b913358b32,0,/content/aptos2019_raw/train_images/b5b913358b32.png,PNG,RGB,1050,1050,1043502,valid,,2713ceff0cb3322f13542e28c73a2ec9b612542b7e3b27206e8d375e0561f7d2,test
b5bf7b84fc66,0,/content/aptos2019_raw/train_images/b5bf7b84fc66.png,PNG,RGB,1050,1050,966620,valid,,b4cc02568702445268d35623b4753954dbdca813cd049c0b4daa609c1c819fe1,train
b5c80d0ed0ff,2,/content/aptos2019_raw/train_images/b5c80d0ed0ff.png,PNG,RGB,1050,1050,1063564,valid,,a0c3408b6f1afee6f97dc0667b4a46b09643df78743ec550eda4354d64d4bb37,validation
b5e6ae31493c,0,/content/aptos2019_raw/train_images/b5e6ae31493c.png,PNG,RGB,1050,1050,985256,valid,,b87daf2ce0c5c21a5246369e69f53b82bfecdb59957911fe74a38f07f37d0b42,train
b60dbf9f0744,2,/content/aptos2019_raw/train_images/b60dbf9f0744.png,PNG,RGB,1736,2416,2367344,valid,,03e2127266e67c78e5769002a1052a053f31ceffa8aaf7580a1fe6118a290b9f,train
b6304c545f95,2,/content/aptos2019_raw/train_images/b6304c545f95.png,PNG,RGB,1958,2588,4835766,valid,,ebeda14a1e75e95b78ceb9a3662439d125fbf1859796d9f1b036216e82051334,train
b640e3bdff75,1,/content/aptos2019_raw/train_images/b640e3bdff75.png,PNG,RGB,1736,2416,2179803,valid,,1cbeb188d255a251f7eaa3d9c57ed667b8227f5a477f472c17d0e0ebeed4414c,test
b64e1eef3d63,0,/content/aptos2019_raw/train_images/b64e1eef3d63.png,PNG,RGB,1536,2048,1966748,valid,,f00aa13af96d7f01455bc1357fdbf452d36e3f3c5107d006cd079455129c528c,train
b65ff67743b2,2,/content/aptos2019_raw/train_images/b65ff67743b2.png,PNG,RGB,2136,3216,2251527,valid,,abade7687fd4c63fff80231b8142f0cf310b1a38c9ed9df11493b9d5d765c255,train
b665041e1633,2,/content/aptos2019_raw/train_images/b665041e1633.png,PNG,RGB,1958,2588,4902744,valid,,c36594aa553106057fb88d45fa25631bc8a5acaadd8e8a94432f054bc1bbd3a3,train
b66f23ffa730,0,/content/aptos2019_raw/train_images/b66f23ffa730.png,PNG,RGB,1050,1050,1091973,valid,,55c7e5e61c4f751464f627f8d7a8c8605cc3f2fa5dd7ebefe0ff0471f08e4e6f,train
b67ae80f7eba,0,/content/aptos2019_raw/train_images/b67ae80f7eba.png,PNG,RGB,614,819,328963,valid,,d2cbab8446febc2a2fb2c6abfa0b21b209ee01f04f4c96cb096f405e83f1fde2,train
b69c224edd6e,0,/content/aptos2019_raw/train_images/b69c224edd6e.png,PNG,RGB,1958,2588,5593817,valid,,e4a6b6949147dc3f77261f82131b3c516de10da009bf9b6eb9eabf94d376c4c4,train
b6a0e348a01e,1,/content/aptos2019_raw/train_images/b6a0e348a01e.png,PNG,RGB,1958,2588,4375111,valid,,227543df4d8b1b8b9d15ef2150b04cf2f776339934189a04f2cda490bc48e2a8,train
b6bf847fbcb2,0,/content/aptos2019_raw/train_images/b6bf847fbcb2.png,PNG,RGB,1050,1050,865988,valid,,39f927ea6d92b8f0163a3734e90e7842a74888175b3746ad4aed82ea94cf8c35,train
b6bfe9db60e5,3,/content/aptos2019_raw/train_images/b6bfe9db60e5.png,PNG,RGB,1736,2416,2073043,valid,,8aaf522cc56ab6ee2f3ed36b2d719ecef8f600de23f12ebb6fe9003e6b2c04e5,validation
b6d9974443ce,0,/content/aptos2019_raw/train_images/b6d9974443ce.png,PNG,RGB,1536,2048,1943429,valid,,a0ff8823b487c75188f38c12bbaa094529fa57a7ab7bfa5aa20f3557aa9f5c4a,test
b6fd109b1bc9,0,/content/aptos2019_raw/train_images/b6fd109b1bc9.png,PNG,RGB,1958,2588,5128914,valid,,d1b801097bcdde3dda36633dc5f3cb4464300ae5e7d563c9a35aa8f9c2fb2144,validation
b70cb31b9abb,4,/content/aptos2019_raw/train_images/b70cb31b9abb.png,PNG,RGB,2136,3216,3515395,valid,,6fec844ba4f9b0333ec9c8db2c2f7a962fb9ade06ea8990d5939b86816820dab,train
b70e7c26f51e,0,/content/aptos2019_raw/train_images/b70e7c26f51e.png,PNG,RGB,1050,1050,1116377,valid,,023e66ccf6957a6c61af72e772e454f591e33c374606ded2b20dfcf961733f0e,validation
b71428739d4e,1,/content/aptos2019_raw/train_images/b71428739d4e.png,PNG,RGB,1050,1050,971100,valid,,3cc8928bfc5dcb1c70ab2a46362701ceb813350f98e8faa4c171abfef06079a1,train
b7278b4f2448,1,/content/aptos2019_raw/train_images/b7278b4f2448.png,PNG,RGB,2848,4288,4916235,valid,,4f969902d0bcd2b56f8d35ffe707f370ec05ec3ff7c00bdaa81c9980ae3618e9,train
b72a86d61959,0,/content/aptos2019_raw/train_images/b72a86d61959.png,PNG,RGB,1050,1050,1058587,valid,,8b241b806a70f89398e40aae2fb2b6d72aac843fee2962f78ca20a91d3bf8e92,validation
b72f59b85f7c,0,/content/aptos2019_raw/train_images/b72f59b85f7c.png,PNG,RGB,1536,2048,1949452,valid,,9139d0220f4e2e68527cff37235ef1c761edb4feba11811c12a152b84033cb2d,validation
b73d0bcd3d33,0,/content/aptos2019_raw/train_images/b73d0bcd3d33.png,PNG,RGB,614,819,259728,valid,,cb817ee43f2dab7d4bdb2f72cf75d75d815b998c9cac89a418cc70b526395b50,train
b746a6681ba9,2,/content/aptos2019_raw/train_images/b746a6681ba9.png,PNG,RGB,2136,3216,2509248,valid,,fe8ed2303ec7adf9b6924da9b071c1651585664b318961f46a1fe4246d72d246,train
b74de20d73de,0,/content/aptos2019_raw/train_images/b74de20d73de.png,PNG,RGB,1536,2048,1925991,valid,,3ff54267775c3ff98d063a07e6eb660db8b4ff5b68cf36b455d67081dc58989a,test
b759cbef90c5,0,/content/aptos2019_raw/train_images/b759cbef90c5.png,PNG,RGB,1050,1050,927129,valid,,606fa5c8c6f072669f0e1a64e97439777d2f50bf1cc9a60bf0282bcca0a34968,train
b762c29cf2f3,2,/content/aptos2019_raw/train_images/b762c29cf2f3.png,PNG,RGB,1736,2416,2384930,valid,,fac19ed654ad2c865203099906d6990c82a360103cb586c77399f2065af22cac,train
b77b88926843,0,/content/aptos2019_raw/train_images/b77b88926843.png,PNG,RGB,1050,1050,986654,valid,,6d2a08afe1c08b6a188422c68137061dceccee4e85322d3f08fe535ff35213a4,validation
b77b8a1f09f1,4,/content/aptos2019_raw/train_images/b77b8a1f09f1.png,PNG,RGB,1736,2416,1844438,valid,,54198b6fab1bf19a0bcfe97e4fb76f3ead8866f6010a4674a65f94b8f88cdf6e,train
b7983cb3f270,0,/content/aptos2019_raw/train_images/b7983cb3f270.png,PNG,RGB,1050,1050,1000138,valid,,c47fe5c40ffea0ef92fa2672c30ecd11a46277f00e0e3cf1500da4fcf55bc78d,train
b7a1bb106051,0,/content/aptos2019_raw/train_images/b7a1bb106051.png,PNG,RGB,1050,1050,1071687,valid,,a050131a8fc99f718e713399e1d3caedd057d8f67bc5cbe71574a8d7c517b85a,train
b7aca95b97b9,0,/content/aptos2019_raw/train_images/b7aca95b97b9.png,PNG,RGB,614,819,395739,valid,,12ad4a90b60cb7093cc6b8a81c391fe7e59fcff3efb9c489145970946714a97d,train
b7bd4a6627b6,0,/content/aptos2019_raw/train_images/b7bd4a6627b6.png,PNG,RGB,1050,1050,1026054,valid,,8bfec4d9391d8e14806007371526e9c5f219245009a5ec81135348baadeb5e14,validation
b7ce561a7328,0,/content/aptos2019_raw/train_images/b7ce561a7328.png,PNG,RGB,1050,1050,1050082,valid,,5f802ecfedda6a895d12dda9ec97cbf4236c5cab8a82ac95bf08877b7aea4167,validation
b7e0f95353f2,3,/content/aptos2019_raw/train_images/b7e0f95353f2.png,PNG,RGB,2136,3216,2323883,valid,,cb0e81ac406479e7740a7f4d5d9837c27dcbfbecf384af4821c7e3772219f564,validation
b7f0bc7d399e,0,/content/aptos2019_raw/train_images/b7f0bc7d399e.png,PNG,RGB,1958,2588,5526176,valid,,8f055880bfa6ddcebb6b2315da451a388acc802afa1d558aa29110d2b2b80787,train
b8297a2291f5,0,/content/aptos2019_raw/train_images/b8297a2291f5.png,PNG,RGB,1050,1050,1051562,valid,,f4063cda399e66c57d3d67a2d322748d4e90cd6b468e3d7f8de0b9c7ea06dd30,train
b82d5f1f1145,2,/content/aptos2019_raw/train_images/b82d5f1f1145.png,PNG,RGB,1226,1844,1162508,valid,,61a86b640f1632e41987e14610afd36abeb1d499534f48d727587de711c955b3,train
b82dfa63a75f,0,/content/aptos2019_raw/train_images/b82dfa63a75f.png,PNG,RGB,1536,2048,1926532,valid,,24c772d4c05d03ec3a0d2b189062abc5949fefa6cc061a3db395d56acf51da61,train
b835b6e31a59,0,/content/aptos2019_raw/train_images/b835b6e31a59.png,PNG,RGB,1050,1050,1000757,valid,,23186468d2b7663a91004972d0b4e6c1368731364ce9be9924eef7070c9d085e,train
b83a6eca125f,2,/content/aptos2019_raw/train_images/b83a6eca125f.png,PNG,RGB,2136,3216,2766249,valid,,6e2dafabadc6365717a7d25a80f1743acf72c7bf06102a7093949d8132b7ddb5,train
b842b43cb7fb,0,/content/aptos2019_raw/train_images/b842b43cb7fb.png,PNG,RGB,1536,2048,1820326,valid,,d38588b630a2327fc9843d7a187d79a8011871e06ccf9c2389f8ab4a5b65bec4,validation
b86fb2d5be1a,0,/content/aptos2019_raw/train_images/b86fb2d5be1a.png,PNG,RGB,1958,2588,5687562,valid,,3a819a77a027bcee66e698aa2fb036e8d69c926f8a71cf6de6c037bc6a7de807,validation
b87f9c59748b,4,/content/aptos2019_raw/train_images/b87f9c59748b.png,PNG,RGB,1958,2588,5598470,valid,,00230fd682965b185c40ba64ee9c957e99cbf585c257e5e60f1edb404fcfb5b1,test
b89938407ee6,2,/content/aptos2019_raw/train_images/b89938407ee6.png,PNG,RGB,1958,2588,5602932,valid,,5d1c59f1055c988382d73c6d956405923d045cb8e3c4bbf3c59370087a6a9b70,train
b8ac328009e0,2,/content/aptos2019_raw/train_images/b8ac328009e0.png,PNG,RGB,1000,1504,1332868,valid,,03b10523cb34aeec76e76d5d264f49d7fe9cb170913bac58c3c6e1cbba690703,train
b8dab47a260e,0,/content/aptos2019_raw/train_images/b8dab47a260e.png,PNG,RGB,1050,1050,1031062,valid,,7416176a0e18d18d8d323e606a47ff50b8107b026595eca6eeb20fae05fefe32,train
b8e20c076b03,0,/content/aptos2019_raw/train_images/b8e20c076b03.png,PNG,RGB,1958,2588,5730772,valid,,10072f0829349aef2dcc9552279d4efd4016afef0d68a5e319703109870db9f2,train
b8e9a8f4617d,0,/content/aptos2019_raw/train_images/b8e9a8f4617d.png,PNG,RGB,1050,1050,987614,valid,,d1513fdc6be157bb5f4883e69bd8e00315458960c64cc5788d5f2473f294d17a,train
b8ebedd382de,1,/content/aptos2019_raw/train_images/b8ebedd382de.png,PNG,RGB,1736,2416,1714449,valid,,e6c624e1252a492e41da775d584c950ebbafcd266726dad44bb130d9e538442d,train
b8f1b30877db,2,/content/aptos2019_raw/train_images/b8f1b30877db.png,PNG,RGB,1736,2416,2110273,valid,,fcab611c1a0fb6a1647563228f2ac77fb09f267b37493b0427703b78fb09905b,train
b8fb9f55cd6d,2,/content/aptos2019_raw/train_images/b8fb9f55cd6d.png,PNG,RGB,2136,3216,2518833,valid,,b17ed85f408c4405685a944a3afb3180d83f0394b9d8774186a29fdfecf23dab,validation
b90bc89ce8d8,4,/content/aptos2019_raw/train_images/b90bc89ce8d8.png,PNG,RGB,2588,3388,6976395,valid,,29d975c1250985be57993ae69f91180b5a956ece10fa2224107546472f3b1083,train
b927a9238434,2,/content/aptos2019_raw/train_images/b927a9238434.png,PNG,RGB,2136,3216,3154379,valid,,4736d074d073528924d447de9a2e422905e38ebc891430aa14fac85f6cbee6e7,train
b92eacd1392a,0,/content/aptos2019_raw/train_images/b92eacd1392a.png,PNG,RGB,1050,1050,914004,valid,,cea6d87dfd4980e84cc0a8536f3af7c44042af112d49ace3f462a06ce56f5126,train
b94c58d063bf,1,/content/aptos2019_raw/train_images/b94c58d063bf.png,PNG,RGB,1958,2588,3748306,valid,,8a078f8501ec86d1b6c3958770236bf3093b89b27a074ac66927fa97c31ca6f8,train
b9519abce0c1,0,/content/aptos2019_raw/train_images/b9519abce0c1.png,PNG,RGB,614,819,284146,valid,,c7e91d89253fdf2c4ede247cd7256fbc46c67e3e898427b848bb1be61876a97b,test
b95d4dd8e5e2,2,/content/aptos2019_raw/train_images/b95d4dd8e5e2.png,PNG,RGB,2136,3216,3690011,valid,,2d336d5e6a3b83f6a46b3f3ffdd6d4db973e76f4bde1c04d649f9ceb8bed7fb0,train
b960142a8de7,3,/content/aptos2019_raw/train_images/b960142a8de7.png,PNG,RGB,1944,2896,2276697,valid,,2677dc3ea378bc3fedca7b369793612c26ded09ca6e725c554d98a0aeaf8f759,train
b963a11638f2,0,/content/aptos2019_raw/train_images/b963a11638f2.png,PNG,RGB,614,819,318177,valid,,8fb5c85cd8e87966d412705d4e6389876c30670ae896916fe39e66fe4f17ad02,train
b96b518596b3,4,/content/aptos2019_raw/train_images/b96b518596b3.png,PNG,RGB,2848,4288,5840001,valid,,ae275d9b61ad249628e1cce8111e11ce893859f85e21dcf29213b75e4fa014c4,validation
b98f77098b9d,2,/content/aptos2019_raw/train_images/b98f77098b9d.png,PNG,RGB,1958,2588,3278738,valid,,5f976f7bfff780433d90baec5d12db1a36a3b84f1f583033def4a209bfd92ca6,train
b99794a0beed,2,/content/aptos2019_raw/train_images/b99794a0beed.png,PNG,RGB,2136,3216,2558660,valid,,eb82e05ffcb9b0a88a3ff30eeff087544e2fdbbeec3cab8ebd7f8c09c3818aaf,train
b99afe7137fb,4,/content/aptos2019_raw/train_images/b99afe7137fb.png,PNG,RGB,1958,2588,5283006,valid,,a9eb11c9fa37a22be97a713d6299931d2579e2c404217b54b34aede8a6fa1045,train
b99c825b93c5,2,/content/aptos2019_raw/train_images/b99c825b93c5.png,PNG,RGB,2136,3216,2903936,valid,,0dd33a6108baf80522b6447d10a45f83a7eb68ef10ea8e0bf63add1dd0d759ff,test
b9b6ee2b9453,2,/content/aptos2019_raw/train_images/b9b6ee2b9453.png,PNG,RGB,1110,1467,2215380,valid,,0285f0cf64a76f0973d52bb5fe5f457b4f18d27d934c68eff2ae10ac01885104,train
b9b99dad668d,1,/content/aptos2019_raw/train_images/b9b99dad668d.png,PNG,RGB,1736,2416,2266298,valid,,b46f4310b63f44864257c7925aed1bbf20226376d7f093e87f657de30ded3fad,train
b9bc81fcb075,0,/content/aptos2019_raw/train_images/b9bc81fcb075.png,PNG,RGB,1050,1050,1035870,valid,,8a6c2cbc4cac7fa90c2dcff9e620418eafcabbdf3f45b2687a80910623935257,train
b9c7c5182075,0,/content/aptos2019_raw/train_images/b9c7c5182075.png,PNG,RGB,1050,1050,1048134,valid,,a4de892c4a2a41fc71934397f266aa58368be62e7498606aac5660d90b9050ab,train
b9d0b83d70c3,0,/content/aptos2019_raw/train_images/b9d0b83d70c3.png,PNG,RGB,614,819,295409,valid,,77ddbcda8d8a076935d1b56e3874598bcb4d0734a9a66df9dced9086526275e5,train
b9fe7da14a32,0,/content/aptos2019_raw/train_images/b9fe7da14a32.png,PNG,RGB,614,819,373897,valid,,10ffcf97bab4d5604a4c26eb2377c54226b557e77b7f820d7d77bfa77c404160,validation
ba0107fb1bfd,0,/content/aptos2019_raw/train_images/ba0107fb1bfd.png,PNG,RGB,1050,1050,1008651,valid,,d74ae67a62d77aba18c2d25419303c41a3bacfd172a8198c4e81ed0519e195b5,test
ba08cee68c71,4,/content/aptos2019_raw/train_images/ba08cee68c71.png,PNG,RGB,1736,2416,2214654,valid,,2275401f4702537bf8516c1e7dfe36990668f2860654c68f4d04de100681ccf6,train
ba25f947f4ec,2,/content/aptos2019_raw/train_images/ba25f947f4ec.png,PNG,RGB,2136,3216,2501719,valid,,cc24437a311d6d0b2e1e06cf3afa248532fa31ab2306ee855698e0c877f74429,test
ba2624883599,2,/content/aptos2019_raw/train_images/ba2624883599.png,PNG,RGB,2136,3216,5647715,valid,,88de816fd865a22e334c98a6c89e5aa130e007375ac07663ee34abb36a92f99c,train
ba2ea9182090,0,/content/aptos2019_raw/train_images/ba2ea9182090.png,PNG,RGB,1050,1050,964419,valid,,6b150c8fe9705d3e7c2bbaa4dcd9f678de2d7e4051e38b1cda88852347818f15,validation
ba4d2c4b3039,4,/content/aptos2019_raw/train_images/ba4d2c4b3039.png,PNG,RGB,2588,3388,7238894,valid,,a8873600679f84c5366d63942ac5e74082e69381b9a7f3027efd11a6f463a879,validation
ba4e62c11cc0,0,/content/aptos2019_raw/train_images/ba4e62c11cc0.png,PNG,RGB,1050,1050,1011181,valid,,d4d2326aa91e715ce06034ed379e6e9b659112ca72e826fc3f0da9f16138ca67,train
ba735b286d62,4,/content/aptos2019_raw/train_images/ba735b286d62.png,PNG,RGB,1736,2416,2539545,valid,,16b353ba9e1c5a54231676b7615a7a770141c7ad779f28797f46a86eea7180d0,train
baaca2f7e1f0,0,/content/aptos2019_raw/train_images/baaca2f7e1f0.png,PNG,RGB,1050,1050,726227,valid,,a6074bebbfafcc9feb1f83a94195c04605791c133d91fc1d803610ed2f66435c,validation
bab776139279,0,/content/aptos2019_raw/train_images/bab776139279.png,PNG,RGB,1536,2048,1951569,valid,,17a0c353f7ec1ffd734e0846e159a8431683a30ece8956929a46d0c626e1522a,train
bac1744955c2,0,/content/aptos2019_raw/train_images/bac1744955c2.png,PNG,RGB,1050,1050,1092949,valid,,013c1b1825737be8dfb63c69954d36df86bfc036cc991f86c5723155d107f414,train
bacfa2b8e706,0,/content/aptos2019_raw/train_images/bacfa2b8e706.png,PNG,RGB,1050,1050,930739,valid,,f2d594bb82204f30171ec96a7225f91b7ec5c8af541af171ef33b2da6cd3dc84,train
badb5ff8d3c7,0,/content/aptos2019_raw/train_images/badb5ff8d3c7.png,PNG,RGB,1736,2416,2236092,valid,,59ae78bd10c8ee1f718381e021aecfdf512041acc26b52bb01ec220a741621ae,train
bb08949dd70a,0,/content/aptos2019_raw/train_images/bb08949dd70a.png,PNG,RGB,614,819,361918,valid,,f84910b5563d24ebacb5f15e79601d326b6d5c1a3c8e87d6628a1089de725055,train
bb11db08584a,1,/content/aptos2019_raw/train_images/bb11db08584a.png,PNG,RGB,1736,2416,2553032,valid,,b59c003c5be6f0574c1de95577f128536498d4fb8538054a157e989e7bcf83fe,test
bb2f89488ecd,0,/content/aptos2019_raw/train_images/bb2f89488ecd.png,PNG,RGB,1050,1050,895757,valid,,2478c2a1c2dd9a92cf7c9afe69f1eb212ac13f99cadb01552de63c9f440cc546,validation
bb45257258cc,1,/content/aptos2019_raw/train_images/bb45257258cc.png,PNG,RGB,1736,2416,1846468,valid,,8f1a8c9c0bdab50ac6a1dcb1b1dba2e9d2e25026cccf4e446ae4362672213538,train
bb5083fae98f,3,/content/aptos2019_raw/train_images/bb5083fae98f.png,PNG,RGB,1736,2416,2208114,valid,,c17d61935c84d8a96577a284b35fbc00678d2e84208536bb4e01b00e8a3b0b0b,train
bb733062f494,2,/content/aptos2019_raw/train_images/bb733062f494.png,PNG,RGB,2136,3216,2930933,valid,,b69bd3d774258641e6d78c2a2f39c108a036785d38814d2e40ef764c855d57f2,test
bb752b179751,0,/content/aptos2019_raw/train_images/bb752b179751.png,PNG,RGB,1050,1050,1095373,valid,,9c4a56fadbccaf93ae811f09fc2ef3cdc5c6cb565ab8da21b05a80b2ceffca6e,train
bb783d8e496f,1,/content/aptos2019_raw/train_images/bb783d8e496f.png,PNG,RGB,1736,2416,2023780,valid,,f9097efbe0060d0c7635392635de8a8e3bb27fa5dac2353f690ea796b45148ed,test
bb7e0a2544cd,3,/content/aptos2019_raw/train_images/bb7e0a2544cd.png,PNG,RGB,1000,1504,1387393,valid,,e182d6e51a906c53ce2efd376beeb3579c4df79a5f0dc776a028ed6e0cb78f51,train
bb85097857fa,0,/content/aptos2019_raw/train_images/bb85097857fa.png,PNG,RGB,1536,2048,1911397,valid,,c58cb83d2dbc8009e082e540f03573b48f787482683e3ded8263f6b4f17b3877,train
bb9a3d835a94,1,/content/aptos2019_raw/train_images/bb9a3d835a94.png,PNG,RGB,1736,2416,2133482,valid,,3a334d9f2c81e4aaf248b2a17a8c6991aedb3e2577b3de93710dbe729a013773,train
bba38f2294a3,4,/content/aptos2019_raw/train_images/bba38f2294a3.png,PNG,RGB,1736,2416,2300716,valid,,1b72ebf13693d3946ea16ba60b7f775751ca622a3f2c01ee63523adc87817d23,train
bc23f74e14dd,2,/content/aptos2019_raw/train_images/bc23f74e14dd.png,PNG,RGB,1958,2588,4926154,valid,,26a427de48cec0bc8064971a1c60bb1ebb0a671a2991287831d028511292ae95,train
bc34ed91c9bc,4,/content/aptos2019_raw/train_images/bc34ed91c9bc.png,PNG,RGB,2588,3388,6909221,valid,,bc11d9f4acfdd157b4ecf9d472da8c7017f88d8118970448e7753fb075a86b33,train
bc34f52c37c7,0,/content/aptos2019_raw/train_images/bc34f52c37c7.png,PNG,RGB,1536,2048,1918687,valid,,5660a4f0b3cd939a195fc86ce1b97ca60690516b263b5e42f7f3152ea47fea15,train
bc73ce76ec43,1,/content/aptos2019_raw/train_images/bc73ce76ec43.png,PNG,RGB,1050,1050,1005239,valid,,b4ed9fb389145faf470917f834b8e668253d632a59c8447ab2d79fb48be26e66,train
bc7bf19b84e3,0,/content/aptos2019_raw/train_images/bc7bf19b84e3.png,PNG,RGB,1050,1050,1000879,valid,,6769c45f2e7a28b4fd6a42b84e91ac150a4997de8741fb525c555c1af63bd4bd,train
bc8c6a778cde,0,/content/aptos2019_raw/train_images/bc8c6a778cde.png,PNG,RGB,614,819,324724,valid,,b990573b92f8329e62fe4b183e4f77e1ec38d39329feb00ba1cb8107d1978f91,train
bc92a61a1f9c,0,/content/aptos2019_raw/train_images/bc92a61a1f9c.png,PNG,RGB,1050,1050,929922,valid,,d44430385ee0a9c81d1b88a39e06d9587e67ede50a256dde76909e538f54b888,train
bca2bdc15fc5,2,/content/aptos2019_raw/train_images/bca2bdc15fc5.png,PNG,RGB,1958,2588,5172674,valid,,ccd0af8d46e945c14873e6998e5081664229cbb7a2e52a8ab145f3b60d1c1f06,train
bcb0498ed2c1,0,/content/aptos2019_raw/train_images/bcb0498ed2c1.png,PNG,RGB,1958,2588,5219296,valid,,58a14d20c4a068c8ea772c12eab676d07c1f471d7cfef2b4888d19c48d6e0e84,train
bcc762618e7d,2,/content/aptos2019_raw/train_images/bcc762618e7d.png,PNG,RGB,1226,1844,871517,valid,,a2614af15eddd0c7e5f0bb21c579effde92fb77e618cf271df449165f23d40c3,test
bcd503c726ba,4,/content/aptos2019_raw/train_images/bcd503c726ba.png,PNG,RGB,1736,2416,2626966,valid,,c68a7c4d248d4880d4864f646e8c86853f3a9340e9981eb46c8a9649474515a1,train
bcdc8db5423b,2,/content/aptos2019_raw/train_images/bcdc8db5423b.png,PNG,RGB,2136,3216,5968823,valid,,685b6d53d98f7a07deb46024861db5706e6f1ea1c7a3f44de60eaedc7218b2cb,train
bd06028eb7dd,0,/content/aptos2019_raw/train_images/bd06028eb7dd.png,PNG,RGB,1050,1050,966667,valid,,abc1c4aec8f044d33429ee1a1a35449913c10a8e2b1608e41742aff7ea5fed7c,train
bd269a1f0e4d,1,/content/aptos2019_raw/train_images/bd269a1f0e4d.png,PNG,RGB,1736,2416,2299210,valid,,87c6f3f85c8244b9061fd1dcfda31e257e3a157cab89886e30ff54ca6f89db85,train
bd34a0639575,0,/content/aptos2019_raw/train_images/bd34a0639575.png,PNG,RGB,1050,1050,978805,valid,,28348b1687752cb7ac6afda9eeb4c9600a7a46f6b43244bb7837a5eb101f02e2,train
bd375ba756b1,0,/content/aptos2019_raw/train_images/bd375ba756b1.png,PNG,RGB,1536,2048,1903021,valid,,47b1ce0f89a93cc895c4225e72247b621486d09da1334041ce925e480c2b67fa,train
bd500a73beae,0,/content/aptos2019_raw/train_images/bd500a73beae.png,PNG,RGB,1050,1050,1032787,valid,,1ce5eb716f7c252671a8e04a442eb1521bb205e6d8f24ca6f14b9e4be9153098,train
bd5013540a13,4,/content/aptos2019_raw/train_images/bd5013540a13.png,PNG,RGB,1000,1504,1419847,valid,,ffb997ffbd69956a71c32696277fde6f69418329fc76c7e30b3e9cc4235ec077,test
bd9904495ccd,4,/content/aptos2019_raw/train_images/bd9904495ccd.png,PNG,RGB,2136,3216,2683234,valid,,74591368a1603b3fa5b8c19c162611fa24059aadc1020ce6fbe76837512b4745,train
bda7ff3b1562,2,/content/aptos2019_raw/train_images/bda7ff3b1562.png,PNG,RGB,2588,3388,7226978,valid,,301956b3bf54cb0c29c32c9295f1056ed3a3fb0db5dc98ea9e28dc090c1b964c,train
bda8c973b09d,2,/content/aptos2019_raw/train_images/bda8c973b09d.png,PNG,RGB,2136,3216,1885306,valid,,dcb8a7de1bffa3900ef14b2715f8c58e79bc04b4cbc15b98b1de7cb00c93833d,train
bda91b76095b,0,/content/aptos2019_raw/train_images/bda91b76095b.png,PNG,RGB,1117,1476,2291128,valid,,4a6164ad384c022694dd1bde1147e64bcac597cc56ba266a0cbf6f540cb0f3de,validation
bdb98063fe84,2,/content/aptos2019_raw/train_images/bdb98063fe84.png,PNG,RGB,1958,2588,5177734,valid,,1c71b75571a2c0c0ac5f5744271b70734a21592d3f781a151572e0c1d8500e1b,train
bdc6c60e9133,0,/content/aptos2019_raw/train_images/bdc6c60e9133.png,PNG,RGB,1536,2048,1909422,valid,,d11503af03b427763acd21a10cf7bd94be24174f9a34d66a37e4f852084e858c,train
bde1063a5dd7,0,/content/aptos2019_raw/train_images/bde1063a5dd7.png,PNG,RGB,1958,2588,5443664,valid,,83c52b5dd2c8b9da224feb036e8b5ff7f3aad599ae5921a17c12e414df30ec81,train
bdf47b9f10c4,0,/content/aptos2019_raw/train_images/bdf47b9f10c4.png,PNG,RGB,1050,1050,1015232,valid,,5b33ef068456acea88c473008d4ac7f923d531ef578c90a1b78bb408f222f019,train
bdff5d8bddf8,4,/content/aptos2019_raw/train_images/bdff5d8bddf8.png,PNG,RGB,2136,3216,2347639,valid,,690f8a7f7a69b221a5bb4f2ce6f3095d80194544dc5b0466584ff8cb03702a53,test
be161517d3ac,2,/content/aptos2019_raw/train_images/be161517d3ac.png,PNG,RGB,1000,1504,1486302,valid,,64fa588f36dbd20938d8933f030ea901935b7d345ca86792735af62852223ffd,train
be197b663520,0,/content/aptos2019_raw/train_images/be197b663520.png,PNG,RGB,1050,1050,1029880,valid,,4ed596438e5fb7b65a17917d5cf7db666ce80cffa1533bfe15d3156026ef1e20,train
be21d8b60e2a,2,/content/aptos2019_raw/train_images/be21d8b60e2a.png,PNG,RGB,1050,1050,981493,valid,,8da257b534175057e6ad1e9d3f23ca1a233e843d2266ac03e740db527a8610ee,train
be3a7d9e981e,0,/content/aptos2019_raw/train_images/be3a7d9e981e.png,PNG,RGB,1536,2048,1716215,valid,,033790999e8b9d2a20174f9982b391fa6cad31e01c905b2c1ab1121d2be1e31a,train
be521870a0ea,0,/content/aptos2019_raw/train_images/be521870a0ea.png,PNG,RGB,614,819,331299,valid,,b2a1be8e0f5b0343d01a5d92ab8ab893c10e676fbf56220838ebb6916f2e9a0e,train
be68322c7223,2,/content/aptos2019_raw/train_images/be68322c7223.png,PNG,RGB,2136,3216,2872586,valid,,48a2efb70923f73253177f06c60ec4d95192b5745bd082c0f06865ee4c2a33c9,validation
be6cbf6e5b10,0,/content/aptos2019_raw/train_images/be6cbf6e5b10.png,PNG,RGB,1536,2048,1926805,valid,,10e147da0215def57c1aa290b74537741bc46cb6024b07a1f101546630bbe3ff,train
be7bc89f5fec,2,/content/aptos2019_raw/train_images/be7bc89f5fec.png,PNG,RGB,480,640,304250,valid,,6e65c74b1100f96eb57fa332a6bf1d8410642427c026bbdb6375d279159a4ef4,train
be7f791a7877,0,/content/aptos2019_raw/train_images/be7f791a7877.png,PNG,RGB,1536,2048,1799461,valid,,32213be891faafe42838ffb446fcddf04b4fc38006423da84716c51adc9912e7,train
be8697eb2078,0,/content/aptos2019_raw/train_images/be8697eb2078.png,PNG,RGB,1050,1050,1053775,valid,,e11adc2027174665c7393b211b5f97b9fecae95e4e270c6f6641f68895b75d13,train
beb00fa6e7c9,0,/content/aptos2019_raw/train_images/beb00fa6e7c9.png,PNG,RGB,1958,2588,5202460,valid,,4ff22fd8e6b81ca35f81c650cd6fc28b5164052a2db59e56e47a94182e73f307,train
beb2ad14fd2d,0,/content/aptos2019_raw/train_images/beb2ad14fd2d.png,PNG,RGB,1958,2588,5031254,valid,,3f082ad1291c7c809cf57e13e331f4b6de20dd66dd82498c350ad14fb7321fce,train
bebb3f167654,1,/content/aptos2019_raw/train_images/bebb3f167654.png,PNG,RGB,1736,2416,2009136,valid,,a3738249efbbd022fc13531ef592aa1c20d519cd2e97ada48f6beddb73272ee9,test
bebfbd907cac,0,/content/aptos2019_raw/train_images/bebfbd907cac.png,PNG,RGB,1050,1050,984329,valid,,334f972434630549e58a3d39adf805abb5b94b61d7effdb5e6f2ddfdfcbe4ab6,train
bec0acd539b2,3,/content/aptos2019_raw/train_images/bec0acd539b2.png,PNG,RGB,2136,3216,2939800,valid,,91ce11676e5f159acf4c3f137fc3e3d8bfd21eba997630b829b3a45ee58f5b53,train
bed8296c8dfe,0,/content/aptos2019_raw/train_images/bed8296c8dfe.png,PNG,RGB,1536,2048,1939235,valid,,044e8d47b7e443691317ad535070f42cc44f020cc11138b24548bb96fa477564,train
beeca5f14618,0,/content/aptos2019_raw/train_images/beeca5f14618.png,PNG,RGB,614,819,342695,valid,,f546a684dce2ece094ffe700844f7eb9aedfb55dde14fae17e34cdfeaedf0888,train
bf18ff30a8f6,1,/content/aptos2019_raw/train_images/bf18ff30a8f6.png,PNG,RGB,1736,2416,1758981,valid,,74fbed9f34a379a1340a9807a2a7b237780001593e8edee7a61f81d91a54cd2d,train
bf1b7e21e774,2,/content/aptos2019_raw/train_images/bf1b7e21e774.png,PNG,RGB,1226,1844,915408,valid,,17a17d7e2e1e598e8c2a982b4ddbe261df33007ef28be607eed7c6f4b8cf273f,train
bf6cbccacf39,0,/content/aptos2019_raw/train_images/bf6cbccacf39.png,PNG,RGB,614,819,304087,valid,,5902aa01eed4f73e1edc45c4ae0bf1ce75d9957acb1015cf4920fec55d19a076,validation
bf7047dc683c,2,/content/aptos2019_raw/train_images/bf7047dc683c.png,PNG,RGB,1736,2416,2347609,valid,,b6353d01fb293be559c24f0a4af6975f1fc1d4f19ebf05cb8cb34b4475766124,train
bf7221a016b5,0,/content/aptos2019_raw/train_images/bf7221a016b5.png,PNG,RGB,1958,2588,5660965,valid,,d5c1a943c32e1712f33502a24f45d7aa382d362187facefb2fb0f5f1d9d3d94e,train
bf7b4eae7ad0,0,/content/aptos2019_raw/train_images/bf7b4eae7ad0.png,PNG,RGB,1050,1050,1010607,valid,,1462b36dc2f2f5515042f401ddf6ced300a23ef23f707cee0fd1702bad95bdd6,train
bf8092e4001d,3,/content/aptos2019_raw/train_images/bf8092e4001d.png,PNG,RGB,1944,2896,5073231,valid,,2acd8251830141fed2f1d1438cb015c0162062ec120014d55a5dd414b8b460b5,train
bf811911acf9,0,/content/aptos2019_raw/train_images/bf811911acf9.png,PNG,RGB,1050,1050,1058533,valid,,691c9ce71d59cca3151147acf657225dac8859d779b8fcdc6e97cc22b12b92b4,validation
bf87aedf2489,0,/content/aptos2019_raw/train_images/bf87aedf2489.png,PNG,RGB,1050,1050,971241,valid,,3938bea92507d3c923fbfa93885b1bf7e8498b1e7a21f716d84d0c4d1020926b,validation
bf9cba745efc,2,/content/aptos2019_raw/train_images/bf9cba745efc.png,PNG,RGB,1050,1050,933056,valid,,5464926308ce7c8222ee0ea09232afe864d053c8f84272a32c45ffc0c989030e,train
bfa30ebf63a8,0,/content/aptos2019_raw/train_images/bfa30ebf63a8.png,PNG,RGB,1050,1050,1061797,valid,,46134cbb619a5d6e893370fff0f3333d90a54766e132d313d2db461d745b2429,train
bfaa0080ab61,2,/content/aptos2019_raw/train_images/bfaa0080ab61.png,PNG,RGB,1736,2416,2133945,valid,,7780416dc709f9dd6a9b0a549b6b54e9f9a2d68bc585d7e8d06bbbc3879ab58d,train
bfb578c0e8d8,0,/content/aptos2019_raw/train_images/bfb578c0e8d8.png,PNG,RGB,1958,2588,5374800,valid,,fd1a1a2f50f69d9d3f9f3e6c94fe42cc47a578893d68d1e418166efb354deb8a,train
bfd5c0e55420,2,/content/aptos2019_raw/train_images/bfd5c0e55420.png,PNG,RGB,2136,3216,3212225,valid,,46f8a2642bc552d452548133f0846bf034f1bcf884bf2eb94961d79572e40302,test
bfda2fd0533a,2,/content/aptos2019_raw/train_images/bfda2fd0533a.png,PNG,RGB,1736,2416,2374587,valid,,193b6bab09048f643cf0984106f32b9e577f28f1c95a07634a1b069fe7076eca,train
bfdee9be1f1d,4,/content/aptos2019_raw/train_images/bfdee9be1f1d.png,PNG,RGB,1958,2588,5102217,valid,,b15bf9b6c75acbdfdc22002397cdf7df5ee71a12c2bb64dc0b3cf08b3ba4942d,train
bfe467b7e997,2,/content/aptos2019_raw/train_images/bfe467b7e997.png,PNG,RGB,2136,3216,2110782,valid,,4a3a3aa39d6c44cf84914bbf24b20a4949ea8aa6896dce255a0161708ad46b63,train
bfefa7344e7d,4,/content/aptos2019_raw/train_images/bfefa7344e7d.png,PNG,RGB,1050,1050,975016,valid,,8caea9d4946601483e37ee38dfe32b0e49ca8a3caadb394e44ca1381e1e5cee5,test
bff51afc76d4,0,/content/aptos2019_raw/train_images/bff51afc76d4.png,PNG,RGB,1958,2588,5530421,valid,,e430e0bd48f71e00c4b3b408e1966a54413da6b5c571521ff3382cd566d0358a,train
bffca6eeb2bf,0,/content/aptos2019_raw/train_images/bffca6eeb2bf.png,PNG,RGB,1050,1050,963075,valid,,6a519ba4fa84210eb7a85e5d1d47ffd47c9847bffe2e62ff715b1b01a3a95bb7,train
c013e869acce,0,/content/aptos2019_raw/train_images/c013e869acce.png,PNG,RGB,1536,2048,1913502,valid,,47d7b86df1baf1d7daab15881d2f6c5b3b92826ddffb4dede33a165bfaaebb26,train
c01eae4b4939,4,/content/aptos2019_raw/train_images/c01eae4b4939.png,PNG,RGB,2848,4288,5774457,valid,,2939aade81bdc7d95f66eb48c64c1ecd4d17ac23580563d897d0954a66d61884,validation
c0202976c670,2,/content/aptos2019_raw/train_images/c0202976c670.png,PNG,RGB,2588,3388,7223414,valid,,829ebb51dafa110b5d785bbc4cd5784b8b4b752b799c936856fbaaf848c4c7f3,train
c027e5482e8c,1,/content/aptos2019_raw/train_images/c027e5482e8c.png,PNG,RGB,1736,2416,1758561,valid,,6fb6e9d33a477471fe4ddc5ce9e92e991ddfb7a58297eecefb017ec1f51e4610,train
c05b7b4c22fe,2,/content/aptos2019_raw/train_images/c05b7b4c22fe.png,PNG,RGB,2136,3216,5656638,valid,,77b20d392381534e9fe3ab128260be2db4fbc097e70a096be06aa15e6dbf6eb8,train
c06024f05a16,0,/content/aptos2019_raw/train_images/c06024f05a16.png,PNG,RGB,1050,1050,1074208,valid,,bf3353656b1b632033d896e6ec9c421c4953c6ceb99147d6b9eaa26a617977ef,train
c096131ad065,0,/content/aptos2019_raw/train_images/c096131ad065.png,PNG,RGB,1050,1050,918221,valid,,ab33f77a5589378ee6edb93cc2b4930d46a69ed2f55530aa6410fbfa57b724d2,train
c0968d41eb93,1,/content/aptos2019_raw/train_images/c0968d41eb93.png,PNG,RGB,1736,2416,2166321,valid,,fe6c304b2a5abd92bbfadcb5e480591f7125a1cf178759ee8ba4b9aaeabe4159,train
c0a0828e01b4,3,/content/aptos2019_raw/train_images/c0a0828e01b4.png,PNG,RGB,2136,3216,2871786,valid,,e4b6f12182b3ed37d3dcb92615c848d3a54393850d388b62b7f51d6d7eca76ca,train
c0a117de7d0a,0,/content/aptos2019_raw/train_images/c0a117de7d0a.png,PNG,RGB,1536,2048,1941306,valid,,487db999982acd2ed2897516053b61c468ac22ce99e3e262e400762d184463e8,train
c0e15e8e2b46,1,/content/aptos2019_raw/train_images/c0e15e8e2b46.png,PNG,RGB,1958,2588,2980956,valid,,c5d3db457fc2f16a12fa4feeace41a202eadcb60b3c9b4454cf6e9e8e7acd49b,train
c0e509786f7f,4,/content/aptos2019_raw/train_images/c0e509786f7f.png,PNG,RGB,2136,3216,6269673,valid,,c00a21ec45f9e8cec7b81c2d49f651bd39cd96fdc349f596ae8ae9e25dcc2628,test
c0f15fe3b4b7,1,/content/aptos2019_raw/train_images/c0f15fe3b4b7.png,PNG,RGB,2848,4288,5493596,valid,,9a526d57a992d5628f891c1bb000d39d8c05a3099a798253db245254eb75cffa,train
c102db7634d8,1,/content/aptos2019_raw/train_images/c102db7634d8.png,PNG,RGB,2848,4288,4788612,valid,,d0a91c25faeb225a05665ade001f3b6490fcc5aa06d51326ba523e025d1e698a,train
c12e9ca420a5,0,/content/aptos2019_raw/train_images/c12e9ca420a5.png,PNG,RGB,1536,2048,1939812,valid,,6989d4d9527300df66ec038dfd85add851161ba273820b368bad1170762d097e,train
c1437a7a52c9,0,/content/aptos2019_raw/train_images/c1437a7a52c9.png,PNG,RGB,1958,2588,5446893,valid,,cccf8a61f53b14be4da11ce933fa653111a314d30154bc6a2dc62aefc7ff1b21,validation
c1799a6f5c65,4,/content/aptos2019_raw/train_images/c1799a6f5c65.png,PNG,RGB,1736,2416,2237520,valid,,2298e42a911d6d4e79d31024ae09fa2cff7eccd8618678d11ac49a51704877bc,train
c1819db0aece,0,/content/aptos2019_raw/train_images/c1819db0aece.png,PNG,RGB,1050,1050,973351,valid,,58bb4d71d4408a752a17fee027a711d10595118a0eeca2bcb7eb2b631fe8300f,train
c1896142a20a,4,/content/aptos2019_raw/train_images/c1896142a20a.png,PNG,RGB,1958,2588,5339037,valid,,ae66b2334df0b68193a1d415794f56d240a17f0655b08c9685298595bce47636,train
c18a006f7f1d,0,/content/aptos2019_raw/train_images/c18a006f7f1d.png,PNG,RGB,1050,1050,1035232,valid,,58851ae4c69ac64f27cb3a26fb8127e3eebaab088856d43fa3fc991b5d98ec2b,train
c1c8550508e0,2,/content/aptos2019_raw/train_images/c1c8550508e0.png,PNG,RGB,2136,3216,5851912,valid,,4547bb9d92ece2e9d87317ebc6e91f5f9a2396f8a866b3bb672c93bcc58a3d27,train
c1e6fa1ad314,1,/content/aptos2019_raw/train_images/c1e6fa1ad314.png,PNG,RGB,1736,2416,2438832,valid,,72bc9d2dd4373906be413b87f1dbbc4f3d43ed00eaa92f110885d4332f5f1d34,train
c1ebe785503a,1,/content/aptos2019_raw/train_images/c1ebe785503a.png,PNG,RGB,1736,2416,1996276,valid,,a7af539500d9c345e055740fbff05b2a440f4b4ed100ef8dcceacd781105d008,validation
c21eb81de9fc,0,/content/aptos2019_raw/train_images/c21eb81de9fc.png,PNG,RGB,614,819,316825,valid,,590a6e14999e4db0a0c6c67f737379201c0f8ea9b8d32612b555cd90af659792,train
c23ff6dcf15e,0,/content/aptos2019_raw/train_images/c23ff6dcf15e.png,PNG,RGB,1536,2048,1941514,valid,,dfa75ca22faceb9af18aa4b176103eb5f5af2e2bb7c1e90468d65f00fc98f58e,validation
c24bcf7a1bc4,0,/content/aptos2019_raw/train_images/c24bcf7a1bc4.png,PNG,RGB,1050,1050,989910,valid,,f456c5acee7ce7f79d2fcf1148d51c812f1939969b7d237baf0db64169278c13,train
c252da9b41d8,2,/content/aptos2019_raw/train_images/c252da9b41d8.png,PNG,RGB,2136,3216,3224750,valid,,9ba5ad61c5d8f36d07300682f3614017a8a4615f782f43f1f7c61cce4d4db339,validation
c25e02b39c01,0,/content/aptos2019_raw/train_images/c25e02b39c01.png,PNG,RGB,1050,1050,1010838,valid,,8536733581ba4a6e7d2a61af0d848f29230058199d1c19999e905cea25354009,train
c261b1aaa828,2,/content/aptos2019_raw/train_images/c261b1aaa828.png,PNG,RGB,1736,2416,2332413,valid,,0deacbf1b1c0dd04c3d963aa6eed6e433029727c8ed07ea33b0edada38fc50a6,train
c26f98f58350,0,/content/aptos2019_raw/train_images/c26f98f58350.png,PNG,RGB,1536,2048,1871909,valid,,c396527a46e152a5f27b18e5f4a2821d2a2d845fa4eb73211a96882b7217a118,validation
c280730cc211,2,/content/aptos2019_raw/train_images/c280730cc211.png,PNG,RGB,1736,2416,2356205,valid,,7f4ea07772357144f52cc5c9e4ebbffa8f0642430393f28e84280f49debf4ba2,train
c2a58b2cfd0b,0,/content/aptos2019_raw/train_images/c2a58b2cfd0b.png,PNG,RGB,1050,1050,877842,valid,,2abdfb820d3db3e04d707a69b3d5ffb0099f0aa204410705b73ef133071ceb23,train
c2d2b4f536da,2,/content/aptos2019_raw/train_images/c2d2b4f536da.png,PNG,RGB,2136,3216,5703399,valid,,e7a76ef989a82224362185b93c26ff64f49154d246743ccf3831cbdd0557b0b9,train
c2f3281cf528,0,/content/aptos2019_raw/train_images/c2f3281cf528.png,PNG,RGB,1050,1050,998306,valid,,e89f5e935d599b9718d12ca7484668018487eacd61ef93db070f563c3859e246,test
c31651ea04c6,3,/content/aptos2019_raw/train_images/c31651ea04c6.png,PNG,RGB,1958,2588,4641788,valid,,77996a8aed3f6aea2dca0a34e73d5241db12059c1aad3f41498480e031bfbcda,train
c334f8688b77,0,/content/aptos2019_raw/train_images/c334f8688b77.png,PNG,RGB,1050,1050,1039238,valid,,5cc098a77fbb0630068a6d0187d0c10ebba759a1a5a3057a9f233c1336fda26b,train
c365c598ad4e,0,/content/aptos2019_raw/train_images/c365c598ad4e.png,PNG,RGB,1050,1050,864404,valid,,3c54536f732412a1d7c9d41f6ccb973a1b6e280e8d8528d25a4a6840ef1145da,train
c373b73a80c8,0,/content/aptos2019_raw/train_images/c373b73a80c8.png,PNG,RGB,1536,2048,1937095,valid,,34bb6b54ee6f0a40bd1b3507900a737107bd9205d9b9eb0242b1c7c520dde0f8,train
c3789c1dab96,0,/content/aptos2019_raw/train_images/c3789c1dab96.png,PNG,RGB,614,819,282920,valid,,6028767a9f4e1a7caa69d0a913099cceb53ce123c40560db765931542fac36d9,train
c38dec54a9f7,0,/content/aptos2019_raw/train_images/c38dec54a9f7.png,PNG,RGB,1050,1050,1024292,valid,,0554222fbbb232b292903a76f83a406be7349e23eb8b1f8921cad04abd87a493,train
c3a82acb7d7a,3,/content/aptos2019_raw/train_images/c3a82acb7d7a.png,PNG,RGB,2136,3216,3468069,valid,,a0bfcc6ba49062211b22bfca0a6501bdd4ee971774dcfce83a3f336d28f4a73a,test
c3aa424eff9a,0,/content/aptos2019_raw/train_images/c3aa424eff9a.png,PNG,RGB,1536,2048,1792619,valid,,4d5066b36892c7b20916b2630a416a65e9240dacd41c16c4f58b3921c49e46d5,test
c3acf47700ea,2,/content/aptos2019_raw/train_images/c3acf47700ea.png,PNG,RGB,2588,3388,7497017,valid,,b66eff6f69625df5bfb763183f59c41455676e489b4bd0d091300365de2f1d82,train
c3b15bf9b4bc,0,/content/aptos2019_raw/train_images/c3b15bf9b4bc.png,PNG,RGB,1536,2048,1936950,valid,,bd5d3b6d40b81a244187574f04d19f51cab61ae0777d0da869848d055acb4916,train
c3c8fdda50c0,0,/content/aptos2019_raw/train_images/c3c8fdda50c0.png,PNG,RGB,1050,1050,929965,valid,,db35857abc64b0709f336e3bacf1ec9c94adfb91db100e2a419014d216736f75,train
c3cd0200df79,3,/content/aptos2019_raw/train_images/c3cd0200df79.png,PNG,RGB,1958,2588,4003772,valid,,e609db287dd4e64d6b0a967a078c23a1e2191926d09da6795dfffe42478ca95f,train
c3d12a23f451,4,/content/aptos2019_raw/train_images/c3d12a23f451.png,PNG,RGB,1958,2588,5372890,valid,,cbdf143d353aa2d0a6b9614c8c93e41e124b7386983e9ed2d693f19674373a1b,train
c3e02d4a1798,2,/content/aptos2019_raw/train_images/c3e02d4a1798.png,PNG,RGB,2136,3216,2985891,valid,,23d69836627995546c5b4a8d483ca4a4431306f25f0bb23839b4b61df4c73691,train
c406325360b1,2,/content/aptos2019_raw/train_images/c406325360b1.png,PNG,RGB,1050,1050,842676,valid,,c7d887e876d6e8b303f75fdb09c3fd77a24b9454c668dba0a169788baec070ec,train
c40976189f22,1,/content/aptos2019_raw/train_images/c40976189f22.png,PNG,RGB,1736,2416,2401602,valid,,9aac09f3803d7ab4b0c16e16e4c193e95fa96ac688d1b9df2c3517dce2d2646b,train
c446985355f1,0,/content/aptos2019_raw/train_images/c446985355f1.png,PNG,RGB,1050,1050,950564,valid,,dda79cd74279c33c2c5875d8588ab78a8ae84cacc51823c80b84a71a7e6b3f68,test
c48ae5da188e,2,/content/aptos2019_raw/train_images/c48ae5da188e.png,PNG,RGB,2588,3388,3690295,valid,,bc651f24fd3423aa438607bde95c16d00acf40829b9dc894912a9cc1696e4e6f,train
c4a8f2fcf6e8,1,/content/aptos2019_raw/train_images/c4a8f2fcf6e8.png,PNG,RGB,1736,2416,2233151,valid,,d68caf61766ad869d3c01824b9258de1a559112c61ffc485fded20845a4f8689,train
c4aef0d88d1b,0,/content/aptos2019_raw/train_images/c4aef0d88d1b.png,PNG,RGB,1050,1050,876610,valid,,4d7a462a51fa9dc217c37e3194cf6f9c8dc0b91e1ce5f5a1f1c5dde45e93aeda,validation
c4e8b1ec8893,2,/content/aptos2019_raw/train_images/c4e8b1ec8893.png,PNG,RGB,1050,1050,822539,valid,,4cb189a289f4006abadb95a9fcec1666fbfa80ee0116ea57d27b63f205ee4266,train
c52bb7343387,2,/content/aptos2019_raw/train_images/c52bb7343387.png,PNG,RGB,2136,3216,2918998,valid,,0140125ca1fbac441be6a56f41f75564e4c9cd7add84a818738c127301f965ee,train
c5431b81cbc9,2,/content/aptos2019_raw/train_images/c5431b81cbc9.png,PNG,RGB,1958,2588,5513743,valid,,979c8836eab0ffb40070a13f0c4c935e54b6aab1f456132b94ba474899fd2b9d,test
c561bcd519e9,2,/content/aptos2019_raw/train_images/c561bcd519e9.png,PNG,RGB,1736,2416,2273644,valid,,5fae9618dc3dfb31d23ed5e92e51aa59c54e3b9942061093cea2464d8abdb316,train
c56293f53191,0,/content/aptos2019_raw/train_images/c56293f53191.png,PNG,RGB,1050,1050,965249,valid,,72eba2e7bac54835c5204e456384c62f430f7265cebd59c84e4b385a5e528e85,train
c568e5245ea5,2,/content/aptos2019_raw/train_images/c568e5245ea5.png,PNG,RGB,1736,2416,2257871,valid,,50ed685a7275abf01b13d2833ed275999de8e04d9cf693a30acb5d00a7c1cab3,validation
c56e65f74187,1,/content/aptos2019_raw/train_images/c56e65f74187.png,PNG,RGB,1958,2588,2857293,valid,,fbebfa54044c053f839d84c1a110039da3cf04266dbc605f41048f30b93c64e8,train
c57c164bca05,0,/content/aptos2019_raw/train_images/c57c164bca05.png,PNG,RGB,1958,2588,5290535,valid,,cf362d91a0d6282254eb81605b1afe0cc4e76d1949a5131809c58386fab87d43,train
c58971bcebb2,0,/content/aptos2019_raw/train_images/c58971bcebb2.png,PNG,RGB,1958,2588,5076115,valid,,134f65f02f74858a1a46fa39fc0fc663c9dfab3c960a2081c06fb431ba77204d,train
c58e5c0c5b33,0,/content/aptos2019_raw/train_images/c58e5c0c5b33.png,PNG,RGB,1050,1050,1039015,valid,,865903799c96688e4020ad56925d1f93eed8100c3f0b51889914a303099a22c8,test
c597ef460944,0,/content/aptos2019_raw/train_images/c597ef460944.png,PNG,RGB,1958,2588,5465446,valid,,36d8928d93efe6ec00c73a1fd5cddd6fa75ef4a9efb83875fd3d5c87472db4ba,train
c5a0e84e955d,0,/content/aptos2019_raw/train_images/c5a0e84e955d.png,PNG,RGB,1536,2048,1763581,valid,,800c363c3611b175ba0928d7ffba7b3d72cd7b1e15e2c3be0e6acb70a9230983,train
c5a6f432a1ec,0,/content/aptos2019_raw/train_images/c5a6f432a1ec.png,PNG,RGB,614,819,285044,valid,,97e7b7d96132e42b61163d8d673c6e391c1f2bfe5cdd56c9cefd67e8668f3f4e,train
c5a9ebef1517,3,/content/aptos2019_raw/train_images/c5a9ebef1517.png,PNG,RGB,1958,2588,5570527,valid,,34fd00ebc0cb5f62954ee7ded73741f3700bbc561be9f8f2b0a1ded989811db0,train
c5ad60521f8c,2,/content/aptos2019_raw/train_images/c5ad60521f8c.png,PNG,RGB,1000,1504,728312,valid,,5a5177d19798886a934deb2dba8728706b306d356e50d9b689a613d43b2a2dc4,train
c5b58cc992af,0,/content/aptos2019_raw/train_images/c5b58cc992af.png,PNG,RGB,614,819,296621,valid,,cc8102982bc1f23741e36aa4efa5c16d781e68df99972173953662b161f7f27f,train
c5ba9e455d5e,3,/content/aptos2019_raw/train_images/c5ba9e455d5e.png,PNG,RGB,2136,3216,2962232,valid,,42add32dd09ed2275e1be8063f7cdd64313260cada64226165faa70c62ebc15f,train
c5bec7f1e5f3,0,/content/aptos2019_raw/train_images/c5bec7f1e5f3.png,PNG,RGB,1050,1050,916825,valid,,094a4bb9f113dbe2ea85497556af93421a88f2329fea6577b0d96df495a25b20,train
c5e238aa18be,4,/content/aptos2019_raw/train_images/c5e238aa18be.png,PNG,RGB,1736,2416,2406852,valid,,117882e79f829e1046e38c13c55fda9dbd3a2f95c95b039ee8117321eac593d5,validation
c613db1cab27,2,/content/aptos2019_raw/train_images/c613db1cab27.png,PNG,RGB,2136,3216,2154110,valid,,7aa70ebf5abf0d2f5b6950e963d47bd198f7da7894e14a4ec1fc23fbf32108cb,test
c6229222bf22,0,/content/aptos2019_raw/train_images/c6229222bf22.png,PNG,RGB,1050,1050,999226,valid,,0a1b2fef27f30ca701f034bbdd3503d1c7a337eca07ad7639b33722c989bfcf0,train
c62585bd68fb,4,/content/aptos2019_raw/train_images/c62585bd68fb.png,PNG,RGB,1117,1476,1704747,valid,,ef41dcc2c3b1473284c7c749737afd4af734c1f887fccde82f517b9b13b2f8d3,validation
c62cef02efa2,0,/content/aptos2019_raw/train_images/c62cef02efa2.png,PNG,RGB,1050,1050,1056995,valid,,d9abecaa7e3e1b38cde9386c099f5f464f74df149ce82681686ce55ff7906c04,train
c639d837f5e4,0,/content/aptos2019_raw/train_images/c639d837f5e4.png,PNG,RGB,1536,2048,1908961,valid,,e4fe6528784c10725b760533295c7cb9883461ae3331b41e03c1c03d03324c8d,train
c64c0966b4cf,0,/content/aptos2019_raw/train_images/c64c0966b4cf.png,PNG,RGB,1050,1050,967349,valid,,40253c6d6a7643dbd2d63493cecfa8527d5ee8c6402e7e7635c390a57e941fb1,train
c67117c6ab3b,3,/content/aptos2019_raw/train_images/c67117c6ab3b.png,PNG,RGB,1736,2416,1877038,valid,,b95035190a1ddbeca489f552e9266b3a19061edc44c957b8f64ffe9c748e3d83,train
c68dfa021d62,2,/content/aptos2019_raw/train_images/c68dfa021d62.png,PNG,RGB,2136,3216,2141583,valid,,f162e3b4bbaaf2cb51a486ef4ea7bb2f025ec38a3a36e0d42beb586a629e8fa1,train
c6916bc42016,0,/content/aptos2019_raw/train_images/c6916bc42016.png,PNG,RGB,1050,1050,1073569,valid,,6fd1cfe8c6c297abf30c61de11352b7de1eba2675d6e4901ad231f48f32f3160,train
c6a145742708,4,/content/aptos2019_raw/train_images/c6a145742708.png,PNG,RGB,2588,3388,7307332,valid,,2a6a156ebb19727bb0b18b3c0a8a1f70da26df9fa198e8eae90d1a048e459b25,train
c6a2975228af,2,/content/aptos2019_raw/train_images/c6a2975228af.png,PNG,RGB,1958,2588,5097085,valid,,5edb709421f37fe6a6d84fd640a36d37b994660e28310a97a2349e554fe5ae04,train
c6a8f8f998a2,0,/content/aptos2019_raw/train_images/c6a8f8f998a2.png,PNG,RGB,1050,1050,963173,valid,,89c9cd95aa63f6f4a9bfa3d0a29f7aaa2ce6cc12086638aa05260332669c033c,train
c6c2bad91f23,2,/content/aptos2019_raw/train_images/c6c2bad91f23.png,PNG,RGB,2136,3216,2830659,valid,,bab7200435f30969ff937af65cd48c6d51e813179b803b335a4bd45a71ec9f74,validation
c6d4e4a3bd4c,0,/content/aptos2019_raw/train_images/c6d4e4a3bd4c.png,PNG,RGB,1050,1050,898563,valid,,0c5d03d519c730284c0c860ab3648837b80afe4f96897abe93f702001404fc02,train
c6e1e9fbf39b,2,/content/aptos2019_raw/train_images/c6e1e9fbf39b.png,PNG,RGB,1736,2416,2316839,valid,,6d493cd1e7eded7bb1a31b7f2588ccb9c2c1554312cb6b9420124ee76a89f6b0,test
c6f5b5b5be41,0,/content/aptos2019_raw/train_images/c6f5b5b5be41.png,PNG,RGB,1050,1050,1037056,valid,,172897345ac998e1e0b89b04a3eae3113bcb8f5d0c79b667bed8986fac4ab875,train
c704bd669f36,0,/content/aptos2019_raw/train_images/c704bd669f36.png,PNG,RGB,1050,1050,1065898,valid,,a4b8399e097ae1314af9e16eefca0d669af9a72a960d27937761cc666b6773d4,validation
c70d09370109,2,/content/aptos2019_raw/train_images/c70d09370109.png,PNG,RGB,1050,1050,887983,valid,,03b0450f2da49917346687e7529b2e32c08f476213874b6f867d077d84e6d7e6,train
c739ff9580d3,1,/content/aptos2019_raw/train_images/c739ff9580d3.png,PNG,RGB,1736,2416,2333715,valid,,a41cdd65a5ce86efdfc8f1362cc4546f8911bcd857395d0f69373a65c1f6d489,train
c73c5f6ef664,2,/content/aptos2019_raw/train_images/c73c5f6ef664.png,PNG,RGB,2136,3216,2055717,valid,,9dfca5e926a4aa4bc2dc118f62090adbfc2364154f4d91bf7a857c800a70f0c6,train
c755a0c4edcc,0,/content/aptos2019_raw/train_images/c755a0c4edcc.png,PNG,RGB,1536,2048,1912624,valid,,3db5463e42b745492f0825067de993020c127cab4ada3d6c3aaca03d67e98b56,train
c76664770c07,3,/content/aptos2019_raw/train_images/c76664770c07.png,PNG,RGB,1958,2588,5258579,valid,,98f789ec6af5fe5552d84ddc5a6f62e36432187d57cc866862f5127155f5ef46,train
c7b622ec8104,1,/content/aptos2019_raw/train_images/c7b622ec8104.png,PNG,RGB,1736,2416,1976728,valid,,f44b896404ab62e541548bc2217f68b42ffbef34cc0955ae8c3c56805727a515,test
c7c0470bcf87,2,/content/aptos2019_raw/train_images/c7c0470bcf87.png,PNG,RGB,1958,2588,5096117,valid,,5e71dcc6518822e41904ea0b4f4253905ab7bfa7b3e2139dea96aed148514b24,validation
c7c3d363bc86,0,/content/aptos2019_raw/train_images/c7c3d363bc86.png,PNG,RGB,1958,2588,5683265,valid,,57c22f18247fb8ff7f5ea2732f5bb3f9a0d50f4ab2253c79e76ddd0feb770d3a,train
c7d0deb71576,0,/content/aptos2019_raw/train_images/c7d0deb71576.png,PNG,RGB,1050,1050,962184,valid,,955f4b6a8021b6a431cd8fed8dbfce6c7abade7710bf809e3132686c3ea3f90a,train
c7e827fc7f41,2,/content/aptos2019_raw/train_images/c7e827fc7f41.png,PNG,RGB,1736,2416,2364227,valid,,2ab7aed60f1b1a2008a844ded0484d527cd63e9d2a68e75b19dc07afc338d035,validation
c80b0f27541a,0,/content/aptos2019_raw/train_images/c80b0f27541a.png,PNG,RGB,1958,2588,5298492,valid,,ec6e572f17cd770ff879e346511032509920429f669f4d0ad07020ce07e6065f,train
c80f79579fed,2,/content/aptos2019_raw/train_images/c80f79579fed.png,PNG,RGB,2136,3216,2990086,valid,,ecc793c014acb97a6bf7ee62572a4fbf152b1cf937866055d9ee9bb81a3c1993,validation
c81c6911f5e0,0,/content/aptos2019_raw/train_images/c81c6911f5e0.png,PNG,RGB,1050,1050,1021099,valid,,eebf556df6793825c5087a158a5afb4d25f6024c13fdb56b0b528aee01045a41,validation
c85b79d70079,0,/content/aptos2019_raw/train_images/c85b79d70079.png,PNG,RGB,1958,2588,5205179,valid,,68f2580a8070b16f1e3d99c7922cf87f9b4bc83c0e123cc68aecd47eef7bc90d,validation
c87493ed320c,2,/content/aptos2019_raw/train_images/c87493ed320c.png,PNG,RGB,2136,3216,2489415,valid,,3d3951b5bf705eb469f37c597f9da5df77c06f3877f3e0579b2679dcde7528a4,train
c8823cdaf7fa,2,/content/aptos2019_raw/train_images/c8823cdaf7fa.png,PNG,RGB,2136,3216,2551804,valid,,026a87e3c229a1dda32aba1f58edd7cf1f30763715336a461e6894283d7bf09b,train
c8905b8d5cf1,2,/content/aptos2019_raw/train_images/c8905b8d5cf1.png,PNG,RGB,1958,2588,5228819,valid,,e2110400adb0fdc7e965ed5dad071cfaa176ed1441b5f64a9039d4d769cc99fa,test
c8a3eb9a5b52,2,/content/aptos2019_raw/train_images/c8a3eb9a5b52.png,PNG,RGB,2136,3216,2948038,valid,,b095774068952c397bba40d9d26e80e54eebecd8014ae92c57d8a1d30914679b,train
c8d2d32f7f29,4,/content/aptos2019_raw/train_images/c8d2d32f7f29.png,PNG,RGB,2136,3216,5966646,valid,,1b9d6d881958f947f4a4b5bcb0a74dc96e6be8b32e6dd16d75a10427f3d22f2a,test
c8fc0df22999,1,/content/aptos2019_raw/train_images/c8fc0df22999.png,PNG,RGB,1736,2416,2181049,valid,,27c4e0402f1e3ea3155d7d97261d69c1f2d1582738ae99dd222e5ea002b0ce0d,train
c90c6b94cf40,0,/content/aptos2019_raw/train_images/c90c6b94cf40.png,PNG,RGB,614,819,287377,valid,,dcaa3c7e28a8e8ac259ab9b46a2e520220e54dfef6d8dd2c1f210f03de0053cf,train
c947bb6cf9f6,0,/content/aptos2019_raw/train_images/c947bb6cf9f6.png,PNG,RGB,1536,2048,1913121,valid,,039f55609b371dcf3b9286beccbd4a6a28f396b9c972a4a37c509d0dcc27ce71,validation
c9485c38fdd5,1,/content/aptos2019_raw/train_images/c9485c38fdd5.png,PNG,RGB,1736,2416,2291833,valid,,9c9c92452f897e22f99d2dbe049416bea91a10afa6f5da33e5e65bbb13e66fe6,train
c94f37085d0f,0,/content/aptos2019_raw/train_images/c94f37085d0f.png,PNG,RGB,1050,1050,900873,valid,,164b1a43d0818210eb4ae803b2f0840cbd417f6bed2f411a396e461680a69103,test
c96f743915b5,1,/content/aptos2019_raw/train_images/c96f743915b5.png,PNG,RGB,1736,2416,1893500,valid,,34ece8dff2f86541b137377e95bd3356d37d6dee5f23688a926bf18bb97da800,train
c97472ef2c66,0,/content/aptos2019_raw/train_images/c97472ef2c66.png,PNG,RGB,614,819,315192,valid,,c2d21f3081b92249d4c16f1eae7ebe62384209d418647ed9fd7e01df2c848e37,train
c98f623d08d1,0,/content/aptos2019_raw/train_images/c98f623d08d1.png,PNG,RGB,1050,1050,963877,valid,,a4145f39bee0616ce4ac3e00c9cc7f1a5e21fbb927fde933df43286c77a64612,train
c9c563864ab1,0,/content/aptos2019_raw/train_images/c9c563864ab1.png,PNG,RGB,1536,2048,1933168,valid,,5800a8847d6b3bf3650177b5de1305a70cde106fa8341cde28bf6a7a703d6851,validation
c9d42d7534e0,2,/content/aptos2019_raw/train_images/c9d42d7534e0.png,PNG,RGB,1736,2416,2457347,valid,,f6ac08b900ee7932aebc8c847b2e89c45a747b176fc427756a8fec3d630071dc,test
c9e697117f3f,0,/content/aptos2019_raw/train_images/c9e697117f3f.png,PNG,RGB,1050,1050,992059,valid,,4cb17345569e12ed9bcbd0a313f66ac1cde55d60f43e4d04c0bdf6f4337ae53a,train
c9ea9d5eab65,3,/content/aptos2019_raw/train_images/c9ea9d5eab65.png,PNG,RGB,1736,2416,2398569,valid,,a076b9a4f517b1c0971f8f8aa456c692b8b684fc7a2851c1fbd2c18f89317ad5,test
c9f0dc2c8b43,2,/content/aptos2019_raw/train_images/c9f0dc2c8b43.png,PNG,RGB,1000,1504,1514791,valid,,3703aa4ead58479ac8d6858751690ab021f2c56397cd19eae5e62afd08443481,train
ca05f7e7801b,0,/content/aptos2019_raw/train_images/ca05f7e7801b.png,PNG,RGB,1050,1050,927700,valid,,d56607f9f6cd064406836bb579f5269bf1029c0b7389ca70bcee6e1ab88cc135,validation
ca0f1a17c8e5,2,/content/aptos2019_raw/train_images/ca0f1a17c8e5.png,PNG,RGB,1000,1504,1384653,valid,,5c7c138b047238279a85d81a537d862fe09b829ba824fe8226132ae39cf57cc3,train
ca1036496659,1,/content/aptos2019_raw/train_images/ca1036496659.png,PNG,RGB,1226,1844,931537,valid,,573610c0bc51e475f2d835d0065d0576fa59478ebbe331d0b82d30d56747da67,validation
ca25745942b0,1,/content/aptos2019_raw/train_images/ca25745942b0.png,PNG,RGB,1736,2416,2021665,valid,,3d6fdd75712fd08b0b19d531092186a315ea7b7876801b43c3699e9ac23a956f,train
ca2b54b95ade,0,/content/aptos2019_raw/train_images/ca2b54b95ade.png,PNG,RGB,1050,1050,997336,valid,,24b2cbbaf03aeb1cf65b503890842ab827bcfb28f87e4db5f2705a79a06f43d1,train
ca30a97e9d13,1,/content/aptos2019_raw/train_images/ca30a97e9d13.png,PNG,RGB,1958,2588,3365195,valid,,a0990afc80550258b0077cbb507ad4f184aed89c4ee03bb627335950bc9455c7,train
ca360bec5851,2,/content/aptos2019_raw/train_images/ca360bec5851.png,PNG,RGB,2136,3216,2979990,valid,,e06f7e85c989d94e18d2e88da600199267e17be91373b0269d2223e702aca3c3,train
ca63fe4f4b52,1,/content/aptos2019_raw/train_images/ca63fe4f4b52.png,PNG,RGB,1736,2416,1898392,valid,,0f3af8e91b870f0fc07232dd095f54cb2686d5421d765a18013ba0d3754008db,test
ca6842bfcbc9,1,/content/aptos2019_raw/train_images/ca6842bfcbc9.png,PNG,RGB,1736,2416,1758561,valid,,6fb6e9d33a477471fe4ddc5ce9e92e991ddfb7a58297eecefb017ec1f51e4610,train
ca7140ecf389,1,/content/aptos2019_raw/train_images/ca7140ecf389.png,PNG,RGB,1736,2416,2328404,valid,,bb7dbec4c0e148e75c7adadb882eb0c47a8fbaca0d7a59f885a075393ef7d5c4,train
ca7570c5925c,2,/content/aptos2019_raw/train_images/ca7570c5925c.png,PNG,RGB,1736,2416,2085690,valid,,6ab5455888164a6407959fd33cf4609eefcb91db978a7f0a263e40a8edcc93c8,train
ca7f5caddf96,2,/content/aptos2019_raw/train_images/ca7f5caddf96.png,PNG,RGB,1958,2588,5156804,valid,,a82bfca7139f0a7683ba3acb2f6b4ec6a056871d8a24fd2178029a1ceb5b8399,train
ca891d37a43c,2,/content/aptos2019_raw/train_images/ca891d37a43c.png,PNG,RGB,1000,1504,1323024,valid,,c615565a03854d2f2151f992fa40e6a8def6ba1423aa63f0a0293d21b44c9eb6,train
ca9c912ebad7,2,/content/aptos2019_raw/train_images/ca9c912ebad7.png,PNG,RGB,2136,3216,1769245,valid,,4f17782ef996aa20262cbfffccaac06da3e2a8a4e234a31ebc31603899a84b6f,validation
cab3dfa7962d,1,/content/aptos2019_raw/train_images/cab3dfa7962d.png,PNG,RGB,1736,2416,2008135,valid,,fc35e61b9b73ef1e67d21d70d9c211441e8658602a80afda9311508af2936cae,train
cac40227d3b2,2,/content/aptos2019_raw/train_images/cac40227d3b2.png,PNG,RGB,1000,1504,1372778,valid,,47e220576dcc1bb3834840debb715c97f244bd50fd530b7f4ec43ac5defe4059,train
cac80797770f,2,/content/aptos2019_raw/train_images/cac80797770f.png,PNG,RGB,1958,2588,4181053,valid,,e05126c647ca8e80c2ca574201b6b869a0535736b2c1362101bf5b040c5befd4,test
cad5b1a82e60,0,/content/aptos2019_raw/train_images/cad5b1a82e60.png,PNG,RGB,1536,2048,1969955,valid,,70bd5bb92e103f14feb46e4be946a87069e472ceeb0ba3d4a80d5e6973500a23,validation
cadde4030858,0,/content/aptos2019_raw/train_images/cadde4030858.png,PNG,RGB,1050,1050,1014440,valid,,f2769d349edee2598ac65878596e40e94ba7a7067d78243ad141748eb7419c11,train
cae33655ca00,0,/content/aptos2019_raw/train_images/cae33655ca00.png,PNG,RGB,1050,1050,985701,valid,,5866efd90d59fd10a9e7c76f0df3c4b9b544c77ecef3568cb58094b6bf8dcc16,test
cae51154e1ce,1,/content/aptos2019_raw/train_images/cae51154e1ce.png,PNG,RGB,1958,2588,2851842,valid,,2024051cd6aff04a8979940c921221650a934a5581c0efb92f4b96fcb56b22a3,train
caec68f11c86,2,/content/aptos2019_raw/train_images/caec68f11c86.png,PNG,RGB,1050,1050,900689,valid,,66070e1009522a338de01dd8979cbf4da97042d77711672c3d065e3a809fe43a,train
cb02bb47fdc5,0,/content/aptos2019_raw/train_images/cb02bb47fdc5.png,PNG,RGB,1736,2416,2307663,valid,,aaa7f1de0c8c8b535359c42bb89145bcbde7a26d580c6faaac780424e6a77762,train
cb0cc98d7e35,0,/content/aptos2019_raw/train_images/cb0cc98d7e35.png,PNG,RGB,1736,2416,2344199,valid,,dfa70b33c624e96d389fd79ddb0ef6d964a04ebe902a2808fe856f5338de9367,train
cb2201c226d6,0,/content/aptos2019_raw/train_images/cb2201c226d6.png,PNG,RGB,1050,1050,951359,valid,,5858e01a5161a50ab1c67fcde5a8afd4430e7340caa6b223c2f07951245a0eb4,train
cb28adab4e8a,0,/content/aptos2019_raw/train_images/cb28adab4e8a.png,PNG,RGB,614,819,282088,valid,,f56795c2ba63e527a3dbc011e12eedbbcb1415ac8845985078ff73fdea69603b,validation
cb2f3c5d71a7,1,/content/aptos2019_raw/train_images/cb2f3c5d71a7.png,PNG,RGB,1050,1050,872094,valid,,af44a036f138ef9c7adf7229e514cbf7e4139b789e33936eedb3b8156abd90a5,train
cb39761f0712,0,/content/aptos2019_raw/train_images/cb39761f0712.png,PNG,RGB,1050,1050,1071147,valid,,1648beb4075700d942726a19c2a45d9e9bc82f33d877e26ae68191cff4fe2c04,train
cb547e723a16,4,/content/aptos2019_raw/train_images/cb547e723a16.png,PNG,RGB,1736,2416,2432069,valid,,7920a2250d4ddc7ebd9d18b3e85ddf0dfad80360e10654fed3e2eeca192334b7,train
cb602182cde3,2,/content/aptos2019_raw/train_images/cb602182cde3.png,PNG,RGB,480,640,340907,valid,,fde6e4351d358d153ddda53c73662cc62a272c895daa3da28ac9cd479733a653,train
cb68fce07789,0,/content/aptos2019_raw/train_images/cb68fce07789.png,PNG,RGB,1050,1050,1017365,valid,,33c34cf9e0fb3003e20fc9e45805a8fef888431a1a57842f37ac54b48b0e0181,train
cb75210abebe,2,/content/aptos2019_raw/train_images/cb75210abebe.png,PNG,RGB,2136,3216,2649610,valid,,849f082c6234bd00e9e31f1ac23c8973688633e96d794dda8f18f8d2f2bcef5b,validation
cbc23af521f3,0,/content/aptos2019_raw/train_images/cbc23af521f3.png,PNG,RGB,1536,2048,1939972,valid,,44c04c669c0440fa3609615f21c5e1f0a47ebcb3be0ee88c42480350d63b5de3,validation
cbc2e57447c2,2,/content/aptos2019_raw/train_images/cbc2e57447c2.png,PNG,RGB,2136,3216,2447125,valid,,5a92ae39672a493647d343eeed276a9ec51d437161ddd73723636c7b9000ed39,train
cbd0870aa933,4,/content/aptos2019_raw/train_images/cbd0870aa933.png,PNG,RGB,1736,2416,2203849,valid,,6ae0c72e56d4ad9d98ea5a66c256389d60f6372699f0831792e52909e340b6a0,train
cbe633765ea7,0,/content/aptos2019_raw/train_images/cbe633765ea7.png,PNG,RGB,1050,1050,827178,valid,,4215711760f331bb2500aff949d46b18ce6d6fab68a5dede040b3528a516b83e,test
cbf0394039f8,2,/content/aptos2019_raw/train_images/cbf0394039f8.png,PNG,RGB,1736,2416,2018059,valid,,8a51ac15f6e13f5ce3f18a4d512451db4d0f0df48763a57e7de3964cd18d4e27,test
cc12453ea915,1,/content/aptos2019_raw/train_images/cc12453ea915.png,PNG,RGB,1736,2416,2454927,valid,,f8ca883115a4b53528fe20c2c6c8cbbad77f80d4737fb2513770459889a4680f,train
cc1eebed9276,2,/content/aptos2019_raw/train_images/cc1eebed9276.png,PNG,RGB,1736,2416,1958212,valid,,17ee18761713eb920a2fe9bb643ab7099a1089b2f1ae6a2ecaaa19d55880abea,train
cc3d2e961768,4,/content/aptos2019_raw/train_images/cc3d2e961768.png,PNG,RGB,2136,3216,5867250,valid,,2ba9c7c68fad642d300c64e5ec31884efbbfdf08c3f3013b41debf08cfea0370,train
cc671a73e1cb,0,/content/aptos2019_raw/train_images/cc671a73e1cb.png,PNG,RGB,1050,1050,1052184,valid,,163ab7210a94cb053f1570d4c97c5b0ea11cbdf3b168bbf2b7943755d7f33f62,validation
cc839823755b,2,/content/aptos2019_raw/train_images/cc839823755b.png,PNG,RGB,2588,3388,3689070,valid,,54afee5401fbd19d0cd0eb515856b274dd3c7933b4a2fa51853c39ac45f4a60e,train
cc9270f06b65,1,/content/aptos2019_raw/train_images/cc9270f06b65.png,PNG,RGB,1958,2588,4430812,valid,,cc24ffab3f6ecd19436ec2aa1da5be538d2fd31e2c23b04a9e556733a56fe52b,train
cc964bf04dbc,0,/content/aptos2019_raw/train_images/cc964bf04dbc.png,PNG,RGB,1050,1050,1056769,valid,,968142aa60ad2e01bf862c5f309b8b6a3b113f5c0bf67564e4e8348286bca664,test
cca626a0e19a,2,/content/aptos2019_raw/train_images/cca626a0e19a.png,PNG,RGB,1226,1844,847080,valid,,baff68ec3f6e0d12d17eb7e7f2647f2c21f1548c505f6ac85ad1e81bc4bb5fc3,train
ccd34029493d,2,/content/aptos2019_raw/train_images/ccd34029493d.png,PNG,RGB,2136,3216,2855996,valid,,4538e2556b0f624c4b9ba29865715b84633f8a04618ee1dc68b94964ce172879,train
ccd6dcb2f568,0,/content/aptos2019_raw/train_images/ccd6dcb2f568.png,PNG,RGB,1536,2048,1825640,valid,,08c44ae32b4ede5e0f8521c11f3bb9f73fc1722fb83d79ac489e1718fdf9252d,train
ccea49708830,0,/content/aptos2019_raw/train_images/ccea49708830.png,PNG,RGB,1536,2048,1898752,valid,,f3b0614101359fde4d81fda7d6a5ff2758f19d79393cc863c32c2ef2462c444f,train
cd01672507c9,0,/content/aptos2019_raw/train_images/cd01672507c9.png,PNG,RGB,1958,2588,5497051,valid,,a56f1984fc5f75e11cd36bbe94f5605e8771b0e26fb73b8c34da92878572716d,train
cd01f4f83336,0,/content/aptos2019_raw/train_images/cd01f4f83336.png,PNG,RGB,1536,2048,1930770,valid,,ddd703b41fe36d543068386700661cbfed3ab1e271f435a5f64e0263954cc42d,train
cd1c98ec48b1,0,/content/aptos2019_raw/train_images/cd1c98ec48b1.png,PNG,RGB,1050,1050,905201,valid,,111df1ee7fa20f8f9f0bda04c144f13d55b6904637b4890996a1f417f5be7084,train
cd29c88c9e36,2,/content/aptos2019_raw/train_images/cd29c88c9e36.png,PNG,RGB,2136,3216,1599825,valid,,047919e25717f5395fcf0a289ef8b6cdc47d3f58c228a44633a9fda5f2ca5142,train
cd314653a4d8,0,/content/aptos2019_raw/train_images/cd314653a4d8.png,PNG,RGB,1536,2048,1908708,valid,,1ed3fb30d3790f6ff06d8aa1c0054399b6cb0174dd5a5636cec48b6861d1cbb4,train
cd3fd04d72f5,2,/content/aptos2019_raw/train_images/cd3fd04d72f5.png,PNG,RGB,1000,1504,1308118,valid,,8301a7d47dc08e5786ed9854170a67ee6d2e446bf7562a2d6378b67316a33a09,validation
cd45bfa07d41,1,/content/aptos2019_raw/train_images/cd45bfa07d41.png,PNG,RGB,2136,3216,3063857,valid,,0bd4ef59da299c33daf4f64ad776bb220e47d624e348ce2ecfea00b6405446c9,train
cd48cfab4e44,0,/content/aptos2019_raw/train_images/cd48cfab4e44.png,PNG,RGB,1958,2588,3196170,valid,,ae1c528f6c7e35da0a7ec71f9b2f4a5697451ceee43da9b331b33798c07e0c0a,train
cd4e7f9fa1a9,2,/content/aptos2019_raw/train_images/cd4e7f9fa1a9.png,PNG,RGB,1000,1504,1306011,valid,,aaafbd50731dde0e8431d1023d877b45921ef222e1f1c365e977ef97f2d31e54,train
cd54d022e37d,4,/content/aptos2019_raw/train_images/cd54d022e37d.png,PNG,RGB,2136,3216,2923024,valid,,12b82b35df32ddeef6cf379ca656af686d92cf4295f6c1f00faad621f2654b0d,train
cd563556cb57,0,/content/aptos2019_raw/train_images/cd563556cb57.png,PNG,RGB,614,819,357576,valid,,cd23ff7de7cc7a6f0479178d077a6003597bcbb7b3546307b1d1144cbb1dee80,train
cd5714db652d,1,/content/aptos2019_raw/train_images/cd5714db652d.png,PNG,RGB,1736,2416,1990885,valid,,9bfa3ca93f97803f7492c3cb4ab917e33a8c24d62f7f71a3be5a5fb397558299,train
cd66754e1b3b,0,/content/aptos2019_raw/train_images/cd66754e1b3b.png,PNG,RGB,614,819,303831,valid,,ac790905963af133b2667504494a11cf370683242be7d97c87680ff48f8992f7,train
cd8da43e3069,0,/content/aptos2019_raw/train_images/cd8da43e3069.png,PNG,RGB,1050,1050,988721,valid,,59333e8acc947d2761cc42b7f0c42349c69ccfb6180c9d2eb3348f76ef25c6c4,test
cd93a472e5cd,4,/content/aptos2019_raw/train_images/cd93a472e5cd.png,PNG,RGB,1050,1050,913889,valid,,a9a99af1a7bfc2f47115707927d6465965705ea1603cfc9da49de43b58f70d24,train
cd941e5bc659,0,/content/aptos2019_raw/train_images/cd941e5bc659.png,PNG,RGB,1050,1050,901694,valid,,401a88b1a43bf9045c2b8a665e4d68c25c86b36f29eb1644b071af8be433cc80,train
cd972e5639e0,4,/content/aptos2019_raw/train_images/cd972e5639e0.png,PNG,RGB,1958,2588,5308753,valid,,ea81578d60a7faa9a4f599b823d3e80ce6bc2d32c67761ddc890a171b5a8bf24,test
cd9e2190c73f,2,/content/aptos2019_raw/train_images/cd9e2190c73f.png,PNG,RGB,1736,2416,2319997,valid,,9f58947bc84acfc6108296e51582e52c15a9809cd00392f2a74bf94cc2655ba1,train
ce207b69ff37,3,/content/aptos2019_raw/train_images/ce207b69ff37.png,PNG,RGB,2136,3216,3203635,valid,,fc27e6ee365a4031380b99943f929362e5b80479d6e4969632e5e41ae72ee560,train
ce6f33a81ad5,0,/content/aptos2019_raw/train_images/ce6f33a81ad5.png,PNG,RGB,1050,1050,957428,valid,,004a763a071fa657f81ccadf657800c3042758b30e72f9fc07901c88b0111db7,validation
ce754234d760,0,/content/aptos2019_raw/train_images/ce754234d760.png,PNG,RGB,1050,1050,993795,valid,,c08d2dc0632c4d5045e1ff5e5289f561e3c1e2aede4cc3ad02c659a85dd2dc8f,train
ce887b196c23,2,/content/aptos2019_raw/train_images/ce887b196c23.png,PNG,RGB,1000,1504,1310537,valid,,9ea39e07a83a8a1f3da59b158fb11035b3ab078138a02dc1392d2f51ae054653,train
ce8d2efd9d4f,0,/content/aptos2019_raw/train_images/ce8d2efd9d4f.png,PNG,RGB,1050,1050,1032409,valid,,faa00ed56126050f97be7d755a7d986a5d0c14fb8e2a9c72860e3d27e111ac4e,test
ceaa5803d780,2,/content/aptos2019_raw/train_images/ceaa5803d780.png,PNG,RGB,2136,3216,3058416,valid,,f302c63682123d64cb747533d43f3f5939468d347bdec4bd51dbbdf5ccdbe9c5,train
ceb32a193eff,0,/content/aptos2019_raw/train_images/ceb32a193eff.png,PNG,RGB,1117,1476,2321333,valid,,4a3ac7df58feb67b1009c93d1dd301a55ad5f5768fb3328c6d77e9425a12dcb4,train
ceb601fe8dba,2,/content/aptos2019_raw/train_images/ceb601fe8dba.png,PNG,RGB,2136,3216,3124281,valid,,67b1c97123b6c306aa3a4968a3a75a21e8b66951772c71f7157a4555cbc3eec6,train
cec299c2a2d5,0,/content/aptos2019_raw/train_images/cec299c2a2d5.png,PNG,RGB,1958,2588,5145912,valid,,e9f009c3093171e78ed7f3e234d52d296dcc1568408d2dcc5198e17debac7e8e,train
cf0575534cec,1,/content/aptos2019_raw/train_images/cf0575534cec.png,PNG,RGB,1736,2416,2258418,valid,,5265b9db50eceb7d5b50f7a426badc491313f2c3c09dc1ed31801ae9609dfc7a,train
cf0824f53dd9,2,/content/aptos2019_raw/train_images/cf0824f53dd9.png,PNG,RGB,1736,2416,1834773,valid,,7536cbb976559447f96884c326a8bfb1ea57d1f00d5ab0b5565df3783479ac6a,test
cf1b9d26d38d,4,/content/aptos2019_raw/train_images/cf1b9d26d38d.png,PNG,RGB,2588,3388,3977165,valid,,e1ba1f0666fcf9d810bb38dfc2b8fd24e952e19b35c8890140efcaea7f1c1bd1,test
cf603a9ef2d5,1,/content/aptos2019_raw/train_images/cf603a9ef2d5.png,PNG,RGB,1736,2416,2222382,valid,,0d2e2aa774de3a7e15727ffa61d2a23f0168b27bcc89001a0f61d3b6977cddcb,train
cf6551521a35,0,/content/aptos2019_raw/train_images/cf6551521a35.png,PNG,RGB,1536,2048,1860740,valid,,3f9c2c9973592016309016e5ae37c9eead58650f954600d8b0bb52c96b789e45,train
cf8ae5501bd6,0,/content/aptos2019_raw/train_images/cf8ae5501bd6.png,PNG,RGB,1050,1050,951036,valid,,e2dd65a9707a64587ec130836071862b8bde0f47d7f022a4adc7069656108d9b,train
cf8f1bc7a215,0,/content/aptos2019_raw/train_images/cf8f1bc7a215.png,PNG,RGB,614,819,310639,valid,,514073a8f761f8519cd07d96323dea50db1fe435c23d043e992ee8ad3ffef26d,train
cfb17a7cc8d4,0,/content/aptos2019_raw/train_images/cfb17a7cc8d4.png,PNG,RGB,1050,1050,906771,valid,,01031b590055dc25a04f16fdfc541c475b80cb3faac7e08f012051b9744362de,train
cfd1bd0fcbb4,1,/content/aptos2019_raw/train_images/cfd1bd0fcbb4.png,PNG,RGB,614,819,309635,valid,,1ae6072eb0c07b6580418314b8b5bc44141e05bb5f42c62c428d831e34e2690e,train
cfdbaef73a8b,0,/content/aptos2019_raw/train_images/cfdbaef73a8b.png,PNG,RGB,614,819,365242,valid,,840781eebbbe5b0325737ed6f94943d5b2513c4a7371e17d445b77957d364bf1,validation
cfed7c1172ec,0,/content/aptos2019_raw/train_images/cfed7c1172ec.png,PNG,RGB,1050,1050,912469,valid,,abd32aca93372ae91e9be9e0719569bd89e61c889dc2a3719da780448a780044,validation
cff262ed8f4c,0,/content/aptos2019_raw/train_images/cff262ed8f4c.png,PNG,RGB,1958,2588,5899312,valid,,4f81aa9bd02a1c615d739b775081ebcaff8d6de9792f9a83455ce0d8363b4de8,train
cffc50047828,0,/content/aptos2019_raw/train_images/cffc50047828.png,PNG,RGB,614,819,313604,valid,,be934ee43fafca31102c8a2df3a58fc946a111ed016b0c6adcedca997ca02a3d,train
d02b79fc3200,0,/content/aptos2019_raw/train_images/d02b79fc3200.png,PNG,RGB,1050,1050,1061530,valid,,b876bf1010adb5e6fc955452a323c148d4c32e19ef75251064f2c5a85946251b,validation
d035c2bd9104,3,/content/aptos2019_raw/train_images/d035c2bd9104.png,PNG,RGB,1050,1050,866736,valid,,ee137ed604234125b9d99fe6ef6bade5d1b7f4748937dc15d062b9764519d644,train
d06ccd0cf4b8,1,/content/aptos2019_raw/train_images/d06ccd0cf4b8.png,PNG,RGB,1958,2588,5047413,valid,,7832686e8bd2200229d1c85ed260ef20692c28e2fb05446f4e81ef6ceae1c36d,train
d0926ed2c8e5,0,/content/aptos2019_raw/train_images/d0926ed2c8e5.png,PNG,RGB,1050,1050,980234,valid,,9c66785a0929b4043d4b420a1dd8db33551014dca82ffa6d17bc4c2837864b96,train
d0b132d2c7ec,4,/content/aptos2019_raw/train_images/d0b132d2c7ec.png,PNG,RGB,1050,1050,983130,valid,,f3b8d845823d70510195c1131249b188b7050b25005835c2e3dd3727d7e53a68,validation
d0d59ed675b5,1,/content/aptos2019_raw/train_images/d0d59ed675b5.png,PNG,RGB,1736,2416,2274480,valid,,cc8048a3b3504b474ca9f8fd610a8ad75d718141a38b22f4239eb084e523ba43,train
d0ffa0425ef1,3,/content/aptos2019_raw/train_images/d0ffa0425ef1.png,PNG,RGB,1736,2416,2044006,valid,,c45270f821178e7d26f2350fb0f4298e13c825ddd63222fcb0a2ffdb4bb8af98,validation
d10d315f123f,2,/content/aptos2019_raw/train_images/d10d315f123f.png,PNG,RGB,1736,2416,2243352,valid,,52331802ee67a4c054171557ff8827a5ad5fa0819c57cd770a4a2d18178ee110,train
d10ef306996b,4,/content/aptos2019_raw/train_images/d10ef306996b.png,PNG,RGB,2136,3216,3158719,valid,,3f2c4eba5673e5f31e369b1d61b0e7b6ee31d54d8ff5c45f186118cfedf1ac9d,train
d141728fa392,2,/content/aptos2019_raw/train_images/d141728fa392.png,PNG,RGB,2588,3388,3794601,valid,,7ef1a67b58f73dd6978d594ba3b51683bcde1741b89aaaa333ae99a6391926c4,test
d144144a2f3f,2,/content/aptos2019_raw/train_images/d144144a2f3f.png,PNG,RGB,1000,1504,1395162,valid,,a9a3b398b16fc934bc67adcf607dcc2754974e2cd859f6ccc18c1eeff893148a,train
d15ca3469b87,2,/content/aptos2019_raw/train_images/d15ca3469b87.png,PNG,RGB,1958,2588,5100813,valid,,c036abf1b04dc6b94510855b1219bd59727e0051136be2d22faea6bc48a64136,train
d160ebef4117,0,/content/aptos2019_raw/train_images/d160ebef4117.png,PNG,RGB,614,819,318121,valid,,76024aa3bfc110050376b33a12ce10fe893a582f8f96f40d1a494c44f25b83de,test
d16398c971e9,3,/content/aptos2019_raw/train_images/d16398c971e9.png,PNG,RGB,2848,4288,5427579,valid,,8de6be952ac5a5f8eacb277136ac66325fc19801d15490dcd77fc68f9033cc15,test
d16e39b9d6f0,0,/content/aptos2019_raw/train_images/d16e39b9d6f0.png,PNG,RGB,1536,2048,1977899,valid,,41a3795f6396e62d266d917100db5f6cb7253ec05dd2db3e3ab3dfb6af55137f,train
d16e59a2b33a,0,/content/aptos2019_raw/train_images/d16e59a2b33a.png,PNG,RGB,1050,1050,1007791,valid,,b22bd413cd4a9d550bcd8bdede2e3953affe92100a175cf8ce430ab2649ac8dd,train
d18aea8238a0,2,/content/aptos2019_raw/train_images/d18aea8238a0.png,PNG,RGB,1958,2588,5416665,valid,,216389d0a2684cd13ab286be50bb44a8d0a67346e4f0a112c06c64e4cad395fd,train
d18b1d8ac4de,2,/content/aptos2019_raw/train_images/d18b1d8ac4de.png,PNG,RGB,1736,2416,2610207,valid,,df1fc3b04e6d6bbc4963b98b87843c44f585f635ee9865c8e3df64cacc85432a,validation
d18e5b68f6d2,2,/content/aptos2019_raw/train_images/d18e5b68f6d2.png,PNG,RGB,1958,2588,5343690,valid,,d828fdd860e601e19f6f728015f1d54be68b4b4de27b4b0a097d43f799144d67,train
d18f6431ebce,0,/content/aptos2019_raw/train_images/d18f6431ebce.png,PNG,RGB,1050,1050,1007401,valid,,f8c326a5150b8984f57a36a38aae037d2ad2d3b3438773815b3cd3de78789ba4,test
d1a24527a15d,4,/content/aptos2019_raw/train_images/d1a24527a15d.png,PNG,RGB,1736,2416,2281456,valid,,abcbd46d6d42ce0205c9e9dff84889871c72b5da275ef512c7ee994d8ac2c26f,train
d1a60c3b9fe5,0,/content/aptos2019_raw/train_images/d1a60c3b9fe5.png,PNG,RGB,1050,1050,820560,valid,,a4773687517a9f457cadd38181a9e9b8d3be751dde27467a3c2c5de3a2ae9df7,test
d1afdb8cf70d,0,/content/aptos2019_raw/train_images/d1afdb8cf70d.png,PNG,RGB,1050,1050,946242,valid,,e532b5d43fd4e1dc2043d6799e8422adfb30f853b5a2758fb6bd19dbda269b12,train
d1b279cc02ae,0,/content/aptos2019_raw/train_images/d1b279cc02ae.png,PNG,RGB,1050,1050,1034904,valid,,f59ec0e4c953b5b37c4d2ae34da9ba99bcaf38014d867de534040134b35e20c7,train
d1ca85af57c9,0,/content/aptos2019_raw/train_images/d1ca85af57c9.png,PNG,RGB,1050,1050,992911,valid,,ccf4e9512c97ebda13164f4abaebaa7b020a8919bb8686631d5e8ceb91e07d51,train
d1cad012a254,1,/content/aptos2019_raw/train_images/d1cad012a254.png,PNG,RGB,1736,2416,2188865,valid,,9e8869c9f41bcf84080d64737889df46a9a0bb8539521fe31655dea7f5602c86,test
d1cf31577a59,0,/content/aptos2019_raw/train_images/d1cf31577a59.png,PNG,RGB,1958,2588,2804724,valid,,3e6c653c29f0f57b5e29c4e138abcf9b3cdc27d629128000d0a5b8f5b3803933,train
d1f1ea894da1,2,/content/aptos2019_raw/train_images/d1f1ea894da1.png,PNG,RGB,1226,1844,911050,valid,,6ff1c5a79ad3691631416dadf3c92cfc82e7deca48281293b0bb314e168e6b5d,train
d1f7ea924a01,0,/content/aptos2019_raw/train_images/d1f7ea924a01.png,PNG,RGB,1536,2048,1903163,valid,,913b34f1353d2f683efebe880d55b7d710f4363631a8c8f8baaf9e90ef45c484,test
d1fa0f744620,0,/content/aptos2019_raw/train_images/d1fa0f744620.png,PNG,RGB,1536,2048,1928542,valid,,c2d318f769e68a1f2c6dba457c3e59db6d050590c0aaec9af1816791209c5ce0,train
d1fb4efb117c,2,/content/aptos2019_raw/train_images/d1fb4efb117c.png,PNG,RGB,1736,2416,2275907,valid,,75137d116798bf97a81beb632c11007115528f754d88b770aa364210c95cf9bf,train
d25b8a8ad3c4,2,/content/aptos2019_raw/train_images/d25b8a8ad3c4.png,PNG,RGB,1958,2588,4892073,valid,,08cbb1c9ef8ce2eb3a38f83901be65784f28c64da3a5c592d405b6d34415d203,train
d264396d8d1a,2,/content/aptos2019_raw/train_images/d264396d8d1a.png,PNG,RGB,1736,2416,2362643,valid,,d0227d30934c2b7d1d2271835348d8d39f1dc263228983e41df55fcb11839789,train
d26bb2ed6e71,0,/content/aptos2019_raw/train_images/d26bb2ed6e71.png,PNG,RGB,1536,2048,1931605,valid,,185175d2df9c711d7ebc5e0d1af271f057c38f1fb9e9623d51d79f8bb9766af4,train
d26bc6e1230d,0,/content/aptos2019_raw/train_images/d26bc6e1230d.png,PNG,RGB,1050,1050,978624,valid,,cd667e0b5cb241d9dffff75c080b0dd7c048e74903b8509a0896af882bc85b18,test
d271d3a2b552,4,/content/aptos2019_raw/train_images/d271d3a2b552.png,PNG,RGB,1736,2416,2389257,valid,,6564f23fa2c9abc762efbe919b6b518317d9373c841abca2616e95a2f5f82364,test
d27ac9e54901,0,/content/aptos2019_raw/train_images/d27ac9e54901.png,PNG,RGB,1050,1050,1037348,valid,,e42c7b16d3ba7ad2cda953fd9c33fd2c5bb6305b74fac1c6e8fa39e7595e45bd,validation
d28bd830c171,2,/content/aptos2019_raw/train_images/d28bd830c171.png,PNG,RGB,2136,3216,6088579,valid,,ffb21d534fbde419a147d4df02281907733c8c92779ad83fcac38e2b4562d481,validation
d2901144070c,4,/content/aptos2019_raw/train_images/d2901144070c.png,PNG,RGB,1736,2416,2216781,valid,,6d2bc87162066b1fa126d6dfa59fa08bea866472d60c4c2554ed0a44189698cb,test
d29096bd94aa,2,/content/aptos2019_raw/train_images/d29096bd94aa.png,PNG,RGB,1736,2416,2092375,valid,,ab9740f54447c0734572b9e7065227b8f535d2690e50ec3692f560cd032ce70d,train
d29b37d110f3,0,/content/aptos2019_raw/train_images/d29b37d110f3.png,PNG,RGB,614,819,274266,valid,,1cbb6f3566ad0195e61f88ee554ad8f69b3861c8ba25d724a5983dd5f230ef93,train
d2afca74cbc3,0,/content/aptos2019_raw/train_images/d2afca74cbc3.png,PNG,RGB,614,819,291034,valid,,4c608231f13a25b9fd9719d3050870fdba9735f9666c581da9af05ba386b93ab,train
d2c2f02bb313,4,/content/aptos2019_raw/train_images/d2c2f02bb313.png,PNG,RGB,1736,2416,2120979,valid,,a117d45b60cd90f2fc9cc1f941ee97ab0c584f53668a25562707462d3239bc46,train
d2c5fb82fe5f,0,/content/aptos2019_raw/train_images/d2c5fb82fe5f.png,PNG,RGB,1536,2048,1912516,valid,,485328e88697634a32c2db53d99cc8f08b3126bd1a8b92213e398c81f8a3bcee,train
d2c6b99ef62c,2,/content/aptos2019_raw/train_images/d2c6b99ef62c.png,PNG,RGB,2588,3388,4033918,valid,,763e23a318ec1f3ad1e38fa6ac83663fe71dd22c98fde97153edb125b6db5354,test
d2cd47ed2c1d,0,/content/aptos2019_raw/train_images/d2cd47ed2c1d.png,PNG,RGB,614,819,315683,valid,,5adfc72f270d9164d8e396dfdfddbdfc72c6ee29dfee3cdfd2c083499e125f8e,train
d2d523e9f669,0,/content/aptos2019_raw/train_images/d2d523e9f669.png,PNG,RGB,1536,2048,1908113,valid,,bf580c867a264495240d65290fbd0845cde15caa6aa539b9aa68a8111db66497,train
d2dc86021c67,0,/content/aptos2019_raw/train_images/d2dc86021c67.png,PNG,RGB,1050,1050,969724,valid,,09dab361f9b958f28011fca1d6ffdd4409cb4207671c7cf0a3b6762330a31ea0,train
d2fb715b0c41,0,/content/aptos2019_raw/train_images/d2fb715b0c41.png,PNG,RGB,1050,1050,1088737,valid,,8307d1905f95390893c55064e37531718076d1452ec11ec6d68923d011849596,validation
d2ffe9287dc7,3,/content/aptos2019_raw/train_images/d2ffe9287dc7.png,PNG,RGB,2136,3216,2458338,valid,,ec10d6333191ac5d72086c511407a24c72ae240c8f4efa5f8f28bf36b4b53490,validation
d30d079e6f9a,0,/content/aptos2019_raw/train_images/d30d079e6f9a.png,PNG,RGB,1050,1050,1007060,valid,,c5897e14f1bfce44a655ae6db47d3f5b8ef43bc801c3ae0526c4412ddcdcf165,train
d332d7b8a26e,0,/content/aptos2019_raw/train_images/d332d7b8a26e.png,PNG,RGB,1050,1050,980054,valid,,7e777b491d6986534f5f5c9778fc536f46562cef1d1159054badd6149d6ae40c,validation
d364423ec6f9,2,/content/aptos2019_raw/train_images/d364423ec6f9.png,PNG,RGB,2136,3216,2963409,valid,,7bdfd71aba0f54986242b65268add8491193bc79bdec65dca18f90abc679888b,validation
d38cf0f4a9af,0,/content/aptos2019_raw/train_images/d38cf0f4a9af.png,PNG,RGB,1050,1050,958742,valid,,25b4045e9037b8e453066c1368a7cfde46153e4f43b68409165e1061d95f33fb,test
d39752cb6e57,0,/content/aptos2019_raw/train_images/d39752cb6e57.png,PNG,RGB,1050,1050,953188,valid,,09a27dfb009221301d3a221fb248a380cad3a43db583586bed111a76cc7912cd,train
d3be5346684b,2,/content/aptos2019_raw/train_images/d3be5346684b.png,PNG,RGB,1958,2588,5199656,valid,,ef7f70e75cca89cc9f05fb2e0fb606c286c9b1667eac1c21f00312ae51b445e8,test
d3d578fe433f,2,/content/aptos2019_raw/train_images/d3d578fe433f.png,PNG,RGB,2136,3216,2146848,valid,,56650b3a44756b1caf073a3bd37303d33ae70f566748168e73e68e570264352f,train
d3de0d313d61,1,/content/aptos2019_raw/train_images/d3de0d313d61.png,PNG,RGB,1958,2588,3018015,valid,,41aa26281c982602bd8d9ba843988fb1ab64423c3d5759485ce9fc868dce9f57,train
d3dfd0a2dee6,0,/content/aptos2019_raw/train_images/d3dfd0a2dee6.png,PNG,RGB,1536,2048,1819022,valid,,e6413fd8639b45ec96c856323eac2b2f5c977c2a8d4ca9e108400a901279cc30,train
d3e56584a481,0,/content/aptos2019_raw/train_images/d3e56584a481.png,PNG,RGB,614,819,290781,valid,,d76971a450fe9d23c1166d67301a513a077b454e5afc790c7e07a06672006fc5,test
d3e884109b45,3,/content/aptos2019_raw/train_images/d3e884109b45.png,PNG,RGB,1958,2588,5696371,valid,,2f4225a6c446d700ec5cb43946bcb7b0dc2f810d4b9c497fd181986a921a4011,train
d41b33fcb94f,2,/content/aptos2019_raw/train_images/d41b33fcb94f.png,PNG,RGB,480,640,321709,valid,,3ceac99436a0f15166f6293078eec816732c2db7f79fa761e30b47d98b2a77f8,train
d436c06f0490,0,/content/aptos2019_raw/train_images/d436c06f0490.png,PNG,RGB,1050,1050,942103,valid,,1901a324615f62689e07adc2398ae977724dfea60aa0bf80685a11e3443d5bd2,validation
d4583e9525dc,0,/content/aptos2019_raw/train_images/d4583e9525dc.png,PNG,RGB,1536,2048,1831753,valid,,59e899013e5c61cad947e1516bd2a7706a25a11f29fb19cbd7fa13c4c4d2dbd7,train
d473f6fafba0,2,/content/aptos2019_raw/train_images/d473f6fafba0.png,PNG,RGB,1958,2588,3565661,valid,,6c5e923776df29886085a9c9970284f1ee00e2372d45655e1b164d08385afdca,test
d48178e4a49b,4,/content/aptos2019_raw/train_images/d48178e4a49b.png,PNG,RGB,2588,3388,7468102,valid,,dabf335d6e0b5e3e633dfc0c35518a8e9fa85bba8f744bd7a9eacfda3f272c7a,test
d4bc001f7224,0,/content/aptos2019_raw/train_images/d4bc001f7224.png,PNG,RGB,1536,2048,1690249,valid,,848d8b95884c49c356f56bfe8f06d162d43557f15535d07e0ca63c4fe7d51289,test
d4be0403e6ab,2,/content/aptos2019_raw/train_images/d4be0403e6ab.png,PNG,RGB,1050,1050,957715,valid,,1da408a4513da4e268e93374bda7db3a15863aff38951513860bba0cc0f43bd7,validation
d4f32b9c07df,1,/content/aptos2019_raw/train_images/d4f32b9c07df.png,PNG,RGB,1736,2416,2067018,valid,,3ad16d4c39db215039c6cb832495676130e23d577c452fadebe4350bea02e071,train
d516f77d4516,0,/content/aptos2019_raw/train_images/d516f77d4516.png,PNG,RGB,1536,2048,1768038,valid,,cbb90018299cc38489ef437a01d84ffd813daea4baa2e05cf3138f30ce373b1d,train
d51b3fe0fa1b,4,/content/aptos2019_raw/train_images/d51b3fe0fa1b.png,PNG,RGB,1000,1504,1356058,valid,,ae39e3582b8f1a4c24b12c1c131634d9bbf05763913ea58fe846810df4af204e,train
d51c2153d151,0,/content/aptos2019_raw/train_images/d51c2153d151.png,PNG,RGB,1736,2416,2477295,valid,,2c875ad8872e63389b8871b4bb2c762f33325ec10c50c4a51119b7f75db875e6,train
d51e5d7484ea,0,/content/aptos2019_raw/train_images/d51e5d7484ea.png,PNG,RGB,1050,1050,1047536,valid,,1adf3f6042554a7233d5f5cb331158b791f56c39e831615999c55fb566ff8d72,train
d567a1a22d33,1,/content/aptos2019_raw/train_images/d567a1a22d33.png,PNG,RGB,1736,2416,1866320,valid,,2b3910c47f18831f716a92af0bfc79f97d74cef01a4cbd2bb644a74bd1c8fd5e,train
d56d32a1d62d,0,/content/aptos2019_raw/train_images/d56d32a1d62d.png,PNG,RGB,1536,2048,1939249,valid,,7bb263648ac849ca89a689dc527681944acfc6349b337ee9e99514527e4a2231,train
d57d1be1bbd1,0,/content/aptos2019_raw/train_images/d57d1be1bbd1.png,PNG,RGB,1958,2588,5401407,valid,,2f71c602161809eeda6b9c800010ae1c3e47b24dc5bd9abfaefbf87b8ba3c961,train
d5a39339ff3d,2,/content/aptos2019_raw/train_images/d5a39339ff3d.png,PNG,RGB,2136,3216,3592572,valid,,0f2bac9fd9049ad97998f0de0a7a5838da90b22f28cd17cabf04bc3aa4ec6f73,train
d5ad3362424c,0,/content/aptos2019_raw/train_images/d5ad3362424c.png,PNG,RGB,1958,2588,5532592,valid,,ba422ad30ccf4849d4e59f15299669665460f4f723f79b69fd761f27644c714b,train
d5b4705ac2ee,1,/content/aptos2019_raw/train_images/d5b4705ac2ee.png,PNG,RGB,1050,1050,967401,valid,,a41c9de94ba01a940985a3143efadc13cdb51e42c10dfd839a109eb3c45c4b47,train
d5c63a8d9e94,0,/content/aptos2019_raw/train_images/d5c63a8d9e94.png,PNG,RGB,1050,1050,975337,valid,,89d90048e775e9aae0b823102707c7ad8528bffb9035d9b325a2224a7485dab7,train
d6130f2ec903,0,/content/aptos2019_raw/train_images/d6130f2ec903.png,PNG,RGB,614,819,357315,valid,,a31ad51de99ae6d38135cff8be99ee4be2b4b6058c0d02ee3a2ee22b8b6bfd07,train
d6228d951958,2,/content/aptos2019_raw/train_images/d6228d951958.png,PNG,RGB,2588,3388,7539483,valid,,5dcfe4e9a9768133464e2ee64185edc607c387f243533f5c1489f6c191b677fc,train
d6283ded6aea,2,/content/aptos2019_raw/train_images/d6283ded6aea.png,PNG,RGB,2136,3216,2427826,valid,,ee8ac1759a30aae9bec5d13896a9a4088de381076ffb0833564a254e68b5eea3,validation
d659d7fd5ccf,4,/content/aptos2019_raw/train_images/d659d7fd5ccf.png,PNG,RGB,2136,3216,2418123,valid,,621513fc32792a334cebae5d20655e9ec17bcc4bf0ac7d40036203e8cbadc8e8,train
d667af5742f6,0,/content/aptos2019_raw/train_images/d667af5742f6.png,PNG,RGB,1050,1050,927376,valid,,b6d689f39125cb0e9cbf809ebbd933c80b5e443ce8ba51f91b72279660d391c7,train
d66b6f333dc7,1,/content/aptos2019_raw/train_images/d66b6f333dc7.png,PNG,RGB,2136,3216,2210181,valid,,468c0dd92ebe6d72ae7487497e7f5ee6f17519988639a94cdf9013c904d41a46,validation
d66ccb75ada1,1,/content/aptos2019_raw/train_images/d66ccb75ada1.png,PNG,RGB,1958,2588,4427838,valid,,6724c2c1fe0bf96c120f207bdcc9d976fbdad0705bea3563c2814290ba37fc82,train
d67374d3fa2a,2,/content/aptos2019_raw/train_images/d67374d3fa2a.png,PNG,RGB,1050,1050,986868,valid,,24e08a7386a62718953b19889a542b03a51872df594024d65129ed9b857f7641,train
d6803e467592,0,/content/aptos2019_raw/train_images/d6803e467592.png,PNG,RGB,1050,1050,1015580,valid,,76060a3ad69679fd5caa676c89ec8060c0bf386b8c3c6cc1a14f95fcc4746b6d,train
d69698f838db,0,/content/aptos2019_raw/train_images/d69698f838db.png,PNG,RGB,1050,1050,978828,valid,,515c5ccf6daccb1e95208ae4693e2683efb8faab288ad7b609ce9a429a375911,validation
d6b109c82067,0,/content/aptos2019_raw/train_images/d6b109c82067.png,PNG,RGB,1050,1050,999612,valid,,339bc91084c16c09719045d01124fe2d54bc4e1fdf9eca59fc5654b69565ec24,train
d6dbb0820ea5,0,/content/aptos2019_raw/train_images/d6dbb0820ea5.png,PNG,RGB,1050,1050,1014096,valid,,3794aacf4819a02ac74ad8fdb4ba9fa6edfc0bdc105c2fd358038bf179ade194,test
d6df4fe492ec,0,/content/aptos2019_raw/train_images/d6df4fe492ec.png,PNG,RGB,1050,1050,996904,valid,,e671a422f0344cb4971488f0abcb3522a6c4aac4c0bf0d3c48f3a3a4e69e89ce,train
d6e26fe51dce,1,/content/aptos2019_raw/train_images/d6e26fe51dce.png,PNG,RGB,2136,3216,2479279,valid,,20c6357bf44e9ac9802ff9e12f601038ddc27d97462fbcaf2c4edd58c3591da6,test
d6f36ec5564a,0,/content/aptos2019_raw/train_images/d6f36ec5564a.png,PNG,RGB,1536,2048,1915807,valid,,931af5162252ec7b8843ef83aa29c0dd72fcd6e0face64aef3a0fa22e16cc10c,validation
d6f6bdfd8011,0,/content/aptos2019_raw/train_images/d6f6bdfd8011.png,PNG,RGB,1050,1050,986023,valid,,9f18c052cd7aef28e142b028aea71bda4e72ee138a901f1f6d737ea892bb37e7,train
d7078e8b0349,0,/content/aptos2019_raw/train_images/d7078e8b0349.png,PNG,RGB,1536,2048,1941123,valid,,5c6960c2e271cf1b09be8bfb4d2e11fc9cdfb74ca8bd5453f0739d8ad223fa7f,test
d74ccc796517,0,/content/aptos2019_raw/train_images/d74ccc796517.png,PNG,RGB,1050,1050,919470,valid,,50cb060b98cb6ee24644c685ad9f7fd5674005681d9b8d0d9afbacc2282c646e,test
d774692d9919,0,/content/aptos2019_raw/train_images/d774692d9919.png,PNG,RGB,1050,1050,1090990,valid,,f23d2a637426538224b6fdc3ac408ce924cee77529ffa05ae96eadab50834490,train
d78b7401096f,0,/content/aptos2019_raw/train_images/d78b7401096f.png,PNG,RGB,1958,2588,5504065,valid,,dfd65631d8fee0a9c715cab5192d7426656b43198e7781909eb45e13b1056d02,train
d7a01fca9838,0,/content/aptos2019_raw/train_images/d7a01fca9838.png,PNG,RGB,614,819,289251,valid,,54919b56885f49f81661232d68bc0fc4dd84478da727de6af4043ccb0b65fcb2,train
d7ab5c040294,0,/content/aptos2019_raw/train_images/d7ab5c040294.png,PNG,RGB,614,819,305888,valid,,8b2b646160d6f6e199cdb8e415b7bc72789378f476cbd07f8039162164c1e3b4,test
d7ac4a0c9760,0,/content/aptos2019_raw/train_images/d7ac4a0c9760.png,PNG,RGB,1050,1050,969148,valid,,e36de50149480d8aee1bdb23d25d85702b9270eb2e61d02ec820b1de6dd2ad87,validation
d7bc00091cfc,0,/content/aptos2019_raw/train_images/d7bc00091cfc.png,PNG,RGB,1050,1050,1018519,valid,,9c4ac661eb8fbfcdb95003b02c002b98af88b63bd28f7bc393ac1670ef250cca,train
d7bc62d60e8c,0,/content/aptos2019_raw/train_images/d7bc62d60e8c.png,PNG,RGB,1958,2588,5510001,valid,,ae396b531d6e505aebb749f714c8016ceafce973f3152928936f943c0b7904b6,train
d7e5fe5245e0,0,/content/aptos2019_raw/train_images/d7e5fe5245e0.png,PNG,RGB,1736,2416,1884952,valid,,2988b39762918bb5fb01ec089cb50c28bd8e8c2219dc84995488dba494237482,train
d801c0a66738,1,/content/aptos2019_raw/train_images/d801c0a66738.png,PNG,RGB,1736,2416,2143457,valid,,96f250131933bc6d4ed2443388f18db45a1ca211d659ea0699bdf5d11adbfff8,train
d803598dabda,4,/content/aptos2019_raw/train_images/d803598dabda.png,PNG,RGB,1000,1504,1326016,valid,,d71778097a1904314db70d28549f0e13159a4f09c6020bc5cac6c569616c88f7,train
d807c53c1399,0,/content/aptos2019_raw/train_images/d807c53c1399.png,PNG,RGB,1050,1050,1052235,valid,,70f3a8e734aea1954b338cbaa121f27d533fbe023983e96c23ed89cafc9365aa,train
d81338217fc5,2,/content/aptos2019_raw/train_images/d81338217fc5.png,PNG,RGB,1958,2588,4958585,valid,,8ec630adaabc44e82a5b4d29476f40945e302a0687b0fd0a97aebe3265a08dde,train
d81b6ed83bc2,2,/content/aptos2019_raw/train_images/d81b6ed83bc2.png,PNG,RGB,1000,1504,1308118,valid,,8301a7d47dc08e5786ed9854170a67ee6d2e446bf7562a2d6378b67316a33a09,validation
d838d5b9f571,0,/content/aptos2019_raw/train_images/d838d5b9f571.png,PNG,RGB,1050,1050,1004371,valid,,587d26c3ddcea04264cb8ac48a824fe374b8b6346b60c203137dd668d19a5c42,train
d83c3efade75,2,/content/aptos2019_raw/train_images/d83c3efade75.png,PNG,RGB,2136,3216,2714070,valid,,a2b5edd6b7fe3213774ccac55032349a5bd4a7f1370cfcac17d54cd5b97918f3,train
d83d0695e215,2,/content/aptos2019_raw/train_images/d83d0695e215.png,PNG,RGB,2136,3216,2176022,valid,,2afa423bb9999bdd5471de9a681acaa0c00fff672b381394411a4a57cf546eb8,test
d8404680bba6,2,/content/aptos2019_raw/train_images/d8404680bba6.png,PNG,RGB,1958,2588,5211969,valid,,a75645aeb375eeab2afab185bf539f87a59aba578196e24f9c6e7f01c03bcfea,train
d844a7252f4e,0,/content/aptos2019_raw/train_images/d844a7252f4e.png,PNG,RGB,2136,3216,2105370,valid,,8cc66010fa755937a162bfec454a6c4b4f2118005a571b3331f33ed8f851dad8,train
d85588ff2ebd,1,/content/aptos2019_raw/train_images/d85588ff2ebd.png,PNG,RGB,1736,2416,2117268,valid,,cb396ceb4b5f1c11081dc0c6c1c62031ceb48aa54d2a44095a5637128b968eca,train
d85a842d20bd,2,/content/aptos2019_raw/train_images/d85a842d20bd.png,PNG,RGB,2588,3388,7599816,valid,,361929607aad614add645748ef33bfb5193b85159feb089759d4622550ace0b7,train
d85d052900b4,1,/content/aptos2019_raw/train_images/d85d052900b4.png,PNG,RGB,1736,2416,2180424,valid,,052d30e134c5710ea4c0e992e06d37c6927b1dc515fd4480eca932e1ee5eeef2,train
d85ea1220a03,4,/content/aptos2019_raw/train_images/d85ea1220a03.png,PNG,RGB,1050,1050,975016,valid,,8caea9d4946601483e37ee38dfe32b0e49ca8a3caadb394e44ca1381e1e5cee5,test
d865997a6280,0,/content/aptos2019_raw/train_images/d865997a6280.png,PNG,RGB,1536,2048,1894430,valid,,79d2282ef92fc0b7102dd8aa80875e2bc22ddb2a56121134a57e398618b55cba,train
d866c26d76f0,0,/content/aptos2019_raw/train_images/d866c26d76f0.png,PNG,RGB,1536,2048,1926806,valid,,8947f8f2820cec27bae30401f2b5b3e8a53084b34379f4dd9635d4636590e9e6,train
d868acdccb5b,3,/content/aptos2019_raw/train_images/d868acdccb5b.png,PNG,RGB,1736,2416,2181686,valid,,6aab8a6062d386b1a2e74fdcd2d38541b7ad502036d339b4151116e49c610ecb,test
d871895742b1,0,/content/aptos2019_raw/train_images/d871895742b1.png,PNG,RGB,1958,2588,5254652,valid,,e26507a50b9d2efcea039e1106b6bbbebe22f3e159ae37f81b4c4129ad9d38b0,train
d881c04f01fe,0,/content/aptos2019_raw/train_images/d881c04f01fe.png,PNG,RGB,1050,1050,1036009,valid,,7309bcdfa6c42be039ea131b82a21a46cd6196fd498debc84ece907b9f0fe7ec,validation
d88806d9ece9,2,/content/aptos2019_raw/train_images/d88806d9ece9.png,PNG,RGB,1424,2144,2680733,valid,,d4c051ee09b13102e9932179665e1455f3b98a73831a2145bc6672d8708e30de,train
d88c4843aec3,0,/content/aptos2019_raw/train_images/d88c4843aec3.png,PNG,RGB,1050,1050,1021248,valid,,5aac50163690258fe835fa961ee3cd7217ae4a48e806a3ad442a350b2844a06c,train
d8cdb7d7283a,2,/content/aptos2019_raw/train_images/d8cdb7d7283a.png,PNG,RGB,1736,2416,1858614,valid,,fb6d194a349e2a681b9a94d57cae7e8c512e622568143558e754bb6ccb627be2,test
d8da9de62743,0,/content/aptos2019_raw/train_images/d8da9de62743.png,PNG,RGB,1050,1050,978118,valid,,d693e99890852c3cef7ceb82f89f682456e201b0407720080fbaffa520468244,test
d911dd40c63b,0,/content/aptos2019_raw/train_images/d911dd40c63b.png,PNG,RGB,1050,1050,979431,valid,,90f1e6177fbcf9a5211e8c49279edd57c61c913138bfbda8f20d8c1380f61489,train
d91273efb92a,2,/content/aptos2019_raw/train_images/d91273efb92a.png,PNG,RGB,2136,3216,2266415,valid,,64dfe7ec119ee3b6b666e89ffe0c8ddf6f3f84287bf7c84fbd70885581f4e367,train
d91635f380b4,0,/content/aptos2019_raw/train_images/d91635f380b4.png,PNG,RGB,1536,2048,1746176,valid,,9d54565f9fdb664574fdb57a66cb76f4619129b10348e120d257be292c4b3853,train
d9311f7497cb,2,/content/aptos2019_raw/train_images/d9311f7497cb.png,PNG,RGB,2588,3388,7418047,valid,,d8052805346af4c7f6c878d2289748cfa5ade346641bc8d79ef90412d6214190,train
d93b61dc8f64,0,/content/aptos2019_raw/train_images/d93b61dc8f64.png,PNG,RGB,1958,2588,5615604,valid,,41b5692a1dfbc269a35faf1e3732391cfe47dd7ae2e793686f54f02752234d76,train
d94e10f42861,2,/content/aptos2019_raw/train_images/d94e10f42861.png,PNG,RGB,2136,3216,3365907,valid,,a2fdcd98f6312d651210cec5e894a5d814b83bd4d63891fb44e898307b1b47e1,train
d952dbfb0fe4,2,/content/aptos2019_raw/train_images/d952dbfb0fe4.png,PNG,RGB,1736,2416,2410280,valid,,f6f20d14e3b7b8df9b0df2150712b05431b387e9453209012cb445db498f9e49,validation
d95959798b57,2,/content/aptos2019_raw/train_images/d95959798b57.png,PNG,RGB,1736,2416,2129440,valid,,8ed1d5faf202cd90eca9c26ab91d86ebb1dbb00e141d9e949a452ef5c42a0482,train
d968a983d4d2,2,/content/aptos2019_raw/train_images/d968a983d4d2.png,PNG,RGB,1958,2588,5248956,valid,,f00335ceb99416d27ae487cdb799cb80401b7cfdbc9eeb51fefcaea056b8e8c8,test
d97911a32918,0,/content/aptos2019_raw/train_images/d97911a32918.png,PNG,RGB,1050,1050,958493,valid,,21c44265ee73d781effc38b7bc6c1322400f943a8e2e8f1a9a8a68caea370177,train
d990a3f0cbdb,2,/content/aptos2019_raw/train_images/d990a3f0cbdb.png,PNG,RGB,1736,2416,2325262,valid,,43112ffb30938167cdd6d4a2d91464f18b713150f06c65e51f1b3a35aa033a75,validation
d994203deb64,2,/content/aptos2019_raw/train_images/d994203deb64.png,PNG,RGB,1424,2144,2596370,valid,,3f61901f3401fd1e053072c29f20edfa981ef8997faf5e1f263116810bd48367,validation
d99b0f7dd9b9,0,/content/aptos2019_raw/train_images/d99b0f7dd9b9.png,PNG,RGB,1050,1050,998278,valid,,a0404383253ec3404e871d6d25b47ed8b52703199cad6ddd214085029001b190,train
d99dd99be001,0,/content/aptos2019_raw/train_images/d99dd99be001.png,PNG,RGB,1050,1050,1056982,valid,,7cfa65a712202389f1aea684f3d80a0bee9f7dd0612b84c4f57f88facbca13dd,test
d9a475dfe59a,2,/content/aptos2019_raw/train_images/d9a475dfe59a.png,PNG,RGB,1736,2416,2428882,valid,,268f37d93027acc65ced59bd88590b5ebd07070413219b08f6fd00792dd846d3,test
d9ad2a0ec026,0,/content/aptos2019_raw/train_images/d9ad2a0ec026.png,PNG,RGB,1050,1050,762125,valid,,1cc86dd992b4e3c7a75028574d500728e1aaed6ac77877e6dd6f54fd89d7f55b,train
d9ba044671e1,4,/content/aptos2019_raw/train_images/d9ba044671e1.png,PNG,RGB,2136,3216,2364488,valid,,f5fa4e9ed297d25b1a48ac35efab7f5ecfaed2025f759e65a3f2c3cd9b7b2e03,test
d9bbdc33db83,2,/content/aptos2019_raw/train_images/d9bbdc33db83.png,PNG,RGB,480,640,384007,valid,,fc82f753318d2e59ca0b1cb60b1c068146bc149c7a571cf66d9f462741cb1f45,train
d9c9b9786da3,0,/content/aptos2019_raw/train_images/d9c9b9786da3.png,PNG,RGB,1050,1050,1058497,valid,,5e7d67961bafbdc7a1a8b21811d12f995c9a642c2cbf4bc6e51dd5ccb4387dd1,validation
d9d2631f043c,0,/content/aptos2019_raw/train_images/d9d2631f043c.png,PNG,RGB,1958,2588,5428845,valid,,ec470241b41458425a4b7dd97e04fff0b266f338ae151b88c12abb5eb7b38465,train
d9e58e4d8689,0,/content/aptos2019_raw/train_images/d9e58e4d8689.png,PNG,RGB,1736,2416,2451593,valid,,d45138b0a344eda09020ecf737fcaf3c9f53626f2415bf7486efb89e0a26f163,train
da0a1043abf7,2,/content/aptos2019_raw/train_images/da0a1043abf7.png,PNG,RGB,1000,1504,1275292,valid,,f0b3f8a7683d696befead8695f37dd1b4a08de5e3f734918b831805f011c0399,train
da0a83f074f3,0,/content/aptos2019_raw/train_images/da0a83f074f3.png,PNG,RGB,614,819,296205,valid,,c02492405dedc72565e6a513fc11149f99f8aaccc1e79283e072369be5af7fee,train
da1fb35f5df9,1,/content/aptos2019_raw/train_images/da1fb35f5df9.png,PNG,RGB,1736,2416,2222550,valid,,cff9d6a4414318075077dc97e0e24ade548ace74b61ec9b402586c0338219d06,train
da2bdf4236ac,0,/content/aptos2019_raw/train_images/da2bdf4236ac.png,PNG,RGB,614,819,307327,valid,,291556c8768f753182692f141510e7615d30beb9dfaf2614869d43bf106e331e,train
da3a2275c850,0,/content/aptos2019_raw/train_images/da3a2275c850.png,PNG,RGB,1050,1050,1015821,valid,,43b611b3080146b8a6e3f26fd4ca0a78f6c08beb6dd1b3c816419f66483291b0,validation
da44f80b422b,2,/content/aptos2019_raw/train_images/da44f80b422b.png,PNG,RGB,2136,3216,2595464,valid,,2c738d186e9235fac1ec16c437c6b5d5bbc8f619004c0c656ea76a92f25ec8f8,train
da6389d129aa,0,/content/aptos2019_raw/train_images/da6389d129aa.png,PNG,RGB,1736,2416,2494919,valid,,24258c207fb8dafb3e6264d70273878feffe57b583367b6cfb0ef4d796342c98,train
da6bbb76d562,0,/content/aptos2019_raw/train_images/da6bbb76d562.png,PNG,RGB,1958,2588,5450374,valid,,88e3fb63aa05c094d3e6c16a657334cbd14bde1fc5d47c75220fc7c4053aabb0,train
da8900ac7f29,2,/content/aptos2019_raw/train_images/da8900ac7f29.png,PNG,RGB,2136,3216,2890441,valid,,5842b36fbda5eda12d5c12f34baa24db08903ab81aa6886baf9c60400a8d38a0,train
da9262d9f5d9,0,/content/aptos2019_raw/train_images/da9262d9f5d9.png,PNG,RGB,1050,1050,945967,valid,,c7bd44599e13dad9e81c8ab58cf5c0f6e5ebbc256c46a4236008a9468867eb46,train
da949aa67a4f,0,/content/aptos2019_raw/train_images/da949aa67a4f.png,PNG,RGB,1536,2048,1915376,valid,,32dd167be5c482f84cb634161c44075756e3af2cf38bd52c6bbf6cdd7cfa9763,validation
da9574d35b82,0,/content/aptos2019_raw/train_images/da9574d35b82.png,PNG,RGB,1958,2588,5468818,valid,,59d9c8d785de2b30e37c47269512e4cd39ae47d8e7ad0ba01cfc17b8b93d13ba,train
da9fe02dead3,0,/content/aptos2019_raw/train_images/da9fe02dead3.png,PNG,RGB,1050,1050,985796,valid,,a6f106a7da76c97a8e945519c4be9f68933389b7f8ea1af1750e9c8316771a6a,validation
daad7b617f21,0,/content/aptos2019_raw/train_images/daad7b617f21.png,PNG,RGB,614,819,350914,valid,,9bf597cc4214afc563bb8aed6da18d9ff287b2f12ac59804369eb7c49322a5d6,test
dad71ba27a9b,4,/content/aptos2019_raw/train_images/dad71ba27a9b.png,PNG,RGB,1736,2416,2220978,valid,,77b4a5af7f96d7c69edfe1a78c8f50c9aad16d0c0ae1aa60bfd4f4ad83f8cc9b,train
daeaa5d8cf70,2,/content/aptos2019_raw/train_images/daeaa5d8cf70.png,PNG,RGB,480,640,309872,valid,,6b1d3ecdc5d4700398821c18c7204653ff9d4abf16945de40ac43c8ad447a664,train
daff5427c9b2,0,/content/aptos2019_raw/train_images/daff5427c9b2.png,PNG,RGB,1536,2048,1927598,valid,,81e5b4869590a7e46a444c5d07f71782c1e3b3b1317396929c69978c5434b22f,train
db3cd58aa315,0,/content/aptos2019_raw/train_images/db3cd58aa315.png,PNG,RGB,1536,2048,1946641,valid,,a3a45f1d2e7f8d4c38a4b67195c2df99e19aeed9d186d709b41664ae0a571c85,train
db49cdf1ea64,2,/content/aptos2019_raw/train_images/db49cdf1ea64.png,PNG,RGB,1736,2416,2163897,valid,,e87b97738ce75cc7ec893d5ac1453b9b8a3fd4807214a6d8281ba72d3469d1de,train
db4ed1e07aa3,1,/content/aptos2019_raw/train_images/db4ed1e07aa3.png,PNG,RGB,1958,2588,3950310,valid,,cb70b48dd697b7f77a6f15706907c694a42b125a93ebb1537ba79675816b2042,train
db52626d450c,0,/content/aptos2019_raw/train_images/db52626d450c.png,PNG,RGB,1050,1050,951523,valid,,1108a6aa83bc88f71d2003b33c4b67d3e45cb538e9efbfb2a9e86ad3aed52797,train
db6207e62c7b,0,/content/aptos2019_raw/train_images/db6207e62c7b.png,PNG,RGB,1536,2048,1945954,valid,,06c50e71a648d0eafae701b6b8ef3ebeb2a881efea656a566d8314c46f2ee213,train
db690e2d02f8,1,/content/aptos2019_raw/train_images/db690e2d02f8.png,PNG,RGB,1050,1050,867128,valid,,a7c322fc3a4815ecc91854fb5badd92575b3bd36a8c9cef58433d924373c5fe3,test
dbb2c63f6f08,3,/content/aptos2019_raw/train_images/dbb2c63f6f08.png,PNG,RGB,480,640,373710,valid,,e89deaa71f1bae0a9282d75b135ebb75f09e57f73bec72a148cd574fda8a71e4,train
dbd062558b81,1,/content/aptos2019_raw/train_images/dbd062558b81.png,PNG,RGB,2588,3388,7224985,valid,,e8a2f35e93fc9f1846271874388da0780a0679154fb888aaf1e141bf4f831e43,train
dbee04ae6426,2,/content/aptos2019_raw/train_images/dbee04ae6426.png,PNG,RGB,1958,2588,5606514,valid,,e99a31c4d5e097d27742ab95706cae4b3e565cd9bab9e5c0db8309da18f1ee65,test
dbfd238b3468,3,/content/aptos2019_raw/train_images/dbfd238b3468.png,PNG,RGB,1958,2588,5411438,valid,,2fcbe8d70caf0a15383d27e2d59e1ce20474f23df4c477523be2cf7c546681d0,train
dc0eea0b68a7,0,/content/aptos2019_raw/train_images/dc0eea0b68a7.png,PNG,RGB,1117,1476,2211219,valid,,f0df288b2b11718ca864441a3974f7f56b8bf9767f4f12978941a3e2ebf1854d,validation
dc0f6e5b489b,0,/content/aptos2019_raw/train_images/dc0f6e5b489b.png,PNG,RGB,1536,2048,1600778,valid,,9f4831cfbe2e0183107416d0a1092c75399292838759967dcf652dce44e73596,train
dc3c0d8ee20b,2,/content/aptos2019_raw/train_images/dc3c0d8ee20b.png,PNG,RGB,1000,1504,1323024,valid,,c615565a03854d2f2151f992fa40e6a8def6ba1423aa63f0a0293d21b44c9eb6,train
dc6fa1b38b83,2,/content/aptos2019_raw/train_images/dc6fa1b38b83.png,PNG,RGB,1958,2588,5624353,valid,,7741d41cbb4940663065d1e976f54f6a60aa3acf57f6106ad30f7ad455779dbf,validation
dcc6c0ad5cad,0,/content/aptos2019_raw/train_images/dcc6c0ad5cad.png,PNG,RGB,1958,2588,1933578,valid,,0a4dea4044ffbff3d6ca793427a6600b4219a05002cc708181ea8be625d2e874,train
dccdf750c962,0,/content/aptos2019_raw/train_images/dccdf750c962.png,PNG,RGB,1050,1050,999420,valid,,cea610fe6093508b3f2f309cd942cc76c5c7875f4f48668a64b00997ada3f51b,test
dce73d90c00c,0,/content/aptos2019_raw/train_images/dce73d90c00c.png,PNG,RGB,1050,1050,1041103,valid,,049e45ba8156048da6ec19763e24a12dba43eedea56a2ba76676def62d3b36a7,train
dcf109df1a2b,0,/content/aptos2019_raw/train_images/dcf109df1a2b.png,PNG,RGB,1536,2048,1949091,valid,,76d80e9f29259c28324dbb3a1e880a5f4f0227316eb92012ca0652cfd21f5135,train
dd02d60bef14,0,/content/aptos2019_raw/train_images/dd02d60bef14.png,PNG,RGB,1536,2048,1929426,valid,,a18742f802cff5114858a9904bb86cbaec13f6f49c27eaa028d66d4ce7b18b1b,train
dd110d2b8c21,2,/content/aptos2019_raw/train_images/dd110d2b8c21.png,PNG,RGB,2136,3216,2091654,valid,,6cb46adbab447e1c8b310043411755661e8cd51257f8261721c6acdef59380da,train
dd19428c3d29,1,/content/aptos2019_raw/train_images/dd19428c3d29.png,PNG,RGB,1736,2416,2138383,valid,,df0e59a94b568ad2e17c7b977c7670b79f02bbf1d6f019403a0c04e7cb244693,validation
dd285d9e97fe,0,/content/aptos2019_raw/train_images/dd285d9e97fe.png,PNG,RGB,1050,1050,1076538,valid,,debb2f1d5ff8ad0a8b945bb47dfcdfea1106135dfc3171e32780c956142219a0,train
dd3176bacfe2,0,/content/aptos2019_raw/train_images/dd3176bacfe2.png,PNG,RGB,614,819,312095,valid,,48bd08b647f6cc29cb529306280044472bc206e0eb51499634136ff2b168884b,validation
dd3dad6ca78f,3,/content/aptos2019_raw/train_images/dd3dad6ca78f.png,PNG,RGB,1736,2416,2356142,valid,,23b672cd992ac34786e1667cc8aabf16882eee5e2168580970b394d99ae94626,train
dd90c321d7bc,0,/content/aptos2019_raw/train_images/dd90c321d7bc.png,PNG,RGB,1536,2048,1956515,valid,,c587d89f7a77ea76647ddb17d494972aa811c87d2ca3e0629ac2e63177482790,train
ddb222ff7c1d,0,/content/aptos2019_raw/train_images/ddb222ff7c1d.png,PNG,RGB,1536,2048,1944128,valid,,31d9fa33be0d5097d7cc440648f94db17224df176432b2209ab05ba0a4b0e2b9,train
dde43aa22ae6,2,/content/aptos2019_raw/train_images/dde43aa22ae6.png,PNG,RGB,1736,2416,2035782,valid,,32e4fb1ad56ee85fa4e57b1b5d39ae77d10570155842ecfb6aa9ad7b35640c1f,train
de16416220de,4,/content/aptos2019_raw/train_images/de16416220de.png,PNG,RGB,2588,3388,7089391,valid,,9d43aa7114c40d29e876048280117d3e0db29fb41d23aed87736ea5cda66bf7b,train
de18071c36e6,0,/content/aptos2019_raw/train_images/de18071c36e6.png,PNG,RGB,614,819,296012,valid,,bad466b14a9a79c42a4cd176210085180dda2681d0c85744803ae3168420accd,test
de2eb5c8aa83,0,/content/aptos2019_raw/train_images/de2eb5c8aa83.png,PNG,RGB,1536,2048,1740197,valid,,2da3d79b3ee2ad3460f4e71972c67b8e91c7d067a8911de601b74f5f4281e792,train
de38adaae009,0,/content/aptos2019_raw/train_images/de38adaae009.png,PNG,RGB,1958,2588,5279683,valid,,025e1314ee93bd50e88a86e67c23648043fa82b7c20e26dcc6ea3ad02ba5d4b5,train
de4cdabbce6d,0,/content/aptos2019_raw/train_images/de4cdabbce6d.png,PNG,RGB,1536,2048,1908555,valid,,49e3856c16eb1b14a9e42da4ab840589faf07dd4e73b22c6bc22a6ba90f159e5,train
de50dfa745f8,2,/content/aptos2019_raw/train_images/de50dfa745f8.png,PNG,RGB,1958,2588,4992900,valid,,39e141b271e193cf74e199b71be78585f9d8932cb8a1551996659d6defd6d48c,test
de55ed25e0e8,0,/content/aptos2019_raw/train_images/de55ed25e0e8.png,PNG,RGB,1050,1050,1046933,valid,,ff1305a1de30df52ac235300f70ccb48703019b055487f24e5f4f473cb828c1d,train
de57c9e9fa93,0,/content/aptos2019_raw/train_images/de57c9e9fa93.png,PNG,RGB,1117,1476,2096664,valid,,df164454154aa896add2e89807b33342b00da25c96c36dfe108db3499f822cc1,test
de6210f88536,0,/content/aptos2019_raw/train_images/de6210f88536.png,PNG,RGB,1050,1050,963606,valid,,0cdab6578eebf146cb2e6f277eca799b2694043375b91c768f4d2937a47cfa88,train
de730033c683,0,/content/aptos2019_raw/train_images/de730033c683.png,PNG,RGB,1958,2588,5140699,valid,,0b5a78a45256d3ae3651b73f7e348ba84294914c5f7f8d85eb08cb9cea8dda9d,train
de778495a1cd,2,/content/aptos2019_raw/train_images/de778495a1cd.png,PNG,RGB,2136,3216,2646183,valid,,d6e57266a7a644a50541b60ba674b97351a033e46dadef1a62fb1d00e08bfb2b,validation
dea7538bb91a,0,/content/aptos2019_raw/train_images/dea7538bb91a.png,PNG,RGB,614,819,364340,valid,,718578bdb03479cd4dad4a421858b302a75a9c462a34ffd72e66acba9578b3db,train
dec5595e6154,0,/content/aptos2019_raw/train_images/dec5595e6154.png,PNG,RGB,1050,1050,970261,valid,,0e5d8e611195561c9bcfea162889d1182f4345ff8ff846e38b60e8113a496044,test
dee1031a76ae,0,/content/aptos2019_raw/train_images/dee1031a76ae.png,PNG,RGB,614,819,352242,valid,,3b1f6b8c7cea0f4d6dbcb5a8cc321a418836dc91fff3b8bc55b96e18812ac587,validation
dee31065f8fe,0,/content/aptos2019_raw/train_images/dee31065f8fe.png,PNG,RGB,1050,1050,1098949,valid,,ca64b8fd9508f1929decd64cf09cd8b8ea14d3eb51151ee6d4c57907d08a09c7,train
dee687c6e88a,2,/content/aptos2019_raw/train_images/dee687c6e88a.png,PNG,RGB,2136,3216,3035041,valid,,6cf8ccdcf616d3333ff6d3670285ca2af7a21f2d6852a2cab471c432c5f17a57,train
df0886f1e76b,0,/content/aptos2019_raw/train_images/df0886f1e76b.png,PNG,RGB,1536,2048,1934496,valid,,50effb5cbd0e7cd6b23ff81017769786b7b4b4903b230874630169beff0b7582,test
df3adfd6ba36,2,/content/aptos2019_raw/train_images/df3adfd6ba36.png,PNG,RGB,1958,2588,5132288,valid,,4ced90767b291e9ce539d3f3e31e40c0913fa439849b8c65c5f326ff6a46a6c1,train
df4913ca3712,4,/content/aptos2019_raw/train_images/df4913ca3712.png,PNG,RGB,1000,1504,1356058,valid,,ae39e3582b8f1a4c24b12c1c131634d9bbf05763913ea58fe846810df4af204e,train
df4aec4a0eaf,4,/content/aptos2019_raw/train_images/df4aec4a0eaf.png,PNG,RGB,2588,3388,4087471,valid,,450e424794963622d9e526468961c240b3292b5414844a36fb3e8a10857d4932,train
df5ce3ea7820,2,/content/aptos2019_raw/train_images/df5ce3ea7820.png,PNG,RGB,2136,3216,2352777,valid,,9228b66acaa16941ec158c883b80f96d7f9a103967a4ad035842536065469dbb,train
df6d13d04da1,0,/content/aptos2019_raw/train_images/df6d13d04da1.png,PNG,RGB,1050,1050,1042624,valid,,dc72f0ed9deabfccec6a870c6fabd8bae9f85ae20b456fd0942c5e3cdf3c7a8f,train
df8365d6ac33,2,/content/aptos2019_raw/train_images/df8365d6ac33.png,PNG,RGB,2136,3216,2808056,valid,,3a1e9db3d22ccfce279b8734709fbd20282116f9365c5cda0f25c18df4a85205,validation
df841a0440d8,2,/content/aptos2019_raw/train_images/df841a0440d8.png,PNG,RGB,1736,2416,2066010,valid,,959b12d11eaf645a7f352aa99de2909c543a80b209a8009e070fe21a10fbf542,train
df84e7113003,4,/content/aptos2019_raw/train_images/df84e7113003.png,PNG,RGB,2136,3216,2279689,valid,,2abe38227bebb40ba0987344b61da7e6b9c007b60982b40f2333dbfab8412e5d,validation
df9cb3729eb1,0,/content/aptos2019_raw/train_images/df9cb3729eb1.png,PNG,RGB,1536,2048,1687088,valid,,230c4b56d9e605547496544618dc383d9b0d54adedc19095fdd55d85c7529c9b,train
dfc7ec7db0e0,0,/content/aptos2019_raw/train_images/dfc7ec7db0e0.png,PNG,RGB,1050,1050,1028159,valid,,77dcaf7aba97cbee3b99d24d3eb235dfbb36ea9347cb21130943ef8b9ae6902a,train
dfea19863428,0,/content/aptos2019_raw/train_images/dfea19863428.png,PNG,RGB,614,819,328554,valid,,96e2e05a7d5d5747528fe23d5005bf3aae533b882de308af985eba10e9df57df,train
e019b3e0f33d,4,/content/aptos2019_raw/train_images/e019b3e0f33d.png,PNG,RGB,1000,1504,1329697,valid,,fb96b0242e3c9f971a07ef60bfe81ba6279aecf031b13b61f11aea17f8e66402,validation
e01b7bac822b,0,/content/aptos2019_raw/train_images/e01b7bac822b.png,PNG,RGB,1050,1050,1007826,valid,,621a6bd7842709a6d45f88a66c4c137e22dbe60241742b94fcb03faeaf4549d1,validation
e0313be77035,0,/content/aptos2019_raw/train_images/e0313be77035.png,PNG,RGB,1536,2048,1894630,valid,,da96db7cde517d1e13da7a3eb3dc00a856ae3a76a1a3a2342a89e56a5ddc9b7f,train
e037643244b7,4,/content/aptos2019_raw/train_images/e037643244b7.png,PNG,RGB,1736,2416,2250069,valid,,a618d68c358ae2e376974f8ad1a0b63e809e2874a3fbbf08879776185e724ed4,train
e03a74e7d74f,0,/content/aptos2019_raw/train_images/e03a74e7d74f.png,PNG,RGB,1536,2048,1819160,valid,,35772611f4402b4c485b7871a8b54db698cf916a767dd2ad0318d0cb6a5d81c5,train
e03e70bc8bba,2,/content/aptos2019_raw/train_images/e03e70bc8bba.png,PNG,RGB,1736,2416,3037591,valid,,54bc1d6167dbfdbba3b8893cc60a2b359ac47c7c75ef076388d114f814d465d3,train
e04f3c6619a3,0,/content/aptos2019_raw/train_images/e04f3c6619a3.png,PNG,RGB,1050,1050,964804,valid,,5c0f653f6da01d10e2541910c4a7b09017b62f3f300730190d07e4c7fb2a771d,validation
e067b06fd655,0,/content/aptos2019_raw/train_images/e067b06fd655.png,PNG,RGB,1050,1050,1019491,valid,,3f777bbdf2bd549578c858c8cabd603b2464b249b9bb4217a7423946a41e927d,train
e06cccc08c59,0,/content/aptos2019_raw/train_images/e06cccc08c59.png,PNG,RGB,1050,1050,1027308,valid,,4f15ffbe8758410ba4ca7dcb6d79d9909c350272fa320fda84fced6c2b6ef993,train
e06d3d4733f0,2,/content/aptos2019_raw/train_images/e06d3d4733f0.png,PNG,RGB,2136,3216,3467911,valid,,6c4a7ee3dfc880d29f24e32bf814a778c5af6541ac1f39651d9f5d993a64ab26,validation
e07045d7c5f7,1,/content/aptos2019_raw/train_images/e07045d7c5f7.png,PNG,RGB,1736,2416,2210400,valid,,1759070147ac356e04b9ed4283f84b277fbccf493466616032bf844952e6948f,train
e0863b353093,2,/content/aptos2019_raw/train_images/e0863b353093.png,PNG,RGB,2136,3216,2207086,valid,,4b93cd050ffc4e5fda1b30f2fba28d98a02ecdbfe0ef49690cc45965b96997d7,train
e087bd4b88f2,0,/content/aptos2019_raw/train_images/e087bd4b88f2.png,PNG,RGB,1536,2048,1919858,valid,,b728f27c3cea32ffc2803fdc0a31aaba4c81887092cb9fb4e54753294881e582,train
e0b5a982a018,3,/content/aptos2019_raw/train_images/e0b5a982a018.png,PNG,RGB,1736,2416,2303848,valid,,7ad328123e6b1e4cce070b671b6d71b2531ddb52da348ea80f66f3c1104da6b6,validation
e0d229db881a,0,/content/aptos2019_raw/train_images/e0d229db881a.png,PNG,RGB,1050,1050,955987,valid,,0ab217942796ee6af90f8be7e0261411c7266c5eae16889f5c61f8bfa231108c,train
e10190a9d52f,2,/content/aptos2019_raw/train_images/e10190a9d52f.png,PNG,RGB,2588,3388,4097475,valid,,179dfe16af4559fbdddaaee9e5976effb2e45de0155597459255a25547ee51f7,train
e12b67835e03,2,/content/aptos2019_raw/train_images/e12b67835e03.png,PNG,RGB,1050,1050,968561,valid,,a523433629a526ab4b6bdf9b0d6229b8ef61e107b6df7ca63c88679126e63ee2,train
e12df54e0d1e,0,/content/aptos2019_raw/train_images/e12df54e0d1e.png,PNG,RGB,1050,1050,892856,valid,,0aeea643ba11764a9fa67076ab3c341b91006492dc7671d848d1b3209c976e81,train
e12f9f19d1be,0,/content/aptos2019_raw/train_images/e12f9f19d1be.png,PNG,RGB,614,819,293322,valid,,efa8f37cbbff42275244a761b9b5f77260180874c7910f906df7b2668dd351a0,train
e13412678eff,3,/content/aptos2019_raw/train_images/e13412678eff.png,PNG,RGB,1736,2416,2386441,valid,,2f6a87883d8d35937859b3d0723284f1dbe256ab86dc1146a7e98919857b0063,test
e135d7ba9a0e,0,/content/aptos2019_raw/train_images/e135d7ba9a0e.png,PNG,RGB,1050,1050,969780,valid,,07a307c087b2ac32cae803e2866671f26dbe4130229ac7d592f76d74314d2086,validation
e1418d28d668,2,/content/aptos2019_raw/train_images/e1418d28d668.png,PNG,RGB,1958,2588,4829741,valid,,90a4343a556c768aa00616ba54f9d175b837770c19fb4b7a1055c4acc0c9dbf4,train
e150935f66a6,2,/content/aptos2019_raw/train_images/e150935f66a6.png,PNG,RGB,1050,1050,954233,valid,,cd53baa6ca38cbc3c993c7d3e8d5eb28edf14d48e21f277b6461b0ae0d3ba053,train
e160a3b19911,0,/content/aptos2019_raw/train_images/e160a3b19911.png,PNG,RGB,614,819,314669,valid,,554aa51395cdaa741b974bf3e6dd7269d22be9f01d8ae2524acfa5ccbb4a970d,train
e16af45285e5,0,/content/aptos2019_raw/train_images/e16af45285e5.png,PNG,RGB,1050,1050,995747,valid,,532ceadccb1ee89578fd041c5aa6750985f8d5376be72c6048869c5d6de11091,train
e16fc934069f,2,/content/aptos2019_raw/train_images/e16fc934069f.png,PNG,RGB,2136,3216,3263745,valid,,b487f2451120dacda8c0a7840e6ad6c30c07f4d8d920e391d8224cc9fd1b90eb,test
e17507a4a1f5,2,/content/aptos2019_raw/train_images/e17507a4a1f5.png,PNG,RGB,1736,2416,2177894,valid,,03157db2d2f5e823b482b39cabd418df6ea76bfe3ed23aa917939edaa033f85b,train
e1900014dabf,3,/content/aptos2019_raw/train_images/e1900014dabf.png,PNG,RGB,1736,2416,2128630,valid,,a047820049054fffdc09e476731b82d8eaeb5ea76559a5c3809e633b0946c1bb,train
e19936582c61,3,/content/aptos2019_raw/train_images/e19936582c61.png,PNG,RGB,2136,3216,3060006,valid,,7a0edf08f1bc2571dc3509ed7fa79047118246c3b5a83010e2bb087a6cd9b571,train
e1ab92228e60,0,/content/aptos2019_raw/train_images/e1ab92228e60.png,PNG,RGB,1736,2416,2189710,valid,,38431bd7784a165df7db06c5d060c62b8817d685e51991f570ca769c9491115f,train
e1b8acb1cea1,0,/content/aptos2019_raw/train_images/e1b8acb1cea1.png,PNG,RGB,1050,1050,1004271,valid,,bcb13c03136b6494c03054507063a7d09c4653d3cc7e964afc92d477caee56ee,train
e1c02f6c3362,0,/content/aptos2019_raw/train_images/e1c02f6c3362.png,PNG,RGB,1536,2048,1893452,valid,,c5e5cdbcf1d975624acc9ee28604dbf2f378033f9b53e778b9096d39e2595f24,train
e1dc02a3dc2a,0,/content/aptos2019_raw/train_images/e1dc02a3dc2a.png,PNG,RGB,1050,1050,1018687,valid,,800f5df5211224169923684fd3da326b4ac65fcae1a10135586e490426c28a35,validation
e1e490773462,2,/content/aptos2019_raw/train_images/e1e490773462.png,PNG,RGB,2588,3388,3673427,valid,,ada33807bc6f3968fbbd8a500aa8ae521f2514093d98ec6fb55eaac35f185fb5,train
e1fb532f55df,3,/content/aptos2019_raw/train_images/e1fb532f55df.png,PNG,RGB,1944,2896,2265267,valid,,2b9569315ffd11aa16a416444b0a43425deefcbea0cbf0967f4ebb8a2b31ca7e,train
e2161692a0b4,2,/content/aptos2019_raw/train_images/e2161692a0b4.png,PNG,RGB,1958,2588,5020089,valid,,67eca77dcd60a787834d94a342177c1b5d5e601e3adae6fc50f0bcbdc1b9c051,validation
e2265c383348,0,/content/aptos2019_raw/train_images/e2265c383348.png,PNG,RGB,614,819,297490,valid,,cc4191b60dd3c37ecf63f4c6a9c6eefa42228a760ed8701566a3e0f702cdbe02,validation
e229aca862c7,2,/content/aptos2019_raw/train_images/e229aca862c7.png,PNG,RGB,2136,3216,3121922,valid,,0e6a9f476e1f93a7e646764a94932f29c70e9893a72fd8b8745448d91f8c28f5,train
e23add229074,4,/content/aptos2019_raw/train_images/e23add229074.png,PNG,RGB,2136,3216,2811753,valid,,2bb2ee50021d060f4f483ce581125b4f1533a0b495b3a0d55412f493f3e12256,train
e246cd89e1cc,0,/content/aptos2019_raw/train_images/e246cd89e1cc.png,PNG,RGB,1050,1050,935978,valid,,0e5f244b19489aa1ca996a3e4be1098af8b289ad1ade4de7a90234db3735a427,train
e251bdf05b85,0,/content/aptos2019_raw/train_images/e251bdf05b85.png,PNG,RGB,614,819,334291,valid,,7e5503fcb42a05ac68b42d3bdbafc399ec4a1324b8f2b60bcd2d403bf862a1b3,train
e25ccfe38e44,1,/content/aptos2019_raw/train_images/e25ccfe38e44.png,PNG,RGB,614,819,333090,valid,,8f862331a8160de0dde68b71040f95c75f769efff7d6bd0c409aa0215084bd37,train
e265c870f9b3,2,/content/aptos2019_raw/train_images/e265c870f9b3.png,PNG,RGB,2588,3388,7674292,valid,,8860de65c15f66fddf1e9d54efa213db29e3264e0cd1e3c7e4a2e5505a5b84d3,train
e26bcae6c67b,0,/content/aptos2019_raw/train_images/e26bcae6c67b.png,PNG,RGB,1958,2588,5205704,valid,,9ac8ad8fde2ad77f4907fd627625d31f4bda25e988750c57d27391c648f7f936,test
e26d8718ca58,1,/content/aptos2019_raw/train_images/e26d8718ca58.png,PNG,RGB,614,819,322929,valid,,9b4cb8d608235d6d6c9979c24e3a46196f986110bdbc71c877c2d52fcdb4bc63,train
e2856afe62c5,2,/content/aptos2019_raw/train_images/e2856afe62c5.png,PNG,RGB,1736,2416,1633934,valid,,b8d2da4530422642dfd91e7f3f4bfb76e7c37e391eb729eab0074ebbbf56c9fe,train
e29e54ff921e,0,/content/aptos2019_raw/train_images/e29e54ff921e.png,PNG,RGB,1050,1050,1006786,valid,,33c423553839ad8b9ed8df5376ba9510fd66dd36aac7acbb5ec8018ce2cb807e,train
e2a233493b90,1,/content/aptos2019_raw/train_images/e2a233493b90.png,PNG,RGB,1736,2416,2252823,valid,,4b035b8a9fae503de60651abb30a7a9e3778d921dbea4f871bbfd07955f7f569,train
e2a47a74e6e1,2,/content/aptos2019_raw/train_images/e2a47a74e6e1.png,PNG,RGB,1736,2416,2530661,valid,,4723d47836b16114f201a9722180ef0d77fea4d388808ddb728b3a110bb40636,test
e2c39ed0c941,0,/content/aptos2019_raw/train_images/e2c39ed0c941.png,PNG,RGB,1050,1050,973374,valid,,53751ad2c859f84faa38ddb9764d5149fe23bf14b8bb1524f6b56df986c7936c,train
e2c3b037413b,0,/content/aptos2019_raw/train_images/e2c3b037413b.png,PNG,RGB,1736,2416,2233799,valid,,651c66b7bba8723f612f8d6294c384d966069f5d8b8dad77cdf8b6465d01b27f,train
e2ec22b3d07e,0,/content/aptos2019_raw/train_images/e2ec22b3d07e.png,PNG,RGB,614,819,352177,valid,,119a22d2df4e271e684c7013022557c6aed79eee5f97aa87f0da3296e2c92138,train
e30a890600e1,0,/content/aptos2019_raw/train_images/e30a890600e1.png,PNG,RGB,614,819,335838,valid,,b68929d509dc7756e5f5e8d22b945d9f73b0a58ddb63c110c9b97f2d88e7d50e,test
e31c42a8652b,2,/content/aptos2019_raw/train_images/e31c42a8652b.png,PNG,RGB,480,640,341981,valid,,92039254f6e1b63bddbf635d083d05ae370c4587f2efcacb34dcbf4588f7c701,train
e322acd46152,0,/content/aptos2019_raw/train_images/e322acd46152.png,PNG,RGB,1536,2048,1864465,valid,,2ed341016e8db6c7a34256a7d2d3b0657afb4d0bddb0ad06c4ecd09628d4c086,test
e32a359be36d,3,/content/aptos2019_raw/train_images/e32a359be36d.png,PNG,RGB,1958,2588,5142729,valid,,06da4ce86ac8cc9326be8856494509a1ac3147365625cc72dced8cc26f443818,train
e32dc722eca5,4,/content/aptos2019_raw/train_images/e32dc722eca5.png,PNG,RGB,2136,3216,2895206,valid,,813d28bee199b375abf0740462229c9e8540ac9730939b01b8453b7e3eadbd8e,train
e33766353db2,0,/content/aptos2019_raw/train_images/e33766353db2.png,PNG,RGB,614,819,325285,valid,,cec1c2f412f09294b4b12057b9754434ea14f400357613b8661dc3d59df3970d,train
e34fa07bd64d,2,/content/aptos2019_raw/train_images/e34fa07bd64d.png,PNG,RGB,1226,1844,870861,valid,,fc953d95ec58157a1a1dbac460b7bec83cbf1ed027a41537f7e76bcc1ddf29e8,train
e387311a840e,2,/content/aptos2019_raw/train_images/e387311a840e.png,PNG,RGB,1736,2416,2157747,valid,,f15ec75b458576d09bbf4a5353c4ef2890d3f5923aa429415d1cec429d5261d4,train
e38f3a65b02b,1,/content/aptos2019_raw/train_images/e38f3a65b02b.png,PNG,RGB,2848,4288,5264965,valid,,2f1a7cb1401cd4aba6cf35305b5806668a8d9ae926326a87effc79583bcc030c,train
e3a7671f787b,2,/content/aptos2019_raw/train_images/e3a7671f787b.png,PNG,RGB,2588,3388,7214166,valid,,edf0d2f847d690f396354e359f28f60b48f9bf036030f96fb9f77b3c05a8c767,train
e3ab63dc9a60,4,/content/aptos2019_raw/train_images/e3ab63dc9a60.png,PNG,RGB,1736,2416,2164415,valid,,013cfb6e53f4f56f7cb19167c3ce536acec06fa07cceabc64fc6a23df2c77082,test
e3b47ed5b511,0,/content/aptos2019_raw/train_images/e3b47ed5b511.png,PNG,RGB,1050,1050,932579,valid,,765e594ec9452574f0b184fa924a41c5accfa3376d47bdc866e8a32b68351848,train
e3cd96cb094c,0,/content/aptos2019_raw/train_images/e3cd96cb094c.png,PNG,RGB,1536,2048,1925657,valid,,4a2be5c02bc74caf413ae612f08f0e75902b00e8e85a579f4e24212fb21fdc6c,test
e3e490babc0c,2,/content/aptos2019_raw/train_images/e3e490babc0c.png,PNG,RGB,1736,2416,1948601,valid,,1239681da1e2b0804814e6cc43ef5759ca8973401e56fc7173a9bf0972975d17,validation
e3ec668f6fad,4,/content/aptos2019_raw/train_images/e3ec668f6fad.png,PNG,RGB,2588,3388,7204845,valid,,06f961796ab1e363f3a4b29b39aae302abfde28d5a9484956843353cb3ea0641,train
e4210e7fe587,3,/content/aptos2019_raw/train_images/e4210e7fe587.png,PNG,RGB,1958,2588,5145482,valid,,3fb8407aeee8c688f04aa62cb50059d02e39e44dd9264880d5a545f7de1459e3,validation
e42d9a94a66d,0,/content/aptos2019_raw/train_images/e42d9a94a66d.png,PNG,RGB,1958,2588,5447269,valid,,a851f5b058a84109798c5d84aac9b166ebac88826e364db924158c5c0e65335e,train
e4730ddde408,4,/content/aptos2019_raw/train_images/e4730ddde408.png,PNG,RGB,2136,3216,2958821,valid,,fda3939b831e400d98a4855640b3400e64e1c1792b486530103ef9ea743e4841,validation
e47452069ea1,0,/content/aptos2019_raw/train_images/e47452069ea1.png,PNG,RGB,1536,2048,1736091,valid,,9ec48dcfecb65bf6a362d9f95a1ee64a4654c8bdf50f16b5faf12c345e2496b1,train
e47770a2e5d1,0,/content/aptos2019_raw/train_images/e47770a2e5d1.png,PNG,RGB,1958,2588,5302282,valid,,ac3c7f493e92195cdee292afd893f6ab9ecdcfd855367e4c10261472dc7bea6e,train
e499434242cc,2,/content/aptos2019_raw/train_images/e499434242cc.png,PNG,RGB,2136,3216,2548486,valid,,e7dd96a69734c404e5b3d465f0962f6f25d4aa9b00ade9b87e98c1a2dd7b0350,train
e4a44f9158dc,0,/content/aptos2019_raw/train_images/e4a44f9158dc.png,PNG,RGB,1050,1050,994446,valid,,eef26ba5ba1c86c80f5bbf45b8277bea4a53f89321751b6bc63b5b06e7c32b22,validation
e4ae1ee6aada,0,/content/aptos2019_raw/train_images/e4ae1ee6aada.png,PNG,RGB,1050,1050,939824,valid,,59423c738dd72754207a7d200545cfe1470c9803794f21d362bc2a81cb5aae20,train
e4b0df29b96f,0,/content/aptos2019_raw/train_images/e4b0df29b96f.png,PNG,RGB,1050,1050,948092,valid,,1b8f64457595fbd6c9d4068e9b5fe8a799a004fb7a1a27a5eafd17139e5f1b7d,test
e4c799738a19,0,/content/aptos2019_raw/train_images/e4c799738a19.png,PNG,RGB,1050,1050,939526,valid,,fb53b34338f13d78f842762a20bfc92d7dd7201d99494c3efdcb39d7c31ab7b5,train
e4d3d437b0a8,0,/content/aptos2019_raw/train_images/e4d3d437b0a8.png,PNG,RGB,1050,1050,1026734,valid,,5c0d68fbb05a126b287889498ae13e8163572c2f0c03a73bc73c0221c8c4256b,test
e4dcca36ceb4,0,/content/aptos2019_raw/train_images/e4dcca36ceb4.png,PNG,RGB,1050,1050,1000194,valid,,0b83fa8ad3116d65becdc56e5c2cd36bb684dbf7f9c33b622a6bad966fb5e4d4,train
e4e343eaae2a,2,/content/aptos2019_raw/train_images/e4e343eaae2a.png,PNG,RGB,1424,2144,2751322,valid,,676b0bba175fe505acffac75e2cea7bef66cd20fb494f6c37e546b9691dcaf0c,train
e4f12411fd85,4,/content/aptos2019_raw/train_images/e4f12411fd85.png,PNG,RGB,1944,2896,2310044,valid,,2f48ad57c9cf593dfdc14623e246ab8ff557918037deeab98b959e73caf2ac6e,train
e50b0174690d,0,/content/aptos2019_raw/train_images/e50b0174690d.png,PNG,RGB,1050,1050,839235,valid,,3e8f48cbf447f354dba5b66795ff14a910b1d6d6bb9a17d01a459d5f7d3c54ec,train
e5197d77ec68,0,/content/aptos2019_raw/train_images/e5197d77ec68.png,PNG,RGB,614,819,346866,valid,,1383b9d21d9861a7fd2e2d380acc0df708f31099935d97c914c0d81d914812a9,train
e529c5757d64,0,/content/aptos2019_raw/train_images/e529c5757d64.png,PNG,RGB,614,819,274868,valid,,480311f68d236485e4795be6f8c43792d5f6625458e881cc778b74332b1d5096,validation
e52ed5c29c5e,3,/content/aptos2019_raw/train_images/e52ed5c29c5e.png,PNG,RGB,2136,3216,1857815,valid,,759151cfc329e03db492fea21517931c838fb67824e0ccca0827a882a3bbb4bf,train
e540d2e35d15,2,/content/aptos2019_raw/train_images/e540d2e35d15.png,PNG,RGB,1736,2416,2024194,valid,,4d8ec22d3455f17fa3d55d0b23623f7f48faba2b258dd42e9ee3d6b89737a739,train
e55188915f9d,1,/content/aptos2019_raw/train_images/e55188915f9d.png,PNG,RGB,1736,2416,1939405,valid,,5b9735ee9e36bcf63a211de98582f535a210f4772ca83aa7673d45a496616059,validation
e580676516b0,1,/content/aptos2019_raw/train_images/e580676516b0.png,PNG,RGB,1958,2588,5561762,valid,,099d8827e7d81c7dc28f47277265fff3c9cf614c9f159f63b306b9317d04a8c4,train
e582e56e7942,0,/content/aptos2019_raw/train_images/e582e56e7942.png,PNG,RGB,1050,1050,1073949,valid,,46bb2d5f0855b17e0ea91a2970889dc8871a488b9d4384a41b4ba6ae2f5de103,train
e594c19e2e1d,0,/content/aptos2019_raw/train_images/e594c19e2e1d.png,PNG,RGB,1050,1050,942828,valid,,95da3cc967473d7f8ecdbca76e21bb895402d788800ab662b95f9725e6faaee7,train
e599151ca14b,2,/content/aptos2019_raw/train_images/e599151ca14b.png,PNG,RGB,1736,2416,2095961,valid,,17508a5bbf738c9a54b144cfe404d9c0136abf15d4607a7eeb395adae6e893f0,test
e59c5f345bb0,0,/content/aptos2019_raw/train_images/e59c5f345bb0.png,PNG,RGB,1050,1050,1058603,valid,,19a7aaad665ebdf921a2f468366c8c06cbd370b5df8f804c44d581c2ebc1d1cd,validation
e5d56f4f359b,2,/content/aptos2019_raw/train_images/e5d56f4f359b.png,PNG,RGB,2136,3216,3117571,valid,,17e2ade594341467e96e0dd03b6b1fc5e056d60ef66781988bca13079956a075,test
e5de79795c1d,0,/content/aptos2019_raw/train_images/e5de79795c1d.png,PNG,RGB,614,819,376043,valid,,695f61d300a9a6ec6bf2d64b2e4e23a57eb82e57f45e3302fa550f2be01d0c06,validation
e5f332efcbc7,0,/content/aptos2019_raw/train_images/e5f332efcbc7.png,PNG,RGB,1536,2048,1729320,valid,,53d9f391f9ae599ae3df8d11d0ff0dccbd23f2abb003bea826c632b2b9942eb2,train
e5f73f2855c0,0,/content/aptos2019_raw/train_images/e5f73f2855c0.png,PNG,RGB,1050,1050,1051082,valid,,13d15e2cf39e8cb038a28dd97afe683acb84b15ed1d6bc159caf807358e5afda,train
e60e4edb3ca9,0,/content/aptos2019_raw/train_images/e60e4edb3ca9.png,PNG,RGB,1050,1050,982024,valid,,81feb89d737b3dea4439f2cba53a2a76318f0d4f0e99d15ec86a2bdb13932e2b,train
e62490b7d0e9,4,/content/aptos2019_raw/train_images/e62490b7d0e9.png,PNG,RGB,2136,3216,2973004,valid,,c14a111e58d2b2dbb5b378d3751d7970561fbc6f9f824abcb36d95d433568f59,train
e632e38fd2d4,0,/content/aptos2019_raw/train_images/e632e38fd2d4.png,PNG,RGB,1958,2588,5293195,valid,,0fcfe54bd5541c6ef64ffb03cee395e1c9b7184fca628d3ed2624225ac842f05,train
e6552b7432b3,0,/content/aptos2019_raw/train_images/e6552b7432b3.png,PNG,RGB,1050,1050,863762,valid,,93d44681226168cc4057f50d06590171799179767cda81b08926b2c12aa7f41b,train
e65a2ff90494,2,/content/aptos2019_raw/train_images/e65a2ff90494.png,PNG,RGB,1736,2416,2279589,valid,,9703c3935a25037d9a9188f7b5585b1c30216a23f55afad2f0c613d54d4d1f8a,train
e65f94ad9be3,2,/content/aptos2019_raw/train_images/e65f94ad9be3.png,PNG,RGB,1958,2588,5275328,valid,,12ce6fb7a6394f969f2663a02f0590b2c72fb086bb82493e236e74b4689dd0db,test
e663c6627a95,2,/content/aptos2019_raw/train_images/e663c6627a95.png,PNG,RGB,1736,2416,1976236,valid,,4d3c7418bfaf3e5346fbda7c9cc8258487f6ba11bd5c6455b3f64b076f0602e0,train
e66855a5c583,0,/content/aptos2019_raw/train_images/e66855a5c583.png,PNG,RGB,1050,1050,1032888,valid,,bfefed3f5bf41b8703ec1e74a84cd24f2c711ac6978ee352c63ba946225cdf3b,test
e66ad813a508,0,/content/aptos2019_raw/train_images/e66ad813a508.png,PNG,RGB,1050,1050,1052367,valid,,4a87ee64ccb7323776ced65364e256d004204348bc95538d503c4b1769f6267b,train
e68746d426b2,0,/content/aptos2019_raw/train_images/e68746d426b2.png,PNG,RGB,614,819,369154,valid,,af69198a948fea135c71ed342b369a3097b41358af6b7c4f96d6e56837317244,validation
e68bdd36e589,0,/content/aptos2019_raw/train_images/e68bdd36e589.png,PNG,RGB,1958,2588,5593052,valid,,3fc300db6fedfa204781bdf15f8685766050450d114714974caf9c4bfa53dcee,train
e69b48516577,0,/content/aptos2019_raw/train_images/e69b48516577.png,PNG,RGB,1958,2588,5149691,valid,,a360f502d24812bf96d3c54458c448ec994627faaab10c3f8dead727dc52a509,validation
e6a58edc5b42,2,/content/aptos2019_raw/train_images/e6a58edc5b42.png,PNG,RGB,2136,3216,2761430,valid,,0e42e9310557a286908fc611e7b430b8c08d7b774f9aa0a129f3b7064b6beda9,train
e6a5e4718873,0,/content/aptos2019_raw/train_images/e6a5e4718873.png,PNG,RGB,1050,1050,1033427,valid,,950ce249b0b69096022f20b3ff9b50596f6836adc68d7d85a7db15a01d3ee234,test
e6a6acf7fca1,2,/content/aptos2019_raw/train_images/e6a6acf7fca1.png,PNG,RGB,2136,3216,2095287,valid,,09f70dbfaf373fbb9f49cc5a5c7946a0533af8749b46e47fa4bdea596de7cdbc,train
e6f0ce5bf282,2,/content/aptos2019_raw/train_images/e6f0ce5bf282.png,PNG,RGB,2136,3216,2881332,valid,,d87e05614fccda6bb7702959118dee8568c1b4babdd7b3784d0471758c5e0645,train
e724866f5084,2,/content/aptos2019_raw/train_images/e724866f5084.png,PNG,RGB,2136,3216,2693317,valid,,fb3872382bbdfe154cce4d9bc584e2957ab12390957368b3f525e684829c21f6,validation
e7291472109b,0,/content/aptos2019_raw/train_images/e7291472109b.png,PNG,RGB,1050,1050,1096762,valid,,621a200aedfd81a5bb8a1ebd98900162f55bf63ec1462ef07f1cb9c30fdbf2f9,test
e756495c11cb,2,/content/aptos2019_raw/train_images/e756495c11cb.png,PNG,RGB,1736,2416,2131943,valid,,a861de2ac7bf5e4d869521b9dd6d5aafba47c9700a3477e90602c47a34b4ecf7,train
e7578d8dba72,0,/content/aptos2019_raw/train_images/e7578d8dba72.png,PNG,RGB,614,819,312508,valid,,f36ee356c791585de5e1a0af8e070287b73cb8155d272076abf6131717fc2a20,train
e76a9cbb2a8c,3,/content/aptos2019_raw/train_images/e76a9cbb2a8c.png,PNG,RGB,1000,1504,1387393,valid,,e182d6e51a906c53ce2efd376beeb3579c4df79a5f0dc776a028ed6e0cb78f51,train
e77a93c3d9a9,0,/content/aptos2019_raw/train_images/e77a93c3d9a9.png,PNG,RGB,1958,2588,5545249,valid,,17dcd7f23f53a8dc713f371cf622ccd4a418538da6c37d1a2f8f3c06727cda30,train
e79e10907295,0,/content/aptos2019_raw/train_images/e79e10907295.png,PNG,RGB,1050,1050,785290,valid,,57c60cb5a432a6cd85ae7ee92a2c27dc8426dc05d69d2f72fada47bf951ebcc3,train
e7a372a1c3a4,2,/content/aptos2019_raw/train_images/e7a372a1c3a4.png,PNG,RGB,1736,2416,2297272,valid,,27cfabf3a7fce0f74a786d64428e6d339d8167cabf043fc0a5b021d2ecc1dcf5,test
e7a7187066ad,2,/content/aptos2019_raw/train_images/e7a7187066ad.png,PNG,RGB,1000,1504,1310537,valid,,9ea39e07a83a8a1f3da59b158fb11035b3ab078138a02dc1392d2f51ae054653,train
e7b5dd5bab1f,0,/content/aptos2019_raw/train_images/e7b5dd5bab1f.png,PNG,RGB,1050,1050,1019875,valid,,1bc0dccd0c9c03cb228ac42eda1c11c443ada3d25a797fc1c38ed3f1d0a1a8e4,train
e7d2c2c3b30f,4,/content/aptos2019_raw/train_images/e7d2c2c3b30f.png,PNG,RGB,1736,2416,2297467,valid,,e5cd7aebcb8ba75a31c5503f33b48fb112721c91ffb24751a2c2fabb7132feb0,train
e7defafeb957,2,/content/aptos2019_raw/train_images/e7defafeb957.png,PNG,RGB,2588,3388,3763633,valid,,5319ffef227fec6e89a4228eba759d303b44b489da41c52156f26eaeb0dc48d7,validation
e7fc93ac5b6d,2,/content/aptos2019_raw/train_images/e7fc93ac5b6d.png,PNG,RGB,1958,2588,3412641,valid,,e2824a767cfe107ba4556beef7cd3f6ccd2dbeffb4d03544867f4af036868c24,train
e811f39a1243,2,/content/aptos2019_raw/train_images/e811f39a1243.png,PNG,RGB,1944,2896,2325568,valid,,0185661d580751a46d27c131535afae0db1da8c73b73becc7cf1f36d4fcfbc35,validation
e81f4a2fbbdc,0,/content/aptos2019_raw/train_images/e81f4a2fbbdc.png,PNG,RGB,1958,2588,5790688,valid,,1a0c00efaad14d98d1a8e93e79904c0a3d3576550db36e9c24c2ccec6c8b4c4e,train
e821c1b6417a,4,/content/aptos2019_raw/train_images/e821c1b6417a.png,PNG,RGB,1958,2588,4812258,valid,,f1c489c5a1bb2e6126f9c59b7c1c36670939c42ea3b2874c4ab914ea06bf7d0e,train
e82232a3c28b,0,/content/aptos2019_raw/train_images/e82232a3c28b.png,PNG,RGB,1050,1050,1052270,valid,,3068b3b69e8b84506a60e493e54b4280aeb75df29ccac46d08f0bbf4fdf9835f,train
e83d315d8f98,2,/content/aptos2019_raw/train_images/e83d315d8f98.png,PNG,RGB,1958,2588,5152012,valid,,2eb17a1ce066896540a7b02ac2f112ce8325d787e09685d0922a6bdbeb898d0d,train
e85d410d6836,2,/content/aptos2019_raw/train_images/e85d410d6836.png,PNG,RGB,480,640,323496,valid,,b4704b6e93b9d913bd6620ec5dbf0139f17f04a8635937879bd4bda53d07dab0,validation
e868c3da340b,2,/content/aptos2019_raw/train_images/e868c3da340b.png,PNG,RGB,2136,3216,2132417,valid,,0c3a4923edbb0e8f3728ec5532973e4850766c38ccdc92a1eb20a89610694602,train
e893e86dde94,0,/content/aptos2019_raw/train_images/e893e86dde94.png,PNG,RGB,1050,1050,915698,valid,,ae3fb63cd513d017180527dba3b7735e70a1d09677a7dc36c9cf93856c5a1723,train
e8ddfc9709ce,0,/content/aptos2019_raw/train_images/e8ddfc9709ce.png,PNG,RGB,1050,1050,1028792,valid,,08939fadeaae29e1d55fddefd147f30546800c33e726727a2cb00200590ac057,train
e8e44b3160e3,0,/content/aptos2019_raw/train_images/e8e44b3160e3.png,PNG,RGB,1050,1050,1022433,valid,,2a600005c8804fe848be12332f9ccb6df842f85c414d1ed9bbaf298574ebe113,train
e907d23cce3d,0,/content/aptos2019_raw/train_images/e907d23cce3d.png,PNG,RGB,1536,2048,1943155,valid,,b027b0451333d99c9fa65960ab53e8f9696205bcb04bbe00419906d6ddf128e1,test
e9129ce55fd7,2,/content/aptos2019_raw/train_images/e9129ce55fd7.png,PNG,RGB,1958,2588,5202335,valid,,0c490b9ebc4fac652056179a5295091d28f33309fe753ec71ce53b31e0cdb765,train
e9286ddf6ffe,1,/content/aptos2019_raw/train_images/e9286ddf6ffe.png,PNG,RGB,2848,4288,5373359,valid,,10971432c5c4bad1c40941ffac1d92a6f61d848381fee3c2576fbc3dc5850240,validation
e933923aab15,0,/content/aptos2019_raw/train_images/e933923aab15.png,PNG,RGB,1050,1050,1042662,valid,,effa7c2384b11244ba8da89f23cb9eaa3f6a5705cceaa3ef1bcfa28776ddf541,test
e93394175a19,3,/content/aptos2019_raw/train_images/e93394175a19.png,PNG,RGB,2136,3216,3057116,valid,,0ae0e2148f6c090b7a68990ad78751ecc789645b5dbc92c9572a41d51343b24e,test
e96099b961b4,2,/content/aptos2019_raw/train_images/e96099b961b4.png,PNG,RGB,1736,2416,1988052,valid,,896ff7ddb2eda3a32619e81193fc8d1de0e3ba333a7577933a8b6dca5eba5c2d,validation
e966850247f4,0,/content/aptos2019_raw/train_images/e966850247f4.png,PNG,RGB,1050,1050,891592,valid,,f72fd0609fe6809f5ce4587382e427f4a82a4983092978dc6501ea3a9d31862b,train
e9678824215d,0,/content/aptos2019_raw/train_images/e9678824215d.png,PNG,RGB,1050,1050,933615,valid,,1423cd0fa36f8ff3befd35b8cd284260a84aa4150c7db4cc08a916c678e4d8eb,train
e96bd80a8a53,1,/content/aptos2019_raw/train_images/e96bd80a8a53.png,PNG,RGB,1736,2416,1710982,valid,,45ffafe3537ffe8ddb26f2dcaa197a573dc4c2832f1f2f49a9c1ab371d8f2ae8,train
e97ecf4355cb,0,/content/aptos2019_raw/train_images/e97ecf4355cb.png,PNG,RGB,1536,2048,1783921,valid,,53b94701be6d78c0855c1bd87e8d55969799cd2eebddaffd5e6e3a3814aabeb1,train
e9ab8413e771,4,/content/aptos2019_raw/train_images/e9ab8413e771.png,PNG,RGB,1958,2588,5238072,valid,,a1826334314729743d1d47bb490fa09d9bb92732cf9c49d629de43a95e5a9b14,train
e9ce5bf645ab,0,/content/aptos2019_raw/train_images/e9ce5bf645ab.png,PNG,RGB,1050,1050,1004526,valid,,b6c047adf304430970421ca8ad7739d81110dc0911a395f3cda620a91e27b482,test
e9f3c85a2a02,0,/content/aptos2019_raw/train_images/e9f3c85a2a02.png,PNG,RGB,1050,1050,1029783,valid,,68dfb6da3d6068e2288af60907b11669e81a50b0ecca8e1cedb3b933b4ce5fbd,train
e9f82b5bbaf4,2,/content/aptos2019_raw/train_images/e9f82b5bbaf4.png,PNG,RGB,1736,2416,2078702,valid,,9514ae4ab56df441302fa3edc715b2ce974bb3dae07b3d4ba19fccfe84aa6f07,train
e9faf0296643,0,/content/aptos2019_raw/train_images/e9faf0296643.png,PNG,RGB,1958,2588,5877048,valid,,9da31593c07175c25257eee46418756059dc82a147188a6815f4ba52151b1ce5,train
e9ff9352ccb3,1,/content/aptos2019_raw/train_images/e9ff9352ccb3.png,PNG,RGB,2848,4288,5491926,valid,,0d2c7aef480139a613df6943c1548b78633c240e383b1e7365df1f04f977d109,test
ea05c22d92e9,2,/content/aptos2019_raw/train_images/ea05c22d92e9.png,PNG,RGB,1000,1504,1384653,valid,,5c7c138b047238279a85d81a537d862fe09b829ba824fe8226132ae39cf57cc3,train
ea1d045f9fea,2,/content/aptos2019_raw/train_images/ea1d045f9fea.png,PNG,RGB,2588,3388,7284494,valid,,11f4a7780f68f722874f1eb4cc754c80a92c85aeddcbc3fe3542bcc4e635a744,train
ea4ce9516144,0,/content/aptos2019_raw/train_images/ea4ce9516144.png,PNG,RGB,1536,2048,1921721,valid,,552ef45b0d9d1e2de421009bef36374b7ac79cc436e4180571c91fa826613e29,train
ea4dcb055139,2,/content/aptos2019_raw/train_images/ea4dcb055139.png,PNG,RGB,1958,2588,4943691,valid,,296cc47015d77bf10f083a97089bebab9a89bf18bcb6463b62a895e2be6d1de2,test
ea588d1e5d96,2,/content/aptos2019_raw/train_images/ea588d1e5d96.png,PNG,RGB,2136,3216,2553258,valid,,ae9ea8c9a917c3517cebdbe3472707003ceaa39c627f8e121d3ad0ef58a61867,train
ea5c42a78979,0,/content/aptos2019_raw/train_images/ea5c42a78979.png,PNG,RGB,1050,1050,987741,valid,,8176ae73a3849d12cddb6eb40ca16fada20a7dba3a4999d5e3ef833c3cda92ee,train
ea68b58a6e8f,0,/content/aptos2019_raw/train_images/ea68b58a6e8f.png,PNG,RGB,1050,1050,990268,valid,,f19a7230e0322175ca8ee8a60f07d310ff28f89e9dd9dccad234f000325bb4de,test
ea6a53e54d0f,0,/content/aptos2019_raw/train_images/ea6a53e54d0f.png,PNG,RGB,614,819,372710,valid,,d4c0607cede33cc0eb67602bd5cc279eab3c967919b394d6725790b279871280,train
ea7e21bab610,0,/content/aptos2019_raw/train_images/ea7e21bab610.png,PNG,RGB,1050,1050,1016928,valid,,f5066e57381381957a57e2f62c654a88764ec7ff89e9e61eab37c4e63fb20881,train
ea9c41e1ced0,0,/content/aptos2019_raw/train_images/ea9c41e1ced0.png,PNG,RGB,1050,1050,1045587,valid,,d68addf16ee4f8dff0fe3f6b2f38a279c6ff1267aa687f7b67f91941bd07a7ae,train
ea9e0fb6fb0b,2,/content/aptos2019_raw/train_images/ea9e0fb6fb0b.png,PNG,RGB,1424,2144,2829943,valid,,a2ba54fa6f4ca778f670ed1892d0867d26da0aa9e6b4868da68489e5de99d19a,validation
eaa0dfbd5024,4,/content/aptos2019_raw/train_images/eaa0dfbd5024.png,PNG,RGB,1736,2416,2326521,valid,,b0883f9ad8e01ba7fd5019d0a4a87c37e9f6ea1ac1d2a803d7b299fa2e845948,train
eabc7c716255,0,/content/aptos2019_raw/train_images/eabc7c716255.png,PNG,RGB,614,819,327916,valid,,2dfd0c856ff107c64426748917efa2ce5c5a894f2bf4e68f84f60461852d222f,validation
eabf421f94d0,0,/content/aptos2019_raw/train_images/eabf421f94d0.png,PNG,RGB,1050,1050,1010523,valid,,00c6ff0a01fa6bc518c399c755a4a75647c1544b1395924db724df02c4ba5b4e,test
ead23cc922ed,1,/content/aptos2019_raw/train_images/ead23cc922ed.png,PNG,RGB,1736,2416,1678968,valid,,400a3050d396022de77b7c853c07df9c9ee74c83b1c530721b5575967fdd0566,train
eadc57064154,4,/content/aptos2019_raw/train_images/eadc57064154.png,PNG,RGB,1050,1050,950365,valid,,2586d94edc86e5f78a23aefe73fc4db818b6eb71d5280ed12743365067c1b2c1,train
eadfc8809ec8,2,/content/aptos2019_raw/train_images/eadfc8809ec8.png,PNG,RGB,2136,3216,2702095,valid,,5f1513d3f4772362c986fbc18bdecb0bfe890950415f47decbd71c5612829e40,train
eae70f527755,0,/content/aptos2019_raw/train_images/eae70f527755.png,PNG,RGB,1050,1050,951084,valid,,81ef3063dce00b49edf40f576ac9ec04ab2f756e2cec6d9814c27579662568e5,train
eae901557a84,2,/content/aptos2019_raw/train_images/eae901557a84.png,PNG,RGB,1958,2588,3742897,valid,,e5d1cd4e5e8f9664cb0825a1c9e3e6fb0bd1ffe826288c57ea2feab9d3dc2621,train
eb050765b323,0,/content/aptos2019_raw/train_images/eb050765b323.png,PNG,RGB,1050,1050,1046507,valid,,c0c0b9faa76ff3e7888abc6e8318d4d03283ca202198837b28b49aa7eaeba42b,train
eb175669d789,0,/content/aptos2019_raw/train_images/eb175669d789.png,PNG,RGB,614,819,325011,valid,,4bd3e66235570d60c468b1fab122caabf61a7831cf49d7b8e3d57658c3e601cf,train
eb1ad14dd281,2,/content/aptos2019_raw/train_images/eb1ad14dd281.png,PNG,RGB,2588,3388,7023678,valid,,e57e73ba57d4d4d9f98b0ec90d8d8216f67d2c7f104f4a3a87b41a93a6804bee,train
eb1d37b71fd1,4,/content/aptos2019_raw/train_images/eb1d37b71fd1.png,PNG,RGB,1736,2416,2334999,valid,,e605a21028830ee10eb5293f07efd11a4fba7e6156c35cca20d942de14b14038,validation
eb32a815f78c,2,/content/aptos2019_raw/train_images/eb32a815f78c.png,PNG,RGB,1958,2588,5352276,valid,,077596a859ec5707c51dcce800054dab0ca58d4812c8d58c1bc0368fb4dbaa51,validation
eb6b1f1c09db,0,/content/aptos2019_raw/train_images/eb6b1f1c09db.png,PNG,RGB,2136,3216,3235399,valid,,6faf8725fc578375fc4051f3543dd2e7e56ea400947309962afd4214d681183e,train
eba3acc42197,1,/content/aptos2019_raw/train_images/eba3acc42197.png,PNG,RGB,2136,3216,2441481,valid,,833ee12f2b38aa7745d8454aa13da27069fdcb9d03b1bcba480953b780860faa,train
ebd96d853918,0,/content/aptos2019_raw/train_images/ebd96d853918.png,PNG,RGB,1050,1050,1001728,valid,,7884d40d7710fa9a113223fe4ceca2f7a8ed440d377567b90bde3c1218886246,validation
ebe0175e530c,4,/content/aptos2019_raw/train_images/ebe0175e530c.png,PNG,RGB,1736,2416,2168863,valid,,6f3b236e664eba586831fa934060bacbe00fed54902fe2a8fbe00f76622a5a37,train
ebf4b22240f4,0,/content/aptos2019_raw/train_images/ebf4b22240f4.png,PNG,RGB,1050,1050,954954,valid,,9e24926f643b2aaf39bc2c707ab53510118221bce5258e2959d32645ef9d75b1,train
ec01f0862669,0,/content/aptos2019_raw/train_images/ec01f0862669.png,PNG,RGB,1050,1050,1006802,valid,,ceefb2cde9b0ce515e3dca68e8086b060ec8953ab0526602257af588d7a3fada,train
ec0c9f817b03,0,/content/aptos2019_raw/train_images/ec0c9f817b03.png,PNG,RGB,1050,1050,868981,valid,,ba7f74f6053a06fdd05fbb40f7bf730fc08a2335fd14ddadf41a532f9c5f808d,train
ec363f48867b,0,/content/aptos2019_raw/train_images/ec363f48867b.png,PNG,RGB,1958,2588,5457955,valid,,bfe10ef3c6318222460984f92e093b82711cc5817056881d09510c57f5cc3a6c,train
ec4649213ccf,1,/content/aptos2019_raw/train_images/ec4649213ccf.png,PNG,RGB,1736,2416,2192681,valid,,dbb080b858e59b222605de710341e1ef87f76844a67545c857ebc916c6401625,train
ec57cc20d776,0,/content/aptos2019_raw/train_images/ec57cc20d776.png,PNG,RGB,614,819,318822,valid,,bf9847715c5db025aae08ed0771c89ef9026fd213d939470176b1b525b6be4bb,test
ec6659926105,0,/content/aptos2019_raw/train_images/ec6659926105.png,PNG,RGB,1050,1050,1058391,valid,,424ffdc40dc0a326a8a8a42d3c7a9a55e3aecff19139f00f3670a266c8ff39eb,train
ec6f1797a25a,0,/content/aptos2019_raw/train_images/ec6f1797a25a.png,PNG,RGB,1050,1050,998434,valid,,db513df607e1d164114ea4c1bc7db44d24f19c76f5d636e7e7e8098b68c02279,train
ecad6845f630,0,/content/aptos2019_raw/train_images/ecad6845f630.png,PNG,RGB,1958,2588,3761642,valid,,db32bb8f9fd5682213370722b28d1dee48b77bc2a53499c82c2e18533c56dc52,train
ecb4500285ed,0,/content/aptos2019_raw/train_images/ecb4500285ed.png,PNG,RGB,614,819,315036,valid,,a678d8098072abacedabaf9477904d5dc9a8d7f3862d40a0d0a5bdfebfb2c359,test
ed246ae1ed08,4,/content/aptos2019_raw/train_images/ed246ae1ed08.png,PNG,RGB,1736,2416,2187493,valid,,17b326165867dde39a6760f9037289816453e0da4dcc7e42e1293e8ec39aa080,train
ed2c06fcc573,2,/content/aptos2019_raw/train_images/ed2c06fcc573.png,PNG,RGB,1736,2416,2344592,valid,,65dbac3f4bebeed653a085844e92940a508ad0536eec679fbb9bce11f8b0f535,validation
ed2c52c14493,0,/content/aptos2019_raw/train_images/ed2c52c14493.png,PNG,RGB,1050,1050,985571,valid,,082f3584523187f871968389194daf6454a6ec05c71d089a3c291a044dd73720,train
ed2ef440d22c,0,/content/aptos2019_raw/train_images/ed2ef440d22c.png,PNG,RGB,614,819,324515,valid,,4b2e66b672d77abdab69ecc45ae8d94c2d6bd07c1b3b8668b096c87ade53b644,validation
ed3a0fc5b546,4,/content/aptos2019_raw/train_images/ed3a0fc5b546.png,PNG,RGB,1736,2416,2539545,valid,,16b353ba9e1c5a54231676b7615a7a770141c7ad779f28797f46a86eea7180d0,train
ed3ce1674761,0,/content/aptos2019_raw/train_images/ed3ce1674761.png,PNG,RGB,1050,1050,937238,valid,,cd2fc38fd6fc8a85b7ad76f3e6b9508c881f27fce3f3ea7e8258237f537b8263,train
ed648b9bcd95,0,/content/aptos2019_raw/train_images/ed648b9bcd95.png,PNG,RGB,614,819,322019,valid,,ac169ebee8ae9405b96e66f716987722ae23feb5216beab7fe22907d23b53fda,train
ed6704e3b72e,3,/content/aptos2019_raw/train_images/ed6704e3b72e.png,PNG,RGB,1736,2416,2446302,valid,,c010c12d5c2e291f751b9e7b8c3f504a9343a1ab674e43dde1c23f14a6e93f73,train
ed6bd9293a89,0,/content/aptos2019_raw/train_images/ed6bd9293a89.png,PNG,RGB,1050,1050,1028766,valid,,91f4bc8567189451a8649bd195c14ad34441a5abd8a913101669e5aceec29da0,validation
ed88faaa325a,2,/content/aptos2019_raw/train_images/ed88faaa325a.png,PNG,RGB,2136,3216,2216573,valid,,3ef117e15f55636c3f9e98316117c5bcd040ab3b600dfdb6e791fc360f06896f,train
eda1d75cbcf0,0,/content/aptos2019_raw/train_images/eda1d75cbcf0.png,PNG,RGB,1050,1050,999436,valid,,c7a4b2ec709800d36be6d5fa00bfd3534fb54e3af5174c2a242146b98b59cb8a,test
eda29a9d78f3,0,/content/aptos2019_raw/train_images/eda29a9d78f3.png,PNG,RGB,1050,1050,1008614,valid,,dad37b340bf888d1d17f190f10d43b9d2685e815b9c185f74405a5120f97bd17,train
edceb0657d77,0,/content/aptos2019_raw/train_images/edceb0657d77.png,PNG,RGB,614,819,332610,valid,,fd7e5dcb5f28f32f11e5cde777e358d7f620bbe4ab7ee71eb9b048b1fdccc109,test
ee02294cc3d9,2,/content/aptos2019_raw/train_images/ee02294cc3d9.png,PNG,RGB,2136,3216,3371975,valid,,56709d4ca38c19d0e97d018fb31f7ccce17ee5207eb016f6adbc53ccafea25ae,train
ee059945b08a,2,/content/aptos2019_raw/train_images/ee059945b08a.png,PNG,RGB,1958,2588,5474223,valid,,d31e68118d9dafb64094c2fa8b040998422c3d8c9cda2bc730fb336ec2b1d9e5,train
ee1ec90b980f,4,/content/aptos2019_raw/train_images/ee1ec90b980f.png,PNG,RGB,1736,2416,2249585,valid,,d8e5ee1b394df6541fbcfd8e21b7b845d0d9be151c38fd0463a0361840b4ef7b,train
ee2c2a5f7d0e,2,/content/aptos2019_raw/train_images/ee2c2a5f7d0e.png,PNG,RGB,2136,3216,6055899,valid,,1c50fbadae4d9ef43eeba6382cf91c76c1b58d346b6acd208f65ddb02b677f2c,train
ee36ca728641,0,/content/aptos2019_raw/train_images/ee36ca728641.png,PNG,RGB,1536,2048,1912030,valid,,0b5a4b62cfc9f51045e7187569241141e356586446b3a87de737ed96c05b7ebe,train
ee3f5cf52188,0,/content/aptos2019_raw/train_images/ee3f5cf52188.png,PNG,RGB,1536,2048,1942642,valid,,491c075021783ceac651db28cc892eb5a059920081ed9142deb0e81136f19bdb,test
ee3fe7809e6a,0,/content/aptos2019_raw/train_images/ee3fe7809e6a.png,PNG,RGB,614,819,294377,valid,,f5b83727ea520051344f808f72f3750cd59077108e5c8c38469db8c31d98e573,test
ee6e39319b39,2,/content/aptos2019_raw/train_images/ee6e39319b39.png,PNG,RGB,2588,3388,4552719,valid,,f2514a443b78a280549ce469d578e52d1782fffbba2a26f6cb41e21c9796405f,validation
ee74c3b177e0,2,/content/aptos2019_raw/train_images/ee74c3b177e0.png,PNG,RGB,1958,2588,5313553,valid,,c2bb65dee20eba49eebef383cf1764ca71c3fc29c27c020f6f6c7f7bf223ea70,train
ee77763a6afb,0,/content/aptos2019_raw/train_images/ee77763a6afb.png,PNG,RGB,1536,2048,1774636,valid,,57a4d10b3fbf570cf27a1fe12c30f8bd185a85b90b7a3d57803b946466552379,train
ee78ce914066,1,/content/aptos2019_raw/train_images/ee78ce914066.png,PNG,RGB,1736,2416,2115393,valid,,ee1353ea74ef5200a50b2535aaa867a612c08adc5995f1d718d074fbe1784c80,test
eeaea2c5ff34,0,/content/aptos2019_raw/train_images/eeaea2c5ff34.png,PNG,RGB,1536,2048,1840978,valid,,58738575a079b3bf7494a897352a32babcc0716af27098971968ca13a9be5328,train
eeb231c3ef1f,1,/content/aptos2019_raw/train_images/eeb231c3ef1f.png,PNG,RGB,1736,2416,1721031,valid,,6e42302fe51c7d9dba6c428f1292e593061b97062e8cea502f1d37323361f85d,train
eebd1e195952,0,/content/aptos2019_raw/train_images/eebd1e195952.png,PNG,RGB,614,819,327903,valid,,0ed07dad2ffc7fbc87437ad81ec118cf215881b2ce1b9b20cbe5797609288abc,train
eed4afc8ec83,1,/content/aptos2019_raw/train_images/eed4afc8ec83.png,PNG,RGB,1050,1050,989985,valid,,da743fedbfb3dbd83f48609504aeb5dab951004f6d397143a68126330fada74b,test
eedae6b28f96,0,/content/aptos2019_raw/train_images/eedae6b28f96.png,PNG,RGB,1958,2588,5392787,valid,,becef64161c1a3e258cc0196bed3a758f6d85e277608024be9bc8f82fa710175,train
ef247f28004f,0,/content/aptos2019_raw/train_images/ef247f28004f.png,PNG,RGB,1536,2048,1945744,valid,,61f09c7b090804884a8cef5d976d0602e363ec9611489af44751e5b732c558d4,validation
ef26625121b3,4,/content/aptos2019_raw/train_images/ef26625121b3.png,PNG,RGB,1736,2416,2189200,valid,,fd37659b0f40796be5eeb45b077a48d4fcc0fd83ddc0dd495f8afb054cb6a59e,train
ef4121e9bb67,0,/content/aptos2019_raw/train_images/ef4121e9bb67.png,PNG,RGB,1050,1050,1008091,valid,,a6d37fe3a299376d7c016364ef29b40e9e43d2d41b5a579526d2d535118b63a7,train
ef476be214d4,0,/content/aptos2019_raw/train_images/ef476be214d4.png,PNG,RGB,614,819,314170,valid,,072194e0d01d972e7441dfd5a62386008e29f18b5c5992ac711b0081cc8027e1,train
ef48780f5d5f,0,/content/aptos2019_raw/train_images/ef48780f5d5f.png,PNG,RGB,1050,1050,1072103,valid,,4c2b9b0292291061391deafd03d70310b8d3350da17f674821e59d3ca2cbb2be,train
ef5155990874,0,/content/aptos2019_raw/train_images/ef5155990874.png,PNG,RGB,1050,1050,1074323,valid,,5290444b72edecbc7ef12d710ffa0008a4dd377b43c547315d3841ecf54f5e67,train
ef7a4ed8d5d1,2,/content/aptos2019_raw/train_images/ef7a4ed8d5d1.png,PNG,RGB,1958,2588,5642697,valid,,0039caa9eef074b58e5a10bfa113b3e36585a6347fb1e4bc7112d0c58d136b62,train
ef7eb85b75fc,0,/content/aptos2019_raw/train_images/ef7eb85b75fc.png,PNG,RGB,1050,1050,1006894,valid,,3139e4dd573164d64dff848a1629248a51ca9d61e8b082c0b328ae79a52ae477,test
ef8109305128,1,/content/aptos2019_raw/train_images/ef8109305128.png,PNG,RGB,1736,2416,2397442,valid,,6d8a56bae686231f52c0b4209ce8f748fae8013545d052bfe9aae1c8104ddff4,train
ef81cd8854cb,0,/content/aptos2019_raw/train_images/ef81cd8854cb.png,PNG,RGB,1050,1050,1036525,valid,,92c0bd4c90fad31772f94c408623c3839d7ba8a222aacda5a457c6b0d51ae078,train
ef8c39eb9157,0,/content/aptos2019_raw/train_images/ef8c39eb9157.png,PNG,RGB,1536,2048,1575669,valid,,6eccbc0eff0acef9578a7bb060f5b8d9fe5ab8ce370ab4a95e54d8317cc17b78,validation
ef99c499d665,0,/content/aptos2019_raw/train_images/ef99c499d665.png,PNG,RGB,1050,1050,901914,valid,,863e20741ba5178e63acc1cebde162be77c3e9c8fe89456b99bb021764216fd9,train
efff2f1a35f5,2,/content/aptos2019_raw/train_images/efff2f1a35f5.png,PNG,RGB,1736,2416,2116659,valid,,9aff8ab7f68c9b342299375249b9138472b685f3ba373a06a5b7796b1001c656,train
f002ce614c59,0,/content/aptos2019_raw/train_images/f002ce614c59.png,PNG,RGB,1958,2588,5465684,valid,,da2d483f5d570319fd20c693df23e66ddb71210824e5f1a04d44c497581c92d9,validation
f0098e9d4aee,4,/content/aptos2019_raw/train_images/f0098e9d4aee.png,PNG,RGB,1736,2416,2381686,valid,,6dcd498789b0c566f14dfbceca5b41bc9f71c376e38187a132154022c242914e,train
f00ce9b9d6f4,0,/content/aptos2019_raw/train_images/f00ce9b9d6f4.png,PNG,RGB,1050,1050,975742,valid,,d3532b7d9f8cb20772de2500251d1bef2512d9a4be6b7c15cb820d2bb3741fc9,train
f02057c41256,0,/content/aptos2019_raw/train_images/f02057c41256.png,PNG,RGB,1958,2588,5410718,valid,,5f519fa44ffc6128110bb12b33fd3e4897d265fa07da29378512bb93f69380e3,train
f025f33b2c9b,4,/content/aptos2019_raw/train_images/f025f33b2c9b.png,PNG,RGB,2136,3216,2957473,valid,,e0799909d636123e89e82fb6f0b615faa949b8774bd7551eeaae6f794b1ede98,train
f0267c42907c,0,/content/aptos2019_raw/train_images/f0267c42907c.png,PNG,RGB,1536,2048,1891252,valid,,230ad95a7a752975c03e0f6dbc64dd060fc74fe6e85092c0a6cd5c50eb25ac05,train
f02956bd7c50,0,/content/aptos2019_raw/train_images/f02956bd7c50.png,PNG,RGB,1536,2048,1916114,valid,,6618bb44212ff53a645cdce16e449471884c2c7f5e031d1947c2b2ef5802f25e,validation
f02babb3a023,0,/content/aptos2019_raw/train_images/f02babb3a023.png,PNG,RGB,1050,1050,998140,valid,,20c03d2ec56e25abeb26516ce11fbb9e35ff3dedb92310b3ad32434a617ba95e,train
f0546a45ef10,0,/content/aptos2019_raw/train_images/f0546a45ef10.png,PNG,RGB,1050,1050,1006944,valid,,2a100934ff6d5a94490ce1f39fd6569d66d36b5775a95160ddf6f16c5a5d6ce4,train
f06e7a9df795,0,/content/aptos2019_raw/train_images/f06e7a9df795.png,PNG,RGB,1958,2588,5252961,valid,,316d54842782c5dad7b9cfc5299f8dedc82970ad394fe504505f1c21c870b15c,train
f0800723bc63,2,/content/aptos2019_raw/train_images/f0800723bc63.png,PNG,RGB,1736,2416,1930880,valid,,6ee779bb64876a588d3b89c7bbbca160b6272aedba51b2e96b187c1c03b2ad78,train
f080a22008be,3,/content/aptos2019_raw/train_images/f080a22008be.png,PNG,RGB,1736,2416,2294990,valid,,5a29280bdc125d0f1ddb457d2e6c9ef6876faf6798c1f5e78bca7ebdcd1bb613,train
f0860c21533b,0,/content/aptos2019_raw/train_images/f0860c21533b.png,PNG,RGB,1958,2588,5384023,valid,,6ab2ae08039100c741bebeb11b211269a5a368968702a98f81c65b101e7adbd7,train
f092febbf5c0,3,/content/aptos2019_raw/train_images/f092febbf5c0.png,PNG,RGB,1736,2416,2089499,valid,,156f5de5b9ad91d0b7bf3aca1526a3f6d72a2546b25d8885b0cb31e7f3750005,train
f09cfc6a4dbd,0,/content/aptos2019_raw/train_images/f09cfc6a4dbd.png,PNG,RGB,1050,1050,993181,valid,,bf1867b50ab4020848adcaa2acadfcda2fc97a08d1a6260e3f5df71aacd1fa50,train
f09fd9433dff,0,/content/aptos2019_raw/train_images/f09fd9433dff.png,PNG,RGB,1050,1050,1032918,valid,,597518769c88b7727c84bef3ec36ac620d4e521cefe80175818c6262e748f8e5,test
f0a2dc580009,0,/content/aptos2019_raw/train_images/f0a2dc580009.png,PNG,RGB,614,819,307132,valid,,2b315706f5b6de5541ed94bea9d04fa5d29d20b67979065fea6f0e6de39f7643,train
f0c0f7b5e820,2,/content/aptos2019_raw/train_images/f0c0f7b5e820.png,PNG,RGB,1736,2416,2307232,valid,,fbe48d4beef3b7f9ccc28cdf430f2323bf25762af98f85a950edd9822a6a10d4,validation
f0c13be90519,1,/content/aptos2019_raw/train_images/f0c13be90519.png,PNG,RGB,1958,2588,3007787,valid,,21081dcd63f544493331ae4f38c894793219eb117599c5243ac476a1186c232b,test
f0e1201b5c1f,0,/content/aptos2019_raw/train_images/f0e1201b5c1f.png,PNG,RGB,614,819,283523,valid,,81c94802d1c1d9c2c38a64e093c5e71845ca90e81db6a0c47e286f67385ba255,train
f18abfa690ab,2,/content/aptos2019_raw/train_images/f18abfa690ab.png,PNG,RGB,480,640,307093,valid,,646b8f85fa7faef4211231816fe172a23ee531977e3259ec7169638ca46ad980,train
f1979147aad4,0,/content/aptos2019_raw/train_images/f1979147aad4.png,PNG,RGB,1958,2588,5367061,valid,,93e5fe9bf5d59525bbd33897e8b11d1e4686957faf5ded15ff0dd516a0ce5239,test
f1a761c68559,2,/content/aptos2019_raw/train_images/f1a761c68559.png,PNG,RGB,1000,1504,1267488,valid,,1494927ddc764aa274a0db2eba99a32d2f0d9d9c6b7530a3b4ce265f19ed4e60,train
f1d719c97838,0,/content/aptos2019_raw/train_images/f1d719c97838.png,PNG,RGB,1050,1050,1090682,valid,,8d6caf0317ad50da18a13df1e6fcfa5c8bb5e741e6ca6b64799c819187ce474f,train
f1dc26c4bfa3,4,/content/aptos2019_raw/train_images/f1dc26c4bfa3.png,PNG,RGB,2136,3216,2553365,valid,,a4c9ba8d34bee52c04b44d14b0a638a9ec0f89c87a44517b7b7f2692ed8e2d80,test
f2094a20b275,2,/content/aptos2019_raw/train_images/f2094a20b275.png,PNG,RGB,2136,3216,2361695,valid,,93ea9bce0467b5209f834d9d58a09ed6a9deff7b980b488074c70d1287000e1d,train
f233638e0e90,0,/content/aptos2019_raw/train_images/f233638e0e90.png,PNG,RGB,614,819,337088,valid,,68c0d4d21a4dc8dd2fbb9b771d968d8b8758cc190e87d89f3350fd9f13df29f0,train
f252046c0fe6,0,/content/aptos2019_raw/train_images/f252046c0fe6.png,PNG,RGB,1050,1050,1035307,valid,,15652544e349c6b7351dd641c6f53b75b7e23aaf2962472ee1c73c5a67cbfa0b,test
f26b02ead915,0,/content/aptos2019_raw/train_images/f26b02ead915.png,PNG,RGB,1536,2048,1930573,valid,,11dac77cd45900715834735b875b03cf19f04b19b9c038c57e2bc29037cce22c,test
f298b7d05958,0,/content/aptos2019_raw/train_images/f298b7d05958.png,PNG,RGB,1050,1050,1019296,valid,,638d051f26139b5af353d2da69c993cb51441a1493896c8d0dabba993b07cd77,validation
f2c0b41acd05,0,/content/aptos2019_raw/train_images/f2c0b41acd05.png,PNG,RGB,1536,2048,1958247,valid,,ecfe5b5ef0aa0e28dce34fce0e313b47f61a13b43f35a04ceddd44de9a9c6a9d,train
f2d2a0c92034,4,/content/aptos2019_raw/train_images/f2d2a0c92034.png,PNG,RGB,2136,3216,3364936,valid,,fb2e967779816539960ae9ca434d86d618da08d5284a508ace487af34fb67652,train
f2ee81781411,2,/content/aptos2019_raw/train_images/f2ee81781411.png,PNG,RGB,2136,3216,1738488,valid,,4a12d85e413fa33739afecb2b37fd1a0a2e7bc22dabdad30973803b75a25d7c5,train
f2f569a64949,0,/content/aptos2019_raw/train_images/f2f569a64949.png,PNG,RGB,1536,2048,1822562,valid,,4bfa1172cf63ab26798a0b947622d02b1abccc87fec559c91acee9b8d4333a0c,train
f30f203ef51e,2,/content/aptos2019_raw/train_images/f30f203ef51e.png,PNG,RGB,2136,3216,2819551,valid,,ea54c5b908917b641fc387db55309338abd779c2f232bd701b62f0fd1ffeddb3,test
f35d80bb1a22,0,/content/aptos2019_raw/train_images/f35d80bb1a22.png,PNG,RGB,1050,1050,959260,valid,,e0c13fe28cdd057aa2eb13e07847b9375b3764a9924d001861fa8fc4bfa6fa8e,train
f361060eda3e,0,/content/aptos2019_raw/train_images/f361060eda3e.png,PNG,RGB,1050,1050,970405,valid,,aeeb311c4b436a117b3518d0dc35fb2dc4b4342b7909712b5a4411e377401e44,train
f366fb1cc475,0,/content/aptos2019_raw/train_images/f366fb1cc475.png,PNG,RGB,1050,1050,1058674,valid,,b5198a31e623748c4838624f8abbe78d98c40505e61aa21c967b7a92e87cfed8,train
f36cb007a1ef,0,/content/aptos2019_raw/train_images/f36cb007a1ef.png,PNG,RGB,1050,1050,920809,valid,,33bdfe6047485104c534798d4ed180da5f26536fda45f99dff87a3b43da4d6d4,train
f3a268d2726d,2,/content/aptos2019_raw/train_images/f3a268d2726d.png,PNG,RGB,1958,2588,5170508,valid,,8cdee8026374c2c7932696caaed8839104375a27a686d23b2412fc4a16a877bc,train
f3a4751af42e,0,/content/aptos2019_raw/train_images/f3a4751af42e.png,PNG,RGB,1050,1050,921560,valid,,a0a3d1ba35df18e47126c44c05d8dca9129f5fe698dd223ce318ef6c8a70febb,train
f3a88d3026dc,2,/content/aptos2019_raw/train_images/f3a88d3026dc.png,PNG,RGB,1050,1050,918044,valid,,d9b0b2e0da7b33c18b41c0cf648ffdecb7a9f331271013aa528b55e32293d72d,train
f3b27ac2d371,0,/content/aptos2019_raw/train_images/f3b27ac2d371.png,PNG,RGB,1050,1050,1028349,valid,,4d64626b3d38cdb662ae867c94f7c902621902e5f3906090120d55a10714220b,train
f3b6b7ca1eb1,2,/content/aptos2019_raw/train_images/f3b6b7ca1eb1.png,PNG,RGB,1736,2416,2120476,valid,,70881a0b789d3d27f15d1279ac99ec5de535170a25779fb05127bc0ee74782dc,train
f3bb996b45ce,0,/content/aptos2019_raw/train_images/f3bb996b45ce.png,PNG,RGB,1050,1050,996839,valid,,e0d128e18fd8b2e203fe42cb24f5e58f481bd1573de16e2a0f2b2eed77129d8a,validation
f3cd489acbee,2,/content/aptos2019_raw/train_images/f3cd489acbee.png,PNG,RGB,2136,3216,3255070,valid,,1ee96b3e93297b57ce4c02f9f2680a8b12f0cf3db048bca1e1c7ff84781a3b5d,train
f42b693a9414,0,/content/aptos2019_raw/train_images/f42b693a9414.png,PNG,RGB,1536,2048,1863409,valid,,22bc191a05af4401289f739340d5a053fdd0e6ca9ce56bdf8a37ac24993098ff,validation
f431f2e119d7,0,/content/aptos2019_raw/train_images/f431f2e119d7.png,PNG,RGB,1536,2048,1927187,valid,,958a069e4f1996c5903742be36002ec8cbad0861a2ab3991278b9f4aa920f925,test
f451eee2b66b,0,/content/aptos2019_raw/train_images/f451eee2b66b.png,PNG,RGB,1050,1050,909169,valid,,19ec82564911ec51cfe4dab79d2501d6bcf59b721d63639bb3f991ead5ab277c,train
f45f1485c940,2,/content/aptos2019_raw/train_images/f45f1485c940.png,PNG,RGB,1736,2416,1971298,valid,,61d4fcb8980f2a2278da00adf35107d88efc3d03e2d9eb77ce01a8e8b8104652,train
f460608cf4cc,2,/content/aptos2019_raw/train_images/f460608cf4cc.png,PNG,RGB,2136,3216,2973417,valid,,23fa4cbf8c173d04d521565c9537a04c24d60e2ebce04438c2f2b697e9e39b99,train
f47a2a4a0411,1,/content/aptos2019_raw/train_images/f47a2a4a0411.png,PNG,RGB,2136,3216,3056941,valid,,d7b63d3fc868c36233bfff9f73566d4f7e4e2de4dd24f20a417e1d5e0b0b9efb,train
f481f76a6b75,1,/content/aptos2019_raw/train_images/f481f76a6b75.png,PNG,RGB,1736,2416,2254923,valid,,f884eea419b088e43b1cc4dfc3b305261d51b281fc04b1ade6b6d891fc06f987,test
f48241b0c995,0,/content/aptos2019_raw/train_images/f48241b0c995.png,PNG,RGB,1536,2048,1919746,valid,,aa08c55c61d834f1c2d14112089a4d76930ddc75c9e40ee3202114303e3aadb0,test
f4874247ede6,0,/content/aptos2019_raw/train_images/f4874247ede6.png,PNG,RGB,614,819,332797,valid,,4c8143e22e4e05784590321b25e2a7a41e2b386df2b874f00d5d30b42f4a3e82,train
f4c7ae514c54,0,/content/aptos2019_raw/train_images/f4c7ae514c54.png,PNG,RGB,1536,2048,1922869,valid,,d5e409afac39d12cd4190bac0c5487fb04ce994235e5096d2043b1762211d4a2,train
f4d3169b468a,0,/content/aptos2019_raw/train_images/f4d3169b468a.png,PNG,RGB,1050,1050,1010639,valid,,c1956b9788f2133ba20bf9fe0869823a42c3adf21969e74ab3b15fffcb5b3137,train
f4d3777f2710,2,/content/aptos2019_raw/train_images/f4d3777f2710.png,PNG,RGB,2136,3216,6048552,valid,,4007c77b769fd79e701ff9c74837344d4e01987dfd7d584cbe142610aa83aa2b,train
f4de9620e3f2,0,/content/aptos2019_raw/train_images/f4de9620e3f2.png,PNG,RGB,1958,2588,5247098,valid,,1910735c4aa1ead3e60508cf1705607a50319518ed7be2125a4ab65341e41137,train
f4df3d86688d,0,/content/aptos2019_raw/train_images/f4df3d86688d.png,PNG,RGB,1050,1050,1007781,valid,,850a8511272ee74adaf9e64748f2e947f2af0d9830e349ec5e85893994a2b999,train
f4e68b61f480,0,/content/aptos2019_raw/train_images/f4e68b61f480.png,PNG,RGB,1958,2588,4731823,valid,,42f871dbe9dc391a4de5199e9d0fb195dcef8a13fcb877f8ea835b0e91231eec,train
f4ea2a2cfbb9,0,/content/aptos2019_raw/train_images/f4ea2a2cfbb9.png,PNG,RGB,1050,1050,992505,valid,,82c45ca3591b39af12686e74a80d0aba0e1b418f62e45055f6ae3afaed5c4447,train
f531232ecb55,0,/content/aptos2019_raw/train_images/f531232ecb55.png,PNG,RGB,1050,1050,959100,valid,,8e778f9b57edf976042ddc19f5c66eb9a7c0a09da53947651e23dce24d9e4096,train
f549294e12e1,4,/content/aptos2019_raw/train_images/f549294e12e1.png,PNG,RGB,2588,3388,7455903,valid,,bd70423a5fd3c15bc72dda0518a0fe77d9b9d533151f2bf1acb23a61ad670c54,validation
f55e1d2a19e4,1,/content/aptos2019_raw/train_images/f55e1d2a19e4.png,PNG,RGB,1736,2416,1977037,valid,,ab268d191a749ea99903a84f695f789170431067ec510129fc3e094bf1740d76,train
f5650eb52640,1,/content/aptos2019_raw/train_images/f5650eb52640.png,PNG,RGB,1736,2416,1918794,valid,,6a8dcd8087f141b501e946aecd47047f158919ce01b2880628173638aa0d8e13,train
f56ff0440ed1,0,/content/aptos2019_raw/train_images/f56ff0440ed1.png,PNG,RGB,1958,2588,5369062,valid,,de7923571672cff7fe4b488470ec51fd1ad9f731bb9c4d8d7aa1e539c34fdec6,validation
f5733f77273d,0,/content/aptos2019_raw/train_images/f5733f77273d.png,PNG,RGB,1050,1050,1033375,valid,,fe2844a2e1cb01c4b551d4c9c06d4a264afeac78c82ec960e1612ecff3087cc9,train
f576e45d1da2,3,/content/aptos2019_raw/train_images/f576e45d1da2.png,PNG,RGB,2588,3388,7069440,valid,,49b6e3cc4d64f07dace556e6011d718fa6cc4c927fb8e8b536de043535f73be3,train
f57cf3b6f48e,0,/content/aptos2019_raw/train_images/f57cf3b6f48e.png,PNG,RGB,1536,2048,1692152,valid,,ae060f296970a22ec60bb2d764657a4850a1e4269b6b345ad02a57c08387b96f,test
f580566e27f5,0,/content/aptos2019_raw/train_images/f580566e27f5.png,PNG,RGB,614,819,354549,valid,,19d2b41a152e2502d5592eb06d1e2ec3b8e8dbf6a9c0ea15935b387dad345c5e,train
f583a722434c,2,/content/aptos2019_raw/train_images/f583a722434c.png,PNG,RGB,1958,2588,4914473,valid,,540893e353c58c23363e2b1ecf70ac93a92270e98b5c0d9e259019336c8562ac,train
f58cdfa968be,0,/content/aptos2019_raw/train_images/f58cdfa968be.png,PNG,RGB,1536,2048,1946369,valid,,e23c51e363b668bda97b3410fb4e389f9e8300b548084f5a426a38cf23d23a98,validation
f58d37d48e42,4,/content/aptos2019_raw/train_images/f58d37d48e42.png,PNG,RGB,2588,3388,3479086,valid,,f44d651dc876d6fa82cbb9ee910fd31ab5063aab4013c14fcce634fc12f1a63a,test
f58f0b2fd718,0,/content/aptos2019_raw/train_images/f58f0b2fd718.png,PNG,RGB,1050,1050,968048,valid,,e5bb254674fce99f5a853f4258f9c6220525f6b89a31fa60d1e03df8d583594e,train
f5a8c6426a71,3,/content/aptos2019_raw/train_images/f5a8c6426a71.png,PNG,RGB,1736,2416,2337396,valid,,8f6ce3f0f4b10382628aa3c2bb14fe33f51baa421436c6d66ebc27d0a2ab7d25,train
f5c953bee7cd,0,/content/aptos2019_raw/train_images/f5c953bee7cd.png,PNG,RGB,1050,1050,998836,valid,,6e345cd27e7bc4b957b5af0bfe6fd89ff343925e65477d19a048e8829b64739a,test
f5e6226bd2e0,4,/content/aptos2019_raw/train_images/f5e6226bd2e0.png,PNG,RGB,1736,2416,2464528,valid,,be2f0a95bffbf259014babbc0e39efe21f72ef1cd2348e5630de7ea173825873,train
f5e9a307288c,2,/content/aptos2019_raw/train_images/f5e9a307288c.png,PNG,RGB,2136,3216,2123731,valid,,9a25eff929e7af3e2925e076361aa0dedf392c5e2bfa96f8c8cf293d8f991ebe,train
f61bf44c677c,2,/content/aptos2019_raw/train_images/f61bf44c677c.png,PNG,RGB,2588,3388,7218549,valid,,3b42f4049e70063dc16f93921caa73aca0b43aea71e6546351f3f605a0a3eb12,train
f62b8a076833,0,/content/aptos2019_raw/train_images/f62b8a076833.png,PNG,RGB,1536,2048,1859665,valid,,81b696ac77a987f227449509727c8e47bf3b1420698b9d5b0d503405d12d15fe,train
f633c474e8b8,0,/content/aptos2019_raw/train_images/f633c474e8b8.png,PNG,RGB,1050,1050,1011445,valid,,c320d68b8358c5b451f9ddbe25efaddad8395eebdbdab4782ff0056a9db49152,train
f64214bed40e,3,/content/aptos2019_raw/train_images/f64214bed40e.png,PNG,RGB,1958,2588,5139950,valid,,2ea45ea05565f6ce47eb183c05f06441943e5c95f88942217178808d253d08ac,train
f64b6e85f1c9,0,/content/aptos2019_raw/train_images/f64b6e85f1c9.png,PNG,RGB,1050,1050,1067101,valid,,cf082db286019cb33cb6811060ad0eed070e785d2c370d4e78dbc0f428e62cc4,train
f66c4ee86629,0,/content/aptos2019_raw/train_images/f66c4ee86629.png,PNG,RGB,1958,2588,5087617,valid,,fbe8dd6aa9e139719526a047cf1e1920c51889f13371780398e409e606b2bf24,train
f68690db78d3,0,/content/aptos2019_raw/train_images/f68690db78d3.png,PNG,RGB,1536,2048,1897644,valid,,9cd97d450fe3d7201f16c5e9c545cd16e146d38586b0af79e372d0e7530664a4,train
f69400b316a7,2,/content/aptos2019_raw/train_images/f69400b316a7.png,PNG,RGB,1736,2416,2148897,valid,,19504ee24d4a0a15c4c093319b1e23473b71eea602672081dbf203c6fe168ee8,train
f69835dc7c50,4,/content/aptos2019_raw/train_images/f69835dc7c50.png,PNG,RGB,1736,2416,2337129,valid,,e80f5bf337c1981b2dceb7dc59e5d1b6c428de2ae1549e89aedd94436e4f0f63,train
f6d760566a51,0,/content/aptos2019_raw/train_images/f6d760566a51.png,PNG,RGB,1050,1050,1004512,valid,,0826f80a0227800b2344b76060f2224741632e9e4666500093bfbe8ea0752f22,train
f6f3ea0d2693,4,/content/aptos2019_raw/train_images/f6f3ea0d2693.png,PNG,RGB,2136,3216,5897203,valid,,c672cf24c2b9cb0494690c43fcb8a9e1cfee52bdadc16e926c99d67a1595f181,train
f6f433f3306f,3,/content/aptos2019_raw/train_images/f6f433f3306f.png,PNG,RGB,1958,2588,5350722,valid,,14a2b07278645f1f85a725fdd61ed762706fb9065060f7f421415a9c1086ee70,train
f6f7dba7104d,1,/content/aptos2019_raw/train_images/f6f7dba7104d.png,PNG,RGB,1736,2416,1999919,valid,,7465ae89e4f6a796c30fae58e09f5d05af0f096287ca7e623dc596f013e03ca0,train
f7116e7b2f4e,0,/content/aptos2019_raw/train_images/f7116e7b2f4e.png,PNG,RGB,1050,1050,1037060,valid,,96c5975c2ce7a6abae0e5b270318301e29456a7094a35122254e91fe3c9ffb16,train
f71333204618,0,/content/aptos2019_raw/train_images/f71333204618.png,PNG,RGB,1958,2588,5095294,valid,,fe65e5ca0384483abb5950bf10aaf01253abe732d1552ece8ae4ce307d310824,train
f71aca5a7dc3,0,/content/aptos2019_raw/train_images/f71aca5a7dc3.png,PNG,RGB,1536,2048,1685170,valid,,22edcfa5a5a2e37ca4ead709ad485f450186b184be7d8c38fa64fa5905b0c8ef,test
f71bea807c96,0,/content/aptos2019_raw/train_images/f71bea807c96.png,PNG,RGB,1050,1050,1045429,valid,,65aaa5ca3b70fe8e3f959f4f0614027ea7a9f9fb4c38597ab2a0cf9c73ee0e08,train
f72adcac5638,4,/content/aptos2019_raw/train_images/f72adcac5638.png,PNG,RGB,1958,2588,5350905,valid,,f40557778ed1bf413829f4c891f1949f05c8b655fb7a164f1fbb8ea2b9194c95,train
f72ef9ceeaa8,1,/content/aptos2019_raw/train_images/f72ef9ceeaa8.png,PNG,RGB,1958,2588,5047993,valid,,5145163c282f60d75967bc48a97358d5ba2e8faa6beb66df6e6ff2d846b535e3,test
f7508f14dd7b,0,/content/aptos2019_raw/train_images/f7508f14dd7b.png,PNG,RGB,1536,2048,1664062,valid,,f327ee4c2081086835029dfcf0f8c4606f887b337d79e397e888d62384e3e15c,train
f762c272c522,1,/content/aptos2019_raw/train_images/f762c272c522.png,PNG,RGB,2588,3388,3884531,valid,,949f41b9b46ba33ba89547ba7e16465c477d1a8003300d0797c6fab9581ac104,validation
f7735b6d47f7,0,/content/aptos2019_raw/train_images/f7735b6d47f7.png,PNG,RGB,1050,1050,1021555,valid,,df8af381af2da9f2253e2325c951ede7b9ebfdfa3f141b74ce8ada2c93da63b5,train
f7defe70afc3,0,/content/aptos2019_raw/train_images/f7defe70afc3.png,PNG,RGB,1958,2588,5432220,valid,,9ca113c9e7caabbdaa8183de02baed1583262af59f6f53a799a83cfd8d936165,train
f7e9fa75c7c1,0,/content/aptos2019_raw/train_images/f7e9fa75c7c1.png,PNG,RGB,1050,1050,1017525,valid,,b424b6c7325a6c3df32b8289fd15cdb0654abead2b7984472563e2a04bfd8908,train
f7fec8935126,1,/content/aptos2019_raw/train_images/f7fec8935126.png,PNG,RGB,1736,2416,1896295,valid,,1341b4e49db47e9b80aabac698f74ab6afb472756468a86f8291ffdbf0c8f226,validation
f80118bbda18,2,/content/aptos2019_raw/train_images/f80118bbda18.png,PNG,RGB,1736,2416,2129987,valid,,e59f3747fb060fa818f7411cdead221f38666aa125c1658bb57c09a12f35d218,train
f819c65b803c,0,/content/aptos2019_raw/train_images/f819c65b803c.png,PNG,RGB,1536,2048,1735458,valid,,c84ac35e564c669cdbabaa76685a9736ff5d79c0cbdc1b46b68fcfd970b82c85,train
f8372e80f731,2,/content/aptos2019_raw/train_images/f8372e80f731.png,PNG,RGB,2136,3216,2240964,valid,,3053195cc191b2b772262076fa9b986d24d261159e212f99993d5efb0f2e66a4,train
f850cb51fdba,4,/content/aptos2019_raw/train_images/f850cb51fdba.png,PNG,RGB,1736,2416,2354955,valid,,3f0d583300c6149028072d2c711f0ff33c14d814e288ce7c852aab0309a96bc3,validation
f85c78201a50,0,/content/aptos2019_raw/train_images/f85c78201a50.png,PNG,RGB,1050,1050,1038976,valid,,5db70eef83c9aac294b122fa55906248024a56f207b888a3d08b0f743d26c509,train
f85fd4fac887,0,/content/aptos2019_raw/train_images/f85fd4fac887.png,PNG,RGB,1958,2588,2627028,valid,,fd82b137140a59f88ab97eb2feea5f5fe2f3cb7be7a5862d138d2afcf28167ee,test
f86d1c404acb,0,/content/aptos2019_raw/train_images/f86d1c404acb.png,PNG,RGB,614,819,333054,valid,,698b4d33df13e107402986df306a98d9bd235de3a1dc53818591bb57525be6ff,train
f8cf7ed8ef00,4,/content/aptos2019_raw/train_images/f8cf7ed8ef00.png,PNG,RGB,1736,2416,2137760,valid,,dd10b19a4b33064c4dc8cdf62125b8362e25d2689d1eb34768a634a217ef4da4,validation
f8d62557ad0c,0,/content/aptos2019_raw/train_images/f8d62557ad0c.png,PNG,RGB,614,819,346871,valid,,bf16cd15d9e830a23fe714bb28a64e62dbc6ebce4b4ee67a04b4b6eb78ebefdb,train
f8f5942b690e,0,/content/aptos2019_raw/train_images/f8f5942b690e.png,PNG,RGB,614,819,371100,valid,,bc4f186f370a797448b28b2619b89f24e214f4bebc9769bc032a5233d8a4bc36,train
f8fc411092c7,2,/content/aptos2019_raw/train_images/f8fc411092c7.png,PNG,RGB,2136,3216,3295662,valid,,049b55594b5f51788012d7ede056c6a0d457afa17d1a54544933735503f5ce79,train
f901d460517c,3,/content/aptos2019_raw/train_images/f901d460517c.png,PNG,RGB,2588,3388,7448084,valid,,868fb5254cb8ccdfa487996fb6828fb647e0bb12dcc6ac29637e85edd5691672,train
f90f8931a9bc,0,/content/aptos2019_raw/train_images/f90f8931a9bc.png,PNG,RGB,1050,1050,1034435,valid,,55853a71493fa69b0dac58a3092caebce12b609ad5fcca008c6911504d6802bf,train
f9156aeffc5e,3,/content/aptos2019_raw/train_images/f9156aeffc5e.png,PNG,RGB,1944,2896,2134109,valid,,257ed81f270fe841bb1e18e08e779867d9696675379366ae64225f1ed7f604b5,test
f91cfa82b9d4,0,/content/aptos2019_raw/train_images/f91cfa82b9d4.png,PNG,RGB,614,819,287530,valid,,5e45298f7b61de45924c89255c4d6809c56ee326ca5046828f6392deffd32884,test
f920ccd926db,2,/content/aptos2019_raw/train_images/f920ccd926db.png,PNG,RGB,2136,3216,5968823,valid,,685b6d53d98f7a07deb46024861db5706e6f1ea1c7a3f44de60eaedc7218b2cb,train
f952ad2e4356,0,/content/aptos2019_raw/train_images/f952ad2e4356.png,PNG,RGB,614,819,289317,valid,,b0b96a3acf3feea8fba45909be0e9124bce3cd7ec012e6debb7850dcbee478a2,test
f994a3b07935,0,/content/aptos2019_raw/train_images/f994a3b07935.png,PNG,RGB,1050,1050,957609,valid,,93c240acc937a1e41f630144f0413bc42f90b5a8dd3a371c09ad8f21c418a891,validation
f999c6921e6d,2,/content/aptos2019_raw/train_images/f999c6921e6d.png,PNG,RGB,1736,2416,2280480,valid,,e6718784cd492d8feb75944030f6bebbb4b07320494aaad0809beb608c9821d2,train
f9aa35187bf3,2,/content/aptos2019_raw/train_images/f9aa35187bf3.png,PNG,RGB,1050,1050,907604,valid,,327a4e514a84d275c86a8e84fa451436afa469ea75c46bf05195fadce63dae51,train
f9d52509c571,0,/content/aptos2019_raw/train_images/f9d52509c571.png,PNG,RGB,1050,1050,991992,valid,,a01acc3b2a79d19878eb88b2ca72a4396a96473db984ba3d64251efd8026e88c,train
f9d8ff3e6592,0,/content/aptos2019_raw/train_images/f9d8ff3e6592.png,PNG,RGB,1536,2048,1925792,valid,,b3425fb56c8f7c56c4e9a955d03cfa38bc1bbfbf4f59fde10f4e6c387f7c4597,train
f9e1c439d4c8,0,/content/aptos2019_raw/train_images/f9e1c439d4c8.png,PNG,RGB,1736,2416,1778424,valid,,b1b18c8eb226a7707e40c8ae65f0c31bb587446e3c8ea068281d1fc4fd02f4ee,validation
f9e779a13204,2,/content/aptos2019_raw/train_images/f9e779a13204.png,PNG,RGB,1736,2416,2137071,valid,,6f9ce1182f8545be0a9622c2588a8346af67bd734af045ae3fbab24bfc02fd3c,train
f9ecf1795804,2,/content/aptos2019_raw/train_images/f9ecf1795804.png,PNG,RGB,2136,3216,6088579,valid,,ffb21d534fbde419a147d4df02281907733c8c92779ad83fcac38e2b4562d481,validation
fa0c87bd75ce,0,/content/aptos2019_raw/train_images/fa0c87bd75ce.png,PNG,RGB,1958,2588,5249636,valid,,fa47d196bdc10560ca5dded42d66b01579525b25bc78214d19f6d94cc15ca07d,test
fa3e544a7401,2,/content/aptos2019_raw/train_images/fa3e544a7401.png,PNG,RGB,1958,2588,5569320,valid,,393a5bf619039d24990542532da11495b173547bfca3fabae55e1d5e4c9b7b2b,train
fa573163dd8b,0,/content/aptos2019_raw/train_images/fa573163dd8b.png,PNG,RGB,1050,1050,914524,valid,,a72bc465647b4a3e62a1a99139d8f0b91b2d4c416a1dbc07a5dc7afe2aa4a473,validation
fa59221cf464,4,/content/aptos2019_raw/train_images/fa59221cf464.png,PNG,RGB,1944,2896,2201317,valid,,5ff5d0c7b8e0de5fedf730640b50e976188b9ff7c2adccd981c677d92f4798c6,train
fa6f3d8bb1d5,0,/content/aptos2019_raw/train_images/fa6f3d8bb1d5.png,PNG,RGB,1050,1050,1039582,valid,,b01c0173e4438aaad1e48b789fefc0ba691abe654c4a2642549d679ea19322ef,validation
fa748b57262b,2,/content/aptos2019_raw/train_images/fa748b57262b.png,PNG,RGB,2588,3388,7266467,valid,,ba5e932b0954b89bd32eb5164b67d71c52341ad83654741c7a71a14f3609b617,train
fa7fa797c650,0,/content/aptos2019_raw/train_images/fa7fa797c650.png,PNG,RGB,1050,1050,950485,valid,,7ccba66fcb6f9c118416027156b90fe39e56a4b82b8cc5027a65c437be8b8ed7,train
fa9bece586fc,0,/content/aptos2019_raw/train_images/fa9bece586fc.png,PNG,RGB,1958,2588,5088590,valid,,8f4237ec401bc8f8825a8778f236e8673386a6663c74490a726e45403bc4f586,test
fa9f1bc03f21,0,/content/aptos2019_raw/train_images/fa9f1bc03f21.png,PNG,RGB,1050,1050,1001243,valid,,a6d9f2ad3b4d9f84cb3fe7b4f67ce0ff3897eefd1b6af1999027b2cfad13f7ab,train
fac399455195,2,/content/aptos2019_raw/train_images/fac399455195.png,PNG,RGB,2588,3388,7192557,valid,,100754fbd97e0f7864d6c53feb2c824e1cc4e609b11a816e614c609ae232b564,validation
fb1b8771c70a,0,/content/aptos2019_raw/train_images/fb1b8771c70a.png,PNG,RGB,1050,1050,998778,valid,,a35f3a736e35e39e4c61c83f03a5e5775dc053ed808ff738a4c6cf3501e478b8,validation
fb61230b99dd,3,/content/aptos2019_raw/train_images/fb61230b99dd.png,PNG,RGB,1226,1844,851009,valid,,82e975e9c2c38d15210d17d95f5ac8968c14beaeb9f0ce957fb943acb4bdfd00,train
fb696a8e055a,4,/content/aptos2019_raw/train_images/fb696a8e055a.png,PNG,RGB,1226,1844,1008636,valid,,2b758226e117d429ec29a1d3b85bb9f1ba1c2e7ad6c8ecbdb892b2b904d6c685,train
fb6b8200b7f8,1,/content/aptos2019_raw/train_images/fb6b8200b7f8.png,PNG,RGB,1736,2416,1973251,valid,,9712674ddb69cf56a8f909f77fb6bbe7d8bd55f0c086eb555afb4c8793ef1791,train
fb767cea406c,0,/content/aptos2019_raw/train_images/fb767cea406c.png,PNG,RGB,614,819,303044,valid,,cc1b11a9d7f209e417c1082e699047a41d0ab07e34c6c779d9465bbf4360d2cc,train
fb88783de055,0,/content/aptos2019_raw/train_images/fb88783de055.png,PNG,RGB,1050,1050,1046784,valid,,526945085385d37bd118f6ccd28ea341756ad282d1a479a9b3e0b55bda54f3c8,train
fb88d23fc5fe,0,/content/aptos2019_raw/train_images/fb88d23fc5fe.png,PNG,RGB,1050,1050,1007200,valid,,8bbe8a209dead931ac76c4dd7cdb44cba8a1c991a697c87060e7796016c0c29f,test
fba493e17448,2,/content/aptos2019_raw/train_images/fba493e17448.png,PNG,RGB,1736,2416,2544034,valid,,21d81078bb0de8473eba284ed9e05b5dd0d37ec43fac0b4cce75721339a929a6,train
fbcbc81cf9be,0,/content/aptos2019_raw/train_images/fbcbc81cf9be.png,PNG,RGB,1050,1050,1013032,valid,,a1c54c5b53232575928b0bccb4055b03075f605bbc9de388f12e907bf864006d,train
fbdc796290d4,0,/content/aptos2019_raw/train_images/fbdc796290d4.png,PNG,RGB,1050,1050,951276,valid,,f1cb8dbd40689f77548636237d29713fb4063d82eabb4e3b7627974c3fa0f83d,train
fbfa925506f6,0,/content/aptos2019_raw/train_images/fbfa925506f6.png,PNG,RGB,614,819,306271,valid,,d83e9f531d390493fcbca2ccc5abb25dca00f1515939c000d7af91f206d80424,train
fc1b1841eadf,2,/content/aptos2019_raw/train_images/fc1b1841eadf.png,PNG,RGB,2136,3216,2310878,valid,,dc7d57168ad37b9a4902814ac3b337ee6009594c3858244a094528c61c27bc71,validation
fc4c2d35c6f8,2,/content/aptos2019_raw/train_images/fc4c2d35c6f8.png,PNG,RGB,2136,3216,3169334,valid,,163c50ed4b85e3fa732e7d4fce4f1a27fe3fb83c6503519e78a44143630dbfcc,test
fc4d69128e7c,2,/content/aptos2019_raw/train_images/fc4d69128e7c.png,PNG,RGB,1958,2588,5532611,valid,,5a2fa376bae12d1d529272b62aff87036b459bfc3b6fde98c972bdb03b9b653c,train
fc603cbedb41,2,/content/aptos2019_raw/train_images/fc603cbedb41.png,PNG,RGB,2136,3216,2379328,valid,,c612b3f15bafbf0800cc529142986142ff5fd46e4c44a84e350abd9435751cf3,train
fc782722a50c,0,/content/aptos2019_raw/train_images/fc782722a50c.png,PNG,RGB,1050,1050,1073827,valid,,66e5440a58b48ff49b9c287609d2d03b73bf642a0aac143c8c5444d62fd80294,train
fc898dfeb24f,0,/content/aptos2019_raw/train_images/fc898dfeb24f.png,PNG,RGB,1536,2048,1918751,valid,,8e6742a4bf5618825df0e7e6a35d7670e65c30adebfb7536eff6d916849f01b6,train
fc8fce67fbf8,0,/content/aptos2019_raw/train_images/fc8fce67fbf8.png,PNG,RGB,1536,2048,1924944,valid,,2b9711390fdea479b8f5d737293fd341a7be59ca286ac0839f9ee9c8f74cf9d0,train
fca1a8738b8a,0,/content/aptos2019_raw/train_images/fca1a8738b8a.png,PNG,RGB,1050,1050,944966,valid,,1952f25cc2d79aebadc18698657f3c1786cd3a6425604858276e41621bfcf343,train
fca931da5c5e,1,/content/aptos2019_raw/train_images/fca931da5c5e.png,PNG,RGB,1736,2416,2316432,valid,,a5ae96382a3711f0307ccb48bd3538b04b711d14e5a4bd8dbc396780e2a35638,train
fcc32dffd24d,0,/content/aptos2019_raw/train_images/fcc32dffd24d.png,PNG,RGB,1958,2588,5780020,valid,,e77e0d3179328a87f44d52e25f572af88d876d1f5f78c8b1170ee7ae55469da9,validation
fcc55ae641ae,2,/content/aptos2019_raw/train_images/fcc55ae641ae.png,PNG,RGB,2588,3388,7201178,valid,,50f9b14523d289f336090c80746394866e0d073fd005291d37e8028ae7d02d67,train
fce73678f650,0,/content/aptos2019_raw/train_images/fce73678f650.png,PNG,RGB,1050,1050,849688,valid,,6b0da1235e26d6115ec5217e07c0a5565fea7c0365de592c0e832e3a76e0b1d5,test
fce93caa4758,4,/content/aptos2019_raw/train_images/fce93caa4758.png,PNG,RGB,1736,2416,2241041,valid,,f6725cb4afdc3a5360cffa7f29c90c2bb1d977b04d104e3db8ea9cd10d9c1c4f,test
fd079d2e93a2,0,/content/aptos2019_raw/train_images/fd079d2e93a2.png,PNG,RGB,1050,1050,1049669,valid,,2455f07ffcf961ed9bbbce21e69dbba9640020797c457a8be6c65fafb192ac01,train
fd0a70082e7c,0,/content/aptos2019_raw/train_images/fd0a70082e7c.png,PNG,RGB,1050,1050,1098252,valid,,f3a42de318e0e13a8a0834cfcc40aec30babe3d5a796bcea1e9b2dfaecc486a2,train
fd48cf452e9d,2,/content/aptos2019_raw/train_images/fd48cf452e9d.png,PNG,RGB,1958,2588,5301395,valid,,285aa356eb35c26d68fc03d739be09714f3441dfdde472b81937ef3e82cec544,train
fd4c946c52bf,0,/content/aptos2019_raw/train_images/fd4c946c52bf.png,PNG,RGB,1050,1050,1011721,valid,,da219bb0f78b83898d7bda1e363898b9280d8f8c6eae4171f02ca3a909e3bd5b,train
fd62bd0db4f1,1,/content/aptos2019_raw/train_images/fd62bd0db4f1.png,PNG,RGB,1958,2588,5385218,valid,,86eff5f046c2209ab4045026db8553e1b92a77dcc505bbd4ba955acab7c55d94,train
fd87b6b2e664,0,/content/aptos2019_raw/train_images/fd87b6b2e664.png,PNG,RGB,1050,1050,1015523,valid,,c6a2a25e9907270d8c59c9d02a473c1e3a9818e44f9e52f5f7dd0b85aeec5598,train
fdbc252813b1,0,/content/aptos2019_raw/train_images/fdbc252813b1.png,PNG,RGB,614,819,288199,valid,,b2443cff84e9ae689b3767a5cb799377d6d664f14891bf3ad10aa4834b7d7dc3,train
fdc685055659,0,/content/aptos2019_raw/train_images/fdc685055659.png,PNG,RGB,1050,1050,1019135,valid,,81399469871eb6ca3b3c800c0559665aa228790e0b5861f28ccfe82fa6459292,train
fdd18ccbbdc5,1,/content/aptos2019_raw/train_images/fdd18ccbbdc5.png,PNG,RGB,1736,2416,1976889,valid,,96fb99cf6f8fdd970ed5a25046e0eb44b8d71ec1a30833496c7c105f1fde7b3b,validation
fdd534271f3d,4,/content/aptos2019_raw/train_images/fdd534271f3d.png,PNG,RGB,1736,2416,2245735,valid,,866e339b815081765e840cf32e7c9e01e061d4019b2d58daccc548c5c8742105,train
fe06dad6851c,0,/content/aptos2019_raw/train_images/fe06dad6851c.png,PNG,RGB,1536,2048,1871036,valid,,aca53e19026343c742bdf86ff75704cfc3160d1d781f93cc599a644f35bc5877,train
fe0e2dee1834,0,/content/aptos2019_raw/train_images/fe0e2dee1834.png,PNG,RGB,1536,2048,1921080,valid,,7eda838982d37694df1d55d90551bf48becfe002e7e2a8c7863fc31b605fbcca,validation
fe2df69676cf,1,/content/aptos2019_raw/train_images/fe2df69676cf.png,PNG,RGB,1226,1844,987228,valid,,ae55d6c2971c41ddf7d43d11ec9bcc3021f6d654343dd817a108a1cbfe591158,train
fe37f4492920,2,/content/aptos2019_raw/train_images/fe37f4492920.png,PNG,RGB,1736,2416,2241401,valid,,da9fcd0dde7c5f50d04b1f024a35469c829c175a7157defd844aacb0e77cea24,train
fe3b0e50be78,0,/content/aptos2019_raw/train_images/fe3b0e50be78.png,PNG,RGB,614,819,342982,valid,,e5d956cc72fe54b871b8d003cee3f89f2b3bad1025471d54ef51ecd93814ffe6,train
fe3f62695b2d,0,/content/aptos2019_raw/train_images/fe3f62695b2d.png,PNG,RGB,1050,1050,972102,valid,,af1f4c194fe2335a0731f5c28b9e7638542623fcfc96b8220591b87343ee98e8,train
fe674c2f73f5,1,/content/aptos2019_raw/train_images/fe674c2f73f5.png,PNG,RGB,1736,2416,1996239,valid,,cf7af38372702cb434f32ba0493cf9840dda65376544e5dfbad2d1c17546b8f4,train
fea14b3d44b0,1,/content/aptos2019_raw/train_images/fea14b3d44b0.png,PNG,RGB,1736,2416,1884614,valid,,84f0bacc3c6989e359edee5399a490129ffb0c6657d91443e92d2a73a8575242,train
febfb20dc311,0,/content/aptos2019_raw/train_images/febfb20dc311.png,PNG,RGB,1050,1050,1005004,valid,,edfb9baab45c6760ef56ab42ec2985d8dddf81b92f6f532e911961f24aa91fe0,train
fecf4c5ae84b,1,/content/aptos2019_raw/train_images/fecf4c5ae84b.png,PNG,RGB,1736,2416,1704075,valid,,661a6c733d029c5542a0fb6ef6fc8f257a0051e78557e0a410134816aa9d7b97,train
fed5bb685832,0,/content/aptos2019_raw/train_images/fed5bb685832.png,PNG,RGB,1050,1050,1033170,valid,,7317f0ee7d22383ac550f5d905fa9906170d5926c1421f9a74454a8afe92440b,validation
fefded6bf135,0,/content/aptos2019_raw/train_images/fefded6bf135.png,PNG,RGB,1958,2588,5164299,valid,,1d5da658d74451094e54b0bcd2246a1aa9bffa4a7245bcd0b51e16232f0d12b4,train
ff03f74667df,0,/content/aptos2019_raw/train_images/ff03f74667df.png,PNG,RGB,1536,2048,1910238,valid,,3bd5065585c74ba4abb3ba1fd5262aadccd0628476293fe34ae46041cc323141,test
ff0740cb484a,2,/content/aptos2019_raw/train_images/ff0740cb484a.png,PNG,RGB,1000,1504,1332868,valid,,03b10523cb34aeec76e76d5d264f49d7fe9cb170913bac58c3c6e1cbba690703,train
ff1e940105f9,0,/content/aptos2019_raw/train_images/ff1e940105f9.png,PNG,RGB,1050,1050,949217,valid,,c3de398ba4d25eb024fded9d4cea2407b2f6cc060857f420fec39c064e6f20d4,train
ff344e5c9341,2,/content/aptos2019_raw/train_images/ff344e5c9341.png,PNG,RGB,2136,3216,2250953,valid,,8c97bbea9143c17d6f25c35c9a07e12537cbd7db69db99cc7f801744fbb6f8a3,validation
ff4832d55461,0,/content/aptos2019_raw/train_images/ff4832d55461.png,PNG,RGB,1536,2048,1804739,valid,,26b6a91366384763ac8abb1edcbd627334f11ef723790db035050af17e5dbb06,train
ff4955e76894,0,/content/aptos2019_raw/train_images/ff4955e76894.png,PNG,RGB,1736,2416,2333015,valid,,445f028ef70bb03b3b9520fd79cf452fdc3ad4a18b9f3b9c4233af7f3c1763e1,train
ff4cd992667b,0,/content/aptos2019_raw/train_images/ff4cd992667b.png,PNG,RGB,1958,2588,5348220,valid,,cc98539a60ca9cddf8d15be049ef9900514bacfe3ca978ba3bb4a196dff4520f,validation
ff52392372d3,2,/content/aptos2019_raw/train_images/ff52392372d3.png,PNG,RGB,1000,1504,1267488,valid,,1494927ddc764aa274a0db2eba99a32d2f0d9d9c6b7530a3b4ce265f19ed4e60,train
ff59d44a70a7,0,/content/aptos2019_raw/train_images/ff59d44a70a7.png,PNG,RGB,1050,1050,1049612,valid,,4a64da14616ca334c125bde984a193bdf78ebb0fa982fe4efd9529901801ff8f,train
ff631653374e,0,/content/aptos2019_raw/train_images/ff631653374e.png,PNG,RGB,1050,1050,970569,valid,,abc0768042db24b93e344d51f0be6885d26adf355e62b8022ba014cef4e8a01a,train
ff77e8e5b5f3,2,/content/aptos2019_raw/train_images/ff77e8e5b5f3.png,PNG,RGB,1736,2416,2018641,valid,,6048ede3af0d215163efff34dcd4f34fd8a1d8dee7d8030b60a6231163ecade3,test
ff8a0b45c789,4,/content/aptos2019_raw/train_images/ff8a0b45c789.png,PNG,RGB,1226,1844,892620,valid,,e26cb10529043c7b14a04c037b3f3864495923cfd41ca651f37508df596fd199,train
ffa47f6a7bf4,2,/content/aptos2019_raw/train_images/ffa47f6a7bf4.png,PNG,RGB,2588,3388,4018809,valid,,ea83bb3457bd7bcd5300c18d6a71956307b1b3774257e5f61a9fa62ef6b48639,test
ffc04fed30e6,0,/content/aptos2019_raw/train_images/ffc04fed30e6.png,PNG,RGB,1536,2048,1705204,valid,,7725246057ce34f43e6bd1f17193811e0b24f01d57b36abda1f233fe77d9cafc,test
ffcf7b45f213,2,/content/aptos2019_raw/train_images/ffcf7b45f213.png,PNG,RGB,2136,3216,2528117,valid,,c7892809b8dcd7b417af30fc6e0bb20bab4ce0d18d1f0b102dc75f84be304d26,train
ffd97f8cd5aa,0,/content/aptos2019_raw/train_images/ffd97f8cd5aa.png,PNG,RGB,1050,1050,1012109,valid,,6e068d0bcb8661bfe4af9e4155f7f7ea3385eb0c872401ee72921da838566dc2,train
ffec9a18a3ce,2,/content/aptos2019_raw/train_images/ffec9a18a3ce.png,PNG,RGB,1958,2588,4842826,valid,,5c7e987a3cc1ee4e477b8676deb2a06901d200db958dfe11b523229e6039e516,train
